CustomerID,Recency,Frequency,Monetary,AveragePurchaseValue,CLV_Proxy,Cluster,FinalCluster,Segment
12346.0,326,1,77183.6,77183.6,77183.6,0,1,At-Risk / Low-Engagement Customers
12347.0,2,182,4310.0,23.681318681318682,4310.0,0,0,High-Value Active Customers
12348.0,75,31,1797.24,57.97548387096774,1797.24,0,1,At-Risk / Low-Engagement Customers
12349.0,19,73,1757.55,24.076027397260273,1757.55,0,0,High-Value Active Customers
12350.0,310,17,334.4,19.670588235294115,334.4,0,1,At-Risk / Low-Engagement Customers
12352.0,36,85,2506.04,29.482823529411764,2506.04,0,0,High-Value Active Customers
12353.0,204,4,89.0,22.25,89.0,0,1,At-Risk / Low-Engagement Customers
12354.0,232,58,1079.4,18.610344827586207,1079.4,0,1,At-Risk / Low-Engagement Customers
12355.0,214,13,459.4,35.33846153846154,459.4,0,1,At-Risk / Low-Engagement Customers
12356.0,23,59,2811.43,47.65135593220339,2811.43,0,0,High-Value Active Customers
12357.0,33,131,6207.67,47.38679389312977,6207.67,0,0,High-Value Active Customers
12358.0,2,19,1168.06,61.47684210526315,1168.06,0,0,High-Value Active Customers
12359.0,58,244,6301.63,25.826352459016395,6301.63,0,0,High-Value Active Customers
12360.0,52,129,2662.06,20.63612403100775,2662.06,0,0,High-Value Active Customers
12361.0,287,10,189.9,18.990000000000002,189.9,0,1,At-Risk / Low-Engagement Customers
12362.0,3,266,5226.23,19.647481203007516,5226.23,0,0,High-Value Active Customers
12363.0,110,23,552.0,24.0,552.0,0,1,At-Risk / Low-Engagement Customers
12364.0,8,85,1313.1,15.448235294117646,1313.1,0,0,High-Value Active Customers
12365.0,291,22,641.38,29.153636363636362,641.38,0,1,At-Risk / Low-Engagement Customers
12367.0,4,11,168.9,15.354545454545455,168.9,0,1,At-Risk / Low-Engagement Customers
12370.0,51,166,3541.94,21.33698795180723,3541.94,0,0,High-Value Active Customers
12371.0,45,63,1887.96,29.96761904761905,1887.96,0,0,High-Value Active Customers
12372.0,72,52,1298.04,24.962307692307693,1298.04,0,0,High-Value Active Customers
12373.0,311,14,364.6,26.042857142857144,364.6,0,1,At-Risk / Low-Engagement Customers
12374.0,25,33,742.9300000000001,22.513030303030305,742.9300000000001,0,1,At-Risk / Low-Engagement Customers
12375.0,11,17,457.5,26.91176470588235,457.5,0,1,At-Risk / Low-Engagement Customers
12377.0,315,77,1628.12,21.144415584415583,1628.12,0,1,At-Risk / Low-Engagement Customers
12378.0,130,219,4008.62,18.30420091324201,4008.62,0,0,High-Value Active Customers
12379.0,82,40,852.24,21.306,852.24,0,1,At-Risk / Low-Engagement Customers
12380.0,22,104,2724.81,26.200096153846154,2724.81,0,0,High-Value Active Customers
12381.0,5,87,1845.31,21.21045977011494,1845.31,0,0,High-Value Active Customers
12383.0,185,99,1850.56,18.69252525252525,1850.56,0,0,High-Value Active Customers
12384.0,29,27,585.27,21.676666666666666,585.27,0,1,At-Risk / Low-Engagement Customers
12386.0,338,10,401.9,40.19,401.9,0,1,At-Risk / Low-Engagement Customers
12388.0,16,100,2780.66,27.8066,2780.66,0,0,High-Value Active Customers
12390.0,80,32,549.84,17.1825,549.84,0,1,At-Risk / Low-Engagement Customers
12391.0,22,93,439.66,4.72752688172043,439.66,0,0,High-Value Active Customers
12393.0,72,64,1582.6000000000001,24.728125000000002,1582.6000000000001,0,0,High-Value Active Customers
12394.0,64,27,1272.48,47.12888888888889,1272.48,0,1,At-Risk / Low-Engagement Customers
12395.0,19,156,3018.63,19.350192307692307,3018.63,0,0,High-Value Active Customers
12397.0,36,126,2409.9,19.126190476190477,2409.9,0,0,High-Value Active Customers
12398.0,46,85,1635.6599999999999,19.24305882352941,1635.6599999999999,0,0,High-Value Active Customers
12399.0,119,59,1108.65,18.790677966101697,1108.65,0,1,At-Risk / Low-Engagement Customers
12401.0,303,5,84.3,16.86,84.3,0,1,At-Risk / Low-Engagement Customers
12402.0,323,11,225.6,20.509090909090908,225.6,0,1,At-Risk / Low-Engagement Customers
12403.0,50,5,427.7,85.53999999999999,427.7,0,1,At-Risk / Low-Engagement Customers
12405.0,149,54,1710.39,31.67388888888889,1710.39,0,1,At-Risk / Low-Engagement Customers
12406.0,22,105,3415.3,32.52666666666667,3415.3,0,0,High-Value Active Customers
12407.0,50,77,1708.1200000000001,22.183376623376624,1708.1200000000001,0,0,High-Value Active Customers
12408.0,33,105,2888.55,27.51,2888.55,0,0,High-Value Active Customers
12409.0,79,109,11072.67,101.58412844036697,11072.67,0,0,High-Value Active Customers
12410.0,309,26,693.3299999999999,26.666538461538458,693.3299999999999,0,1,At-Risk / Low-Engagement Customers
12412.0,75,61,1226.88,20.112786885245903,1226.88,0,0,High-Value Active Customers
12413.0,67,38,758.1,19.95,758.1,0,1,At-Risk / Low-Engagement Customers
12414.0,217,18,562.41,31.244999999999997,562.41,0,1,At-Risk / Low-Engagement Customers
12415.0,24,714,124914.53,174.95032212885152,124914.53,1,0,High-Value Active Customers
12417.0,3,192,3649.1,19.005729166666665,3649.1,0,0,High-Value Active Customers
12418.0,113,34,668.58,19.664117647058823,668.58,0,1,At-Risk / Low-Engagement Customers
12420.0,64,29,600.39,20.70310344827586,600.39,0,1,At-Risk / Low-Engagement Customers
12421.0,16,45,807.04,17.93422222222222,807.04,0,0,High-Value Active Customers
12422.0,96,39,803.5600000000001,20.604102564102565,803.5600000000001,0,1,At-Risk / Low-Engagement Customers
12423.0,1,125,1859.31,14.87448,1859.31,0,0,High-Value Active Customers
12424.0,163,30,1760.96,58.69866666666667,1760.96,0,1,At-Risk / Low-Engagement Customers
12425.0,78,36,777.2,21.58888888888889,777.2,0,1,At-Risk / Low-Engagement Customers
12426.0,195,30,582.73,19.424333333333333,582.73,0,1,At-Risk / Low-Engagement Customers
12427.0,22,31,825.8,26.638709677419353,825.8,0,0,High-Value Active Customers
12428.0,26,294,7956.46,27.062789115646257,7956.46,0,0,High-Value Active Customers
12429.0,9,97,3750.4,38.66391752577319,3750.4,0,0,High-Value Active Customers
12430.0,43,11,256.4,23.30909090909091,256.4,0,1,At-Risk / Low-Engagement Customers
12431.0,36,234,6419.95,27.43568376068376,6419.95,0,0,High-Value Active Customers
12432.0,43,108,5059.32,46.845555555555556,5059.32,0,0,High-Value Active Customers
12433.0,1,420,13375.87,31.847309523809525,13375.87,0,0,High-Value Active Customers
12434.0,85,50,806.14,16.122799999999998,806.14,0,1,At-Risk / Low-Engagement Customers
12435.0,80,36,7829.89,217.49694444444447,7829.89,0,0,High-Value Active Customers
12436.0,100,16,509.01,31.813125,509.01,0,1,At-Risk / Low-Engagement Customers
12437.0,2,199,4951.41,24.88145728643216,4951.41,0,0,High-Value Active Customers
12438.0,14,98,2906.85,29.66173469387755,2906.85,0,0,High-Value Active Customers
12441.0,367,11,173.55,15.77727272727273,173.55,0,1,At-Risk / Low-Engagement Customers
12442.0,3,12,172.06,14.338333333333333,172.06,0,1,At-Risk / Low-Engagement Customers
12444.0,21,176,5005.46,28.440113636363638,5005.46,0,0,High-Value Active Customers
12445.0,22,4,133.4,33.35,133.4,0,1,At-Risk / Low-Engagement Customers
12446.0,58,57,1002.3100000000001,17.584385964912283,1002.3100000000001,0,0,High-Value Active Customers
12447.0,243,26,476.49,18.326538461538462,476.49,0,1,At-Risk / Low-Engagement Customers
12448.0,44,22,449.45,20.429545454545455,449.45,0,1,At-Risk / Low-Engagement Customers
12449.0,22,191,4067.29,21.294712041884818,4067.29,0,0,High-Value Active Customers
12450.0,156,8,197.88,24.735,197.88,0,1,At-Risk / Low-Engagement Customers
12451.0,11,354,9035.52,25.524067796610172,9035.52,0,0,High-Value Active Customers
12452.0,17,22,430.57,19.571363636363635,430.57,0,1,At-Risk / Low-Engagement Customers
12453.0,134,43,707.09,16.443953488372095,707.09,0,1,At-Risk / Low-Engagement Customers
12454.0,56,15,3528.34,235.22266666666667,3528.34,0,0,High-Value Active Customers
12455.0,73,90,2466.86,27.409555555555556,2466.86,0,0,High-Value Active Customers
12456.0,44,125,3181.04,25.44832,3181.04,0,0,High-Value Active Customers
12457.0,66,62,2363.23,38.11661290322581,2363.23,0,0,High-Value Active Customers
12458.0,71,38,947.4,24.931578947368422,947.4,0,1,At-Risk / Low-Engagement Customers
12461.0,94,35,826.88,23.62514285714286,826.88,0,1,At-Risk / Low-Engagement Customers
12462.0,19,62,1189.59,19.186935483870965,1189.59,0,0,High-Value Active Customers
12463.0,53,83,1344.78,16.202168674698793,1344.78,0,0,High-Value Active Customers
12464.0,10,29,1212.05,41.79482758620689,1212.05,0,0,High-Value Active Customers
12465.0,17,47,742.1899999999999,15.79127659574468,742.1899999999999,0,0,High-Value Active Customers
12468.0,188,38,729.5400000000001,19.19842105263158,729.5400000000001,0,1,At-Risk / Low-Engagement Customers
12471.0,2,459,19788.65,43.11252723311547,19788.65,0,0,High-Value Active Customers
12472.0,32,339,6572.11,19.386755162241887,6572.11,0,0,High-Value Active Customers
12473.0,29,167,3928.0499999999997,23.52125748502994,3928.0499999999997,0,0,High-Value Active Customers
12474.0,17,422,7324.09,17.355663507109004,7324.09,0,0,High-Value Active Customers
12475.0,54,36,723.38,20.093888888888888,723.38,0,1,At-Risk / Low-Engagement Customers
12476.0,16,233,6816.42,29.255021459227468,6816.42,0,0,High-Value Active Customers
12477.0,23,300,13219.74,44.065799999999996,13219.74,0,0,High-Value Active Customers
12478.0,4,36,680.99,18.91638888888889,680.99,0,0,High-Value Active Customers
12479.0,11,31,527.2,17.006451612903227,527.2,0,0,High-Value Active Customers
12480.0,28,154,3281.63,21.309285714285714,3281.63,0,0,High-Value Active Customers
12481.0,23,216,5579.82,25.8325,5579.82,0,0,High-Value Active Customers
12483.0,17,75,2484.98,33.133066666666664,2484.98,0,0,High-Value Active Customers
12484.0,33,343,4527.32,13.199183673469387,4527.32,0,0,High-Value Active Customers
12488.0,10,55,1298.66,23.612000000000002,1298.66,0,0,High-Value Active Customers
12489.0,336,15,334.93,22.328666666666667,334.93,0,1,At-Risk / Low-Engagement Customers
12490.0,5,245,5417.93,22.114,5417.93,0,0,High-Value Active Customers
12491.0,39,26,460.40000000000003,17.70769230769231,460.40000000000003,0,1,At-Risk / Low-Engagement Customers
12492.0,63,20,263.21000000000004,13.160500000000003,263.21000000000004,0,1,At-Risk / Low-Engagement Customers
12493.0,166,22,433.74,19.715454545454545,433.74,0,1,At-Risk / Low-Engagement Customers
12494.0,16,77,1246.1000000000001,16.183116883116885,1246.1000000000001,0,0,High-Value Active Customers
12497.0,82,14,1043.1,74.50714285714285,1043.1,0,1,At-Risk / Low-Engagement Customers
12498.0,21,23,403.70000000000005,17.55217391304348,403.70000000000005,0,1,At-Risk / Low-Engagement Customers
12500.0,23,61,4257.82,69.80032786885245,4257.82,0,0,High-Value Active Customers
12501.0,337,149,2169.39,14.559664429530201,2169.39,0,0,High-Value Active Customers
12502.0,96,147,3723.87,25.332448979591835,3723.87,0,0,High-Value Active Customers
12504.0,18,9,482.04999999999995,53.5611111111111,482.04999999999995,0,1,At-Risk / Low-Engagement Customers
12506.0,233,23,73.5,3.1956521739130435,73.5,0,1,At-Risk / Low-Engagement Customers
12507.0,134,21,1304.81,62.13380952380952,1304.81,0,1,At-Risk / Low-Engagement Customers
12508.0,26,68,397.88,5.851176470588236,397.88,0,0,High-Value Active Customers
12509.0,284,7,176.5,25.214285714285715,176.5,0,1,At-Risk / Low-Engagement Customers
12510.0,143,33,982.5699999999999,29.774848484848484,982.5699999999999,0,1,At-Risk / Low-Engagement Customers
12512.0,66,31,132.18,4.263870967741935,132.18,0,1,At-Risk / Low-Engagement Customers
12513.0,113,35,612.29,17.494,612.29,0,1,At-Risk / Low-Engagement Customers
12514.0,267,51,1017.68,19.954509803921567,1017.68,0,1,At-Risk / Low-Engagement Customers
12515.0,353,16,383.7,23.98125,383.7,0,1,At-Risk / Low-Engagement Customers
12516.0,78,26,1312.06,50.46384615384615,1312.06,0,1,At-Risk / Low-Engagement Customers
12517.0,28,279,2481.6,8.894623655913978,2481.6,0,0,High-Value Active Customers
12518.0,1,124,2056.89,16.58782258064516,2056.89,0,0,High-Value Active Customers
12519.0,64,17,330.84,19.461176470588235,330.84,0,1,At-Risk / Low-Engagement Customers
12520.0,79,152,2634.26,17.330657894736845,2634.26,0,0,High-Value Active Customers
12521.0,143,38,599.68,15.781052631578946,599.68,0,1,At-Risk / Low-Engagement Customers
12522.0,39,12,192.72,16.06,192.72,0,1,At-Risk / Low-Engagement Customers
12523.0,19,106,1789.77,16.884622641509434,1789.77,0,0,High-Value Active Customers
12524.0,9,144,4485.72,31.150833333333335,4485.72,0,0,High-Value Active Customers
12526.0,1,71,1316.66,18.54450704225352,1316.66,0,0,High-Value Active Customers
12527.0,82,18,348.71000000000004,19.37277777777778,348.71000000000004,0,1,At-Risk / Low-Engagement Customers
12528.0,9,92,1933.48,21.01608695652174,1933.48,0,0,High-Value Active Customers
12530.0,60,66,1662.28,25.186060606060607,1662.28,0,0,High-Value Active Customers
12531.0,15,17,125.22,7.365882352941177,125.22,0,1,At-Risk / Low-Engagement Customers
12532.0,30,16,349.83000000000004,21.864375000000003,349.83000000000004,0,1,At-Risk / Low-Engagement Customers
12534.0,131,63,1089.18,17.28857142857143,1089.18,0,1,At-Risk / Low-Engagement Customers
12535.0,92,34,716.35,21.069117647058825,716.35,0,1,At-Risk / Low-Engagement Customers
12536.0,43,261,12601.830000000002,48.282873563218395,12601.830000000002,0,0,High-Value Active Customers
12538.0,29,21,363.95,17.33095238095238,363.95,0,1,At-Risk / Low-Engagement Customers
12539.0,22,273,5568.35,20.396886446886448,5568.35,0,0,High-Value Active Customers
12540.0,20,478,13400.24,28.03397489539749,13400.24,0,0,High-Value Active Customers
12541.0,30,52,981.18,18.868846153846153,981.18,0,0,High-Value Active Customers
12544.0,36,19,372.7,19.61578947368421,372.7,0,1,At-Risk / Low-Engagement Customers
12545.0,75,50,1000.39,20.0078,1000.39,0,1,At-Risk / Low-Engagement Customers
12546.0,47,69,1161.5,16.833333333333332,1161.5,0,0,High-Value Active Customers
12547.0,198,8,207.79999999999998,25.974999999999998,207.79999999999998,0,1,At-Risk / Low-Engagement Customers
12548.0,166,5,95.19999999999999,19.04,95.19999999999999,0,1,At-Risk / Low-Engagement Customers
12550.0,79,57,964.83,16.92684210526316,964.83,0,1,At-Risk / Low-Engagement Customers
12551.0,358,10,168.0,16.8,168.0,0,1,At-Risk / Low-Engagement Customers
12552.0,39,20,437.82,21.891,437.82,0,1,At-Risk / Low-Engagement Customers
12553.0,8,191,3692.28,19.33130890052356,3692.28,0,0,High-Value Active Customers
12556.0,50,119,599.56,5.038319327731092,599.56,0,0,High-Value Active Customers
12557.0,16,33,11990.960000000001,363.36242424242425,11990.960000000001,0,0,High-Value Active Customers
12558.0,8,11,269.96,24.54181818181818,269.96,0,1,At-Risk / Low-Engagement Customers
12559.0,311,21,561.71,26.74809523809524,561.71,0,1,At-Risk / Low-Engagement Customers
12560.0,5,105,2134.01,20.323904761904764,2134.01,0,0,High-Value Active Customers
12561.0,303,16,238.85,14.928125,238.85,0,1,At-Risk / Low-Engagement Customers
12562.0,8,168,3781.7400000000002,22.510357142857146,3781.7400000000002,0,0,High-Value Active Customers
12564.0,261,21,456.9,21.757142857142856,456.9,0,1,At-Risk / Low-Engagement Customers
12565.0,289,9,145.92,16.21333333333333,145.92,0,1,At-Risk / Low-Engagement Customers
12566.0,86,19,351.65,18.507894736842104,351.65,0,1,At-Risk / Low-Engagement Customers
12567.0,23,446,9401.28,21.079103139013455,9401.28,0,0,High-Value Active Customers
12569.0,2,187,4106.69,21.960909090909087,4106.69,0,0,High-Value Active Customers
12571.0,40,34,519.61,15.28264705882353,519.61,0,1,At-Risk / Low-Engagement Customers
12572.0,9,60,1020.42,17.006999999999998,1020.42,0,0,High-Value Active Customers
12573.0,227,28,160.54000000000002,5.733571428571429,160.54000000000002,0,1,At-Risk / Low-Engagement Customers
12574.0,316,11,218.45,19.85909090909091,218.45,0,1,At-Risk / Low-Engagement Customers
12576.0,36,88,1315.83,14.952613636363635,1315.83,0,0,High-Value Active Customers
12577.0,35,146,626.6,4.291780821917809,626.6,0,0,High-Value Active Customers
12578.0,21,114,2794.51,24.51324561403509,2794.51,0,0,High-Value Active Customers
12579.0,78,29,440.42,15.18689655172414,440.42,0,1,At-Risk / Low-Engagement Customers
12580.0,247,24,415.7,17.320833333333333,415.7,0,1,At-Risk / Low-Engagement Customers
12581.0,40,15,197.71,13.180666666666667,197.71,0,1,At-Risk / Low-Engagement Customers
12582.0,239,22,511.36,23.243636363636366,511.36,0,1,At-Risk / Low-Engagement Customers
12583.0,3,247,7281.38,29.47927125506073,7281.38,0,0,High-Value Active Customers
12584.0,4,96,2338.15,24.355729166666666,2338.15,0,0,High-Value Active Customers
12585.0,234,87,2040.1,23.44942528735632,2040.1,0,0,High-Value Active Customers
12586.0,17,11,196.94000000000003,17.903636363636366,196.94000000000003,0,1,At-Risk / Low-Engagement Customers
12587.0,8,4,144.0,36.0,144.0,0,1,At-Risk / Low-Engagement Customers
12588.0,39,10,214.89999999999998,21.49,214.89999999999998,0,1,At-Risk / Low-Engagement Customers
12589.0,29,35,646.68,18.47657142857143,646.68,0,1,At-Risk / Low-Engagement Customers
12590.0,211,68,9864.26,145.06264705882353,9864.26,0,0,High-Value Active Customers
12591.0,317,26,452.84999999999997,17.41730769230769,452.84999999999997,0,1,At-Risk / Low-Engagement Customers
12592.0,92,18,437.6,24.311111111111114,437.6,0,1,At-Risk / Low-Engagement Customers
12593.0,109,21,418.09999999999997,19.909523809523808,418.09999999999997,0,1,At-Risk / Low-Engagement Customers
12594.0,38,118,3338.2200000000003,28.290000000000003,3338.2200000000003,0,0,High-Value Active Customers
12596.0,51,27,618.27,22.898888888888887,618.27,0,1,At-Risk / Low-Engagement Customers
12597.0,19,206,3811.22,18.50106796116505,3811.22,0,0,High-Value Active Customers
12598.0,10,132,3023.08,22.902121212121212,3023.08,0,0,High-Value Active Customers
12599.0,29,62,1032.58,16.654516129032256,1032.58,0,0,High-Value Active Customers
12600.0,29,64,2599.04,40.61,2599.04,0,0,High-Value Active Customers
12601.0,190,28,577.0600000000001,20.609285714285715,577.0600000000001,0,1,At-Risk / Low-Engagement Customers
12602.0,59,12,153.12,12.76,153.12,0,1,At-Risk / Low-Engagement Customers
12603.0,22,2,739.1999999999999,369.59999999999997,739.1999999999999,0,1,At-Risk / Low-Engagement Customers
12604.0,79,16,254.18,15.88625,254.18,0,1,At-Risk / Low-Engagement Customers
12607.0,60,101,1579.51,15.63871287128713,1579.51,0,0,High-Value Active Customers
12609.0,78,60,1126.85,18.78083333333333,1126.85,0,0,High-Value Active Customers
12610.0,23,106,2099.54,19.80698113207547,2099.54,0,0,High-Value Active Customers
12611.0,52,65,1193.32,18.35876923076923,1193.32,0,0,High-Value Active Customers
12612.0,74,19,704.0400000000001,37.054736842105264,704.0400000000001,0,1,At-Risk / Low-Engagement Customers
12613.0,57,153,3344.38,21.858692810457516,3344.38,0,0,High-Value Active Customers
12614.0,278,20,315.6,15.780000000000001,315.6,0,1,At-Risk / Low-Engagement Customers
12615.0,2,105,2291.19,21.820857142857143,2291.19,0,0,High-Value Active Customers
12616.0,95,32,713.3,22.290625,713.3,0,1,At-Risk / Low-Engagement Customers
12617.0,29,41,352.98,8.609268292682927,352.98,0,1,At-Risk / Low-Engagement Customers
12618.0,22,11,177.31,16.11909090909091,177.31,0,1,At-Risk / Low-Engagement Customers
12619.0,16,90,3641.24,40.45822222222222,3641.24,0,0,High-Value Active Customers
12620.0,15,92,1339.41,14.558804347826088,1339.41,0,0,High-Value Active Customers
12621.0,2,467,13689.67,29.31406852248394,13689.67,0,0,High-Value Active Customers
12622.0,232,11,180.1,16.37272727272727,180.1,0,1,At-Risk / Low-Engagement Customers
12623.0,276,18,305.1,16.950000000000003,305.1,0,1,At-Risk / Low-Engagement Customers
12624.0,106,38,641.13,16.87184210526316,641.13,0,1,At-Risk / Low-Engagement Customers
12625.0,212,86,2683.82,31.207209302325584,2683.82,0,0,High-Value Active Customers
12626.0,23,294,6620.48,22.51863945578231,6620.48,0,0,High-Value Active Customers
12627.0,11,230,4478.53,19.47186956521739,4478.53,0,0,High-Value Active Customers
12628.0,4,41,786.46,19.181951219512197,786.46,0,0,High-Value Active Customers
12630.0,10,64,1270.88,19.8575,1270.88,0,0,High-Value Active Customers
12631.0,57,31,640.5,20.661290322580644,640.5,0,1,At-Risk / Low-Engagement Customers
12633.0,59,101,2163.98,21.425544554455445,2163.98,0,0,High-Value Active Customers
12635.0,90,101,1689.18,16.724554455445546,1689.18,0,0,High-Value Active Customers
12637.0,67,382,6002.9,15.714397905759162,6002.9,0,0,High-Value Active Customers
12638.0,33,39,671.69,17.222820512820515,671.69,0,1,At-Risk / Low-Engagement Customers
12639.0,239,22,486.1,22.095454545454547,486.1,0,1,At-Risk / Low-Engagement Customers
12640.0,24,53,1174.58,22.16188679245283,1174.58,0,0,High-Value Active Customers
12641.0,115,10,185.9,18.59,185.9,0,1,At-Risk / Low-Engagement Customers
12642.0,25,47,1013.26,21.558723404255318,1013.26,0,0,High-Value Active Customers
12643.0,128,24,3344.64,139.35999999999999,3344.64,0,1,At-Risk / Low-Engagement Customers
12644.0,130,31,477.91,15.416451612903227,477.91,0,1,At-Risk / Low-Engagement Customers
12645.0,34,73,1775.18,24.31753424657534,1775.18,0,0,High-Value Active Customers
12646.0,5,45,1346.97,29.932666666666666,1346.97,0,0,High-Value Active Customers
12647.0,22,121,3722.82,30.76710743801653,3722.82,0,0,High-Value Active Customers
12648.0,155,21,318.05,15.145238095238096,318.05,0,1,At-Risk / Low-Engagement Customers
12649.0,107,31,623.51,20.113225806451613,623.51,0,1,At-Risk / Low-Engagement Customers
12650.0,3,20,314.44,15.722,314.44,0,0,High-Value Active Customers
12651.0,335,9,114.0,12.666666666666666,114.0,0,1,At-Risk / Low-Engagement Customers
12652.0,331,48,919.98,19.16625,919.98,0,1,At-Risk / Low-Engagement Customers
12653.0,149,43,2209.85,51.391860465116274,2209.85,0,1,At-Risk / Low-Engagement Customers
12654.0,11,38,601.98,15.841578947368422,601.98,0,0,High-Value Active Customers
12656.0,17,126,4051.17,32.152142857142856,4051.17,0,0,High-Value Active Customers
12657.0,11,47,1643.18,34.961276595744685,1643.18,0,0,High-Value Active Customers
12658.0,19,36,686.05,19.056944444444444,686.05,0,0,High-Value Active Customers
12659.0,30,5,91.68,18.336000000000002,91.68,0,1,At-Risk / Low-Engagement Customers
12660.0,11,13,245.1,18.853846153846153,245.1,0,1,At-Risk / Low-Engagement Customers
12662.0,1,230,3849.78,16.73817391304348,3849.78,0,0,High-Value Active Customers
12664.0,8,37,4881.88,131.94270270270272,4881.88,0,0,High-Value Active Customers
12665.0,325,3,63.0,21.0,63.0,0,1,At-Risk / Low-Engagement Customers
12667.0,58,33,620.13,18.791818181818183,620.13,0,1,At-Risk / Low-Engagement Customers
12668.0,12,161,3807.15,23.64689440993789,3807.15,0,0,High-Value Active Customers
12669.0,151,101,2744.0299999999997,27.168613861386135,2744.0299999999997,0,0,High-Value Active Customers
12670.0,10,92,2996.05,32.56576086956522,2996.05,0,0,High-Value Active Customers
12672.0,330,10,225.89999999999998,22.589999999999996,225.89999999999998,0,1,At-Risk / Low-Engagement Customers
12673.0,5,42,610.52,14.536190476190475,610.52,0,0,High-Value Active Customers
12674.0,39,83,1970.6,23.742168674698792,1970.6,0,0,High-Value Active Customers
12676.0,25,45,1331.39,29.586444444444446,1331.39,0,0,High-Value Active Customers
12678.0,42,165,17628.46,106.83915151515151,17628.46,0,0,High-Value Active Customers
12679.0,59,48,1113.02,23.187916666666666,1113.02,0,0,High-Value Active Customers
12680.0,1,52,862.81,16.592499999999998,862.81,0,0,High-Value Active Customers
12681.0,15,638,13787.54,21.610564263322885,13787.54,0,0,High-Value Active Customers
12682.0,4,524,12279.82,23.434770992366413,12279.82,0,0,High-Value Active Customers
12683.0,4,344,8476.57,24.641191860465117,8476.57,0,0,High-Value Active Customers
12684.0,8,105,2283.63,21.748857142857144,2283.63,0,0,High-Value Active Customers
12685.0,28,157,2863.08,18.236178343949042,2863.08,0,0,High-Value Active Customers
12686.0,372,7,89.14,12.734285714285715,89.14,0,1,At-Risk / Low-Engagement Customers
12688.0,114,170,4863.8099999999995,28.610647058823528,4863.8099999999995,0,0,High-Value Active Customers
12689.0,26,72,1247.61,17.327916666666667,1247.61,0,0,High-Value Active Customers
12690.0,206,16,389.01,24.313125,389.01,0,1,At-Risk / Low-Engagement Customers
12691.0,28,32,1035.8,32.36875,1035.8,0,0,High-Value Active Customers
12693.0,127,39,855.91,21.946410256410257,855.91,0,1,At-Risk / Low-Engagement Customers
12694.0,70,37,869.67,23.504594594594593,869.67,0,1,At-Risk / Low-Engagement Customers
12695.0,7,27,582.1,21.55925925925926,582.1,0,0,High-Value Active Customers
12697.0,29,41,957.59,23.355853658536585,957.59,0,0,High-Value Active Customers
12700.0,8,268,4939.99,18.432798507462685,4939.99,0,0,High-Value Active Customers
12701.0,80,53,797.71,15.051132075471699,797.71,0,1,At-Risk / Low-Engagement Customers
12702.0,20,12,219.0,18.25,219.0,0,1,At-Risk / Low-Engagement Customers
12703.0,71,21,283.55,13.502380952380953,283.55,0,1,At-Risk / Low-Engagement Customers
12704.0,7,88,2340.84,26.600454545454546,2340.84,0,0,High-Value Active Customers
12705.0,15,334,6868.29,20.56374251497006,6868.29,0,0,High-Value Active Customers
12707.0,292,33,603.42,18.285454545454545,603.42,0,1,At-Risk / Low-Engagement Customers
12708.0,30,157,2712.91,17.27968152866242,2712.91,0,0,High-Value Active Customers
12709.0,15,207,9706.52,46.891400966183575,9706.52,0,0,High-Value Active Customers
12710.0,97,77,1149.02,14.922337662337663,1149.02,0,0,High-Value Active Customers
12712.0,29,133,4396.13,33.053609022556394,4396.13,0,0,High-Value Active Customers
12713.0,1,38,848.55,22.330263157894734,848.55,0,0,High-Value Active Customers
12714.0,9,259,4708.86,18.18092664092664,4708.86,0,0,High-Value Active Customers
12715.0,106,20,343.36,17.168,343.36,0,1,At-Risk / Low-Engagement Customers
12716.0,4,69,1053.49,15.267971014492753,1053.49,0,0,High-Value Active Customers
12717.0,151,55,1030.98,18.74509090909091,1030.98,0,1,At-Risk / Low-Engagement Customers
12718.0,71,19,238.25,12.539473684210526,238.25,0,1,At-Risk / Low-Engagement Customers
12719.0,5,39,644.95,16.53717948717949,644.95,0,0,High-Value Active Customers
12720.0,3,354,5781.73,16.332570621468925,5781.73,0,0,High-Value Active Customers
12721.0,32,161,2656.13,16.497701863354038,2656.13,0,0,High-Value Active Customers
12722.0,85,53,997.63,18.82320754716981,997.63,0,1,At-Risk / Low-Engagement Customers
12723.0,4,69,725.07,10.508260869565218,725.07,0,0,High-Value Active Customers
12724.0,5,53,1031.41,19.460566037735852,1031.41,0,0,High-Value Active Customers
12725.0,371,24,427.8,17.825,427.8,0,1,At-Risk / Low-Engagement Customers
12726.0,28,124,2609.1,21.041129032258063,2609.1,0,0,High-Value Active Customers
12727.0,11,139,3980.7,28.638129496402875,3980.7,0,0,High-Value Active Customers
12728.0,71,46,836.33,18.18108695652174,836.33,0,1,At-Risk / Low-Engagement Customers
12729.0,114,26,453.01,17.423461538461538,453.01,0,1,At-Risk / Low-Engagement Customers
12731.0,24,274,18895.91,68.96317518248175,18895.91,0,0,High-Value Active Customers
12732.0,180,12,236.26000000000002,19.688333333333336,236.26000000000002,0,1,At-Risk / Low-Engagement Customers
12733.0,234,22,383.95,17.452272727272728,383.95,0,1,At-Risk / Low-Engagement Customers
12734.0,353,4,110.39999999999999,27.599999999999998,110.39999999999999,0,1,At-Risk / Low-Engagement Customers
12735.0,315,43,779.5699999999999,18.12953488372093,779.5699999999999,0,1,At-Risk / Low-Engagement Customers
12736.0,333,4,234.0,58.5,234.0,0,1,At-Risk / Low-Engagement Customers
12738.0,372,11,155.35,14.122727272727273,155.35,0,1,At-Risk / Low-Engagement Customers
12739.0,78,38,1013.04,26.658947368421053,1013.04,0,1,At-Risk / Low-Engagement Customers
12740.0,64,27,427.6,15.837037037037037,427.6,0,1,At-Risk / Low-Engagement Customers
12743.0,134,131,540.13,4.123129770992366,540.13,0,1,At-Risk / Low-Engagement Customers
12744.0,52,222,21279.29,95.85265765765766,21279.29,0,0,High-Value Active Customers
12747.0,2,103,4196.01,40.737961165048546,4196.01,0,0,High-Value Active Customers
12748.0,1,4412,33053.19,7.491656844968269,33053.19,1,0,High-Value Active Customers
12749.0,4,199,4090.88,20.55718592964824,4090.88,0,0,High-Value Active Customers
12750.0,129,15,275.88,18.392,275.88,0,1,At-Risk / Low-Engagement Customers
12752.0,81,53,4366.78,82.3920754716981,4366.78,0,0,High-Value Active Customers
12753.0,23,197,21429.39,108.77862944162436,21429.39,0,0,High-Value Active Customers
12754.0,236,63,3010.74,47.78952380952381,3010.74,0,0,High-Value Active Customers
12755.0,281,4,3811.95,952.9875,3811.95,0,1,At-Risk / Low-Engagement Customers
12756.0,87,4,112.07999999999998,28.019999999999996,112.07999999999998,0,1,At-Risk / Low-Engagement Customers
12757.0,16,364,7834.650000000001,21.52376373626374,7834.650000000001,0,0,High-Value Active Customers
12758.0,117,97,2791.59,28.779278350515465,2791.59,0,0,High-Value Active Customers
12759.0,52,95,1531.44,16.12042105263158,1531.44,0,0,High-Value Active Customers
12762.0,8,69,1898.52,27.51478260869565,1898.52,0,0,High-Value Active Customers
12763.0,138,18,494.08,27.448888888888888,494.08,0,1,At-Risk / Low-Engagement Customers
12764.0,317,45,1693.88,37.64177777777778,1693.88,0,1,At-Risk / Low-Engagement Customers
12766.0,4,310,6989.63,22.547193548387096,6989.63,0,0,High-Value Active Customers
12769.0,239,32,1143.6,35.7375,1143.6,0,1,At-Risk / Low-Engagement Customers
12770.0,211,12,1351.45,112.62083333333334,1351.45,0,1,At-Risk / Low-Engagement Customers
12772.0,60,55,892.47,16.226727272727274,892.47,0,1,At-Risk / Low-Engagement Customers
12775.0,17,66,1386.04,21.00060606060606,1386.04,0,0,High-Value Active Customers
12778.0,20,50,822.23,16.4446,822.23,0,0,High-Value Active Customers
12779.0,38,149,3981.36,26.72053691275168,3981.36,0,0,High-Value Active Customers
12781.0,64,25,826.74,33.0696,826.74,0,1,At-Risk / Low-Engagement Customers
12782.0,5,103,2330.92,22.630291262135923,2330.92,0,0,High-Value Active Customers
12783.0,2,84,2225.91,26.49892857142857,2225.91,0,0,High-Value Active Customers
12784.0,9,57,532.8199999999999,9.347719298245613,532.8199999999999,0,0,High-Value Active Customers
12785.0,364,14,311.95,22.282142857142855,311.95,0,1,At-Risk / Low-Engagement Customers
12787.0,10,20,463.66,23.183,463.66,0,1,At-Risk / Low-Engagement Customers
12789.0,65,4,91.85,22.9625,91.85,0,1,At-Risk / Low-Engagement Customers
12790.0,192,21,324.92,15.472380952380954,324.92,0,1,At-Risk / Low-Engagement Customers
12791.0,374,2,192.60000000000002,96.30000000000001,192.60000000000002,0,1,At-Risk / Low-Engagement Customers
12792.0,257,25,400.53999999999996,16.0216,400.53999999999996,0,1,At-Risk / Low-Engagement Customers
12793.0,335,24,545.48,22.728333333333335,545.48,0,1,At-Risk / Low-Engagement Customers
12794.0,53,45,860.41,19.12022222222222,860.41,0,1,At-Risk / Low-Engagement Customers
12795.0,19,14,430.48,30.74857142857143,430.48,0,1,At-Risk / Low-Engagement Customers
12797.0,366,13,254.03,19.540769230769232,254.03,0,1,At-Risk / Low-Engagement Customers
12798.0,10,8,6977.04,872.13,6977.04,0,0,High-Value Active Customers
12802.0,187,25,427.58,17.1032,427.58,0,1,At-Risk / Low-Engagement Customers
12808.0,37,28,483.65000000000003,17.273214285714285,483.65000000000003,0,1,At-Risk / Low-Engagement Customers
12809.0,178,25,489.31,19.572400000000002,489.31,0,1,At-Risk / Low-Engagement Customers
12811.0,261,31,514.85,16.608064516129033,514.85,0,1,At-Risk / Low-Engagement Customers
12812.0,45,15,229.64000000000001,15.309333333333335,229.64000000000001,0,1,At-Risk / Low-Engagement Customers
12814.0,102,2,125.92,62.96,125.92,0,1,At-Risk / Low-Engagement Customers
12815.0,148,47,1063.46,22.6268085106383,1063.46,0,1,At-Risk / Low-Engagement Customers
12816.0,96,29,572.2,19.731034482758623,572.2,0,1,At-Risk / Low-Engagement Customers
12817.0,281,4,166.04,41.51,166.04,0,1,At-Risk / Low-Engagement Customers
12818.0,262,14,1542.08,110.14857142857143,1542.08,0,1,At-Risk / Low-Engagement Customers
12820.0,3,59,942.34,15.97186440677966,942.34,0,0,High-Value Active Customers
12821.0,214,6,92.72,15.453333333333333,92.72,0,1,At-Risk / Low-Engagement Customers
12822.0,71,46,948.88,20.62782608695652,948.88,0,1,At-Risk / Low-Engagement Customers
12823.0,75,5,1759.5,351.9,1759.5,0,1,At-Risk / Low-Engagement Customers
12824.0,60,25,397.12,15.8848,397.12,0,1,At-Risk / Low-Engagement Customers
12826.0,3,91,1474.72,16.205714285714286,1474.72,0,0,High-Value Active Customers
12827.0,6,25,430.15000000000003,17.206000000000003,430.15000000000003,0,0,High-Value Active Customers
12828.0,3,56,1018.71,18.19125,1018.71,0,0,High-Value Active Customers
12829.0,337,11,293.0,26.636363636363637,293.0,0,1,At-Risk / Low-Engagement Customers
12830.0,38,38,6814.64,179.33263157894737,6814.64,0,0,High-Value Active Customers
12831.0,262,9,215.05,23.894444444444446,215.05,0,1,At-Risk / Low-Engagement Customers
12832.0,32,27,383.03,14.186296296296295,383.03,0,1,At-Risk / Low-Engagement Customers
12833.0,145,24,417.38,17.390833333333333,417.38,0,1,At-Risk / Low-Engagement Customers
12834.0,283,18,312.38,17.354444444444443,312.38,0,1,At-Risk / Low-Engagement Customers
12836.0,59,174,2610.36,15.002068965517243,2610.36,0,0,High-Value Active Customers
12837.0,173,12,134.1,11.174999999999999,134.1,0,1,At-Risk / Low-Engagement Customers
12838.0,34,120,671.95,5.599583333333333,671.95,0,0,High-Value Active Customers
12839.0,3,314,5591.42,17.80707006369427,5591.42,0,0,High-Value Active Customers
12840.0,144,113,2726.77,24.13070796460177,2726.77,0,0,High-Value Active Customers
12841.0,5,414,3991.58,9.641497584541062,3991.58,0,0,High-Value Active Customers
12842.0,70,34,1118.99,32.9114705882353,1118.99,0,1,At-Risk / Low-Engagement Customers
12843.0,66,103,1702.26,16.526796116504855,1702.26,0,0,High-Value Active Customers
12844.0,29,52,325.96000000000004,6.268461538461539,325.96000000000004,0,1,At-Risk / Low-Engagement Customers
12845.0,267,27,354.09,13.114444444444443,354.09,0,1,At-Risk / Low-Engagement Customers
12847.0,22,84,843.64,10.043333333333333,843.64,0,0,High-Value Active Customers
12849.0,31,48,1010.29,21.047708333333333,1010.29,0,0,High-Value Active Customers
12851.0,97,47,131.81,2.8044680851063832,131.81,0,1,At-Risk / Low-Engagement Customers
12852.0,295,17,311.55,18.326470588235296,311.55,0,1,At-Risk / Low-Engagement Customers
12853.0,135,78,1957.1000000000001,25.09102564102564,1957.1000000000001,0,0,High-Value Active Customers
12854.0,79,109,1316.25,12.075688073394495,1316.25,0,0,High-Value Active Customers
12855.0,373,3,38.1,12.700000000000001,38.1,0,1,At-Risk / Low-Engagement Customers
12856.0,8,311,2170.78,6.98,2170.78,0,0,High-Value Active Customers
12857.0,211,46,1106.4,24.05217391304348,1106.4,0,1,At-Risk / Low-Engagement Customers
12863.0,52,5,521.2,104.24000000000001,521.2,0,1,At-Risk / Low-Engagement Customers
12864.0,138,3,147.12,49.04,147.12,0,1,At-Risk / Low-Engagement Customers
12865.0,26,95,1568.23,16.507684210526318,1568.23,0,0,High-Value Active Customers
12866.0,283,26,559.12,21.504615384615384,559.12,0,1,At-Risk / Low-Engagement Customers
12867.0,26,534,4009.34,7.50812734082397,4009.34,0,0,High-Value Active Customers
12868.0,186,107,1607.0600000000002,15.0192523364486,1607.0600000000002,0,0,High-Value Active Customers
12871.0,84,11,380.64,34.60363636363636,380.64,0,1,At-Risk / Low-Engagement Customers
12872.0,327,66,599.97,9.090454545454547,599.97,0,1,At-Risk / Low-Engagement Customers
12873.0,282,4,374.0,93.5,374.0,0,1,At-Risk / Low-Engagement Customers
12875.0,143,2,343.2300000000001,171.61500000000004,343.2300000000001,0,1,At-Risk / Low-Engagement Customers
12876.0,58,85,2218.02,26.09435294117647,2218.02,0,0,High-Value Active Customers
12877.0,4,154,1535.77,9.972532467532467,1535.77,0,0,High-Value Active Customers
12878.0,236,47,854.99,18.191276595744682,854.99,0,1,At-Risk / Low-Engagement Customers
12879.0,45,10,573.22,57.322,573.22,0,1,At-Risk / Low-Engagement Customers
12881.0,276,7,298.0,42.57142857142857,298.0,0,1,At-Risk / Low-Engagement Customers
12882.0,9,13,1463.04,112.54153846153847,1463.04,0,0,High-Value Active Customers
12883.0,25,42,703.47,16.749285714285715,703.47,0,0,High-Value Active Customers
12884.0,88,7,309.05,44.15,309.05,0,1,At-Risk / Low-Engagement Customers
12885.0,63,71,1175.22,16.552394366197184,1175.22,0,0,High-Value Active Customers
12886.0,68,82,1378.4,16.809756097560978,1378.4,0,0,High-Value Active Customers
12888.0,214,5,354.12,70.824,354.12,0,1,At-Risk / Low-Engagement Customers
12890.0,24,79,376.71999999999997,4.768607594936708,376.71999999999997,0,0,High-Value Active Customers
12891.0,186,3,331.0,110.33333333333333,331.0,0,1,At-Risk / Low-Engagement Customers
12893.0,31,31,176.55,5.695161290322581,176.55,0,1,At-Risk / Low-Engagement Customers
12895.0,42,22,372.8,16.945454545454545,372.8,0,1,At-Risk / Low-Engagement Customers
12897.0,205,4,216.5,54.125,216.5,0,1,At-Risk / Low-Engagement Customers
12901.0,9,116,17654.54,152.19431034482758,17654.54,0,0,High-Value Active Customers
12902.0,265,10,138.68,13.868,138.68,0,1,At-Risk / Low-Engagement Customers
12904.0,18,71,496.06,6.986760563380281,496.06,0,0,High-Value Active Customers
12906.0,12,63,2919.81,46.34619047619047,2919.81,0,0,High-Value Active Customers
12908.0,176,2,750.0,375.0,750.0,0,1,At-Risk / Low-Engagement Customers
12909.0,40,91,2178.67,23.941428571428574,2178.67,0,0,High-Value Active Customers
12910.0,23,75,3075.04,41.00053333333333,3075.04,0,0,High-Value Active Customers
12912.0,3,24,1662.3,69.2625,1662.3,0,0,High-Value Active Customers
12913.0,5,50,2483.63,49.6726,2483.63,0,0,High-Value Active Customers
12915.0,149,22,363.65,16.529545454545453,363.65,0,1,At-Risk / Low-Engagement Customers
12916.0,139,103,2944.95,28.59174757281553,2944.95,0,0,High-Value Active Customers
12917.0,128,2,594.0,297.0,594.0,0,1,At-Risk / Low-Engagement Customers
12919.0,8,50,1335.19,26.7038,1335.19,0,0,High-Value Active Customers
12920.0,17,27,162.78,6.028888888888889,162.78,0,1,At-Risk / Low-Engagement Customers
12921.0,9,720,16587.09,23.037625,16587.09,0,0,High-Value Active Customers
12922.0,161,28,405.38,14.477857142857143,405.38,0,1,At-Risk / Low-Engagement Customers
12923.0,64,28,172.82,6.172142857142857,172.82,0,1,At-Risk / Low-Engagement Customers
12924.0,88,30,933.7,31.123333333333335,933.7,0,1,At-Risk / Low-Engagement Customers
12925.0,5,45,694.05,15.423333333333332,694.05,0,0,High-Value Active Customers
12928.0,35,84,2062.7000000000003,24.555952380952384,2062.7000000000003,0,0,High-Value Active Customers
12929.0,312,8,117.85,14.73125,117.85,0,1,At-Risk / Low-Engagement Customers
12930.0,78,25,415.8,16.632,415.8,0,1,At-Risk / Low-Engagement Customers
12931.0,22,82,42055.96,512.8775609756098,42055.96,0,0,High-Value Active Customers
12933.0,24,106,607.53,5.7314150943396225,607.53,0,0,High-Value Active Customers
12935.0,2,129,2160.7,16.749612403100773,2160.7,0,0,High-Value Active Customers
12936.0,17,62,1063.9,17.15967741935484,1063.9,0,0,High-Value Active Customers
12937.0,15,120,1504.27,12.535583333333333,1504.27,0,0,High-Value Active Customers
12938.0,26,9,114.14,12.682222222222222,114.14,0,1,At-Risk / Low-Engagement Customers
12939.0,64,47,11581.8,246.42127659574467,11581.8,0,0,High-Value Active Customers
12940.0,55,96,899.69,9.371770833333334,899.69,0,0,High-Value Active Customers
12942.0,131,70,675.6,9.651428571428571,675.6,0,1,At-Risk / Low-Engagement Customers
12944.0,36,30,604.51,20.150333333333332,604.51,0,1,At-Risk / Low-Engagement Customers
12945.0,288,23,462.95,20.128260869565217,462.95,0,1,At-Risk / Low-Engagement Customers
12947.0,144,97,1603.99,16.535979381443298,1603.99,0,0,High-Value Active Customers
12948.0,16,116,2064.95,17.801293103448273,2064.95,0,0,High-Value Active Customers
12949.0,31,215,4167.22,19.382418604651164,4167.22,0,0,High-Value Active Customers
12950.0,2,23,1843.0,80.1304347826087,1843.0,0,0,High-Value Active Customers
12951.0,9,63,1064.07,16.89,1064.07,0,0,High-Value Active Customers
12952.0,6,79,1387.79,17.566962025316457,1387.79,0,0,High-Value Active Customers
12953.0,10,17,329.85,19.40294117647059,329.85,0,1,At-Risk / Low-Engagement Customers
12955.0,1,180,4757.16,26.428666666666665,4757.16,0,0,High-Value Active Customers
12956.0,306,19,108.07,5.687894736842105,108.07,0,1,At-Risk / Low-Engagement Customers
12957.0,10,238,4017.54,16.880420168067225,4017.54,0,0,High-Value Active Customers
12962.0,7,16,266.39,16.649375,266.39,0,1,At-Risk / Low-Engagement Customers
12963.0,8,95,1856.63,19.54347368421053,1856.63,0,0,High-Value Active Customers
12965.0,89,108,769.8100000000001,7.1278703703703705,769.8100000000001,0,0,High-Value Active Customers
12966.0,10,10,160.18,16.018,160.18,0,1,At-Risk / Low-Engagement Customers
12967.0,358,19,1660.9,87.41578947368421,1660.9,0,1,At-Risk / Low-Engagement Customers
12968.0,112,5,135.95,27.189999999999998,135.95,0,1,At-Risk / Low-Engagement Customers
12970.0,7,129,405.47,3.1431782945736435,405.47,0,0,High-Value Active Customers
12971.0,4,304,11170.11,36.743782894736846,11170.11,0,0,High-Value Active Customers
12974.0,198,8,144.8,18.1,144.8,0,1,At-Risk / Low-Engagement Customers
12976.0,212,22,738.6,33.57272727272727,738.6,0,1,At-Risk / Low-Engagement Customers
12977.0,156,9,39.239999999999995,4.359999999999999,39.239999999999995,0,1,At-Risk / Low-Engagement Customers
12980.0,158,20,7374.900000000001,368.745,7374.900000000001,0,0,High-Value Active Customers
12981.0,30,20,372.21999999999997,18.610999999999997,372.21999999999997,0,1,At-Risk / Low-Engagement Customers
12982.0,243,28,390.54,13.947857142857144,390.54,0,1,At-Risk / Low-Engagement Customers
12984.0,19,4,97.5,24.375,97.5,0,1,At-Risk / Low-Engagement Customers
12985.0,1,76,1239.38,16.30763157894737,1239.38,0,0,High-Value Active Customers
12987.0,74,28,558.7,19.95357142857143,558.7,0,1,At-Risk / Low-Engagement Customers
12988.0,292,83,505.82,6.094216867469879,505.82,0,1,At-Risk / Low-Engagement Customers
12989.0,3,64,6924.110000000001,108.18921875000001,6924.110000000001,0,0,High-Value Active Customers
12990.0,31,13,409.5,31.5,409.5,0,1,At-Risk / Low-Engagement Customers
12991.0,23,31,503.76,16.25032258064516,503.76,0,1,At-Risk / Low-Engagement Customers
12993.0,23,27,414.76,15.361481481481482,414.76,0,1,At-Risk / Low-Engagement Customers
12994.0,4,61,974.4200000000001,15.97409836065574,974.4200000000001,0,0,High-Value Active Customers
12995.0,85,3,211.32,70.44,211.32,0,1,At-Risk / Low-Engagement Customers
12997.0,22,59,1226.89,20.794745762711866,1226.89,0,0,High-Value Active Customers
12999.0,196,28,455.88,16.28142857142857,455.88,0,1,At-Risk / Low-Engagement Customers
13000.0,107,31,534.85,17.253225806451614,534.85,0,1,At-Risk / Low-Engagement Customers
13001.0,4,337,9785.970000000001,29.038486646884277,9785.970000000001,0,0,High-Value Active Customers
13002.0,318,7,120.94999999999999,17.27857142857143,120.94999999999999,0,1,At-Risk / Low-Engagement Customers
13003.0,106,6,149.05,24.84166666666667,149.05,0,1,At-Risk / Low-Engagement Customers
13004.0,12,404,5655.91,13.999777227722772,5655.91,0,0,High-Value Active Customers
13005.0,174,26,513.7,19.75769230769231,513.7,0,1,At-Risk / Low-Engagement Customers
13006.0,56,4,81.57,20.3925,81.57,0,1,At-Risk / Low-Engagement Customers
13008.0,323,14,229.46999999999997,16.390714285714285,229.46999999999997,0,1,At-Risk / Low-Engagement Customers
13011.0,372,3,50.550000000000004,16.85,50.550000000000004,0,1,At-Risk / Low-Engagement Customers
13012.0,9,88,1646.8400000000001,18.71409090909091,1646.8400000000001,0,0,High-Value Active Customers
13013.0,1,219,4810.9400000000005,21.967762557077627,4810.9400000000005,0,0,High-Value Active Customers
13014.0,11,109,3466.2799999999997,31.800733944954125,3466.2799999999997,0,0,High-Value Active Customers
13015.0,53,175,3339.64,19.08365714285714,3339.64,0,0,High-Value Active Customers
13016.0,73,47,789.89,16.806170212765956,789.89,0,1,At-Risk / Low-Engagement Customers
13017.0,7,1,204.0,204.0,204.0,0,1,At-Risk / Low-Engagement Customers
13018.0,16,458,7277.7,15.890174672489083,7277.7,0,0,High-Value Active Customers
13021.0,4,131,2616.38,19.97236641221374,2616.38,0,0,High-Value Active Customers
13023.0,64,40,689.9,17.2475,689.9,0,1,At-Risk / Low-Engagement Customers
13026.0,1,40,975.36,24.384,975.36,0,0,High-Value Active Customers
13027.0,114,26,6912.0,265.84615384615387,6912.0,0,0,High-Value Active Customers
13028.0,23,45,661.3199999999999,14.695999999999998,661.3199999999999,0,0,High-Value Active Customers
13029.0,31,10,1247.5,124.75,1247.5,0,1,At-Risk / Low-Engagement Customers
13030.0,11,92,752.4399999999999,8.178695652173912,752.4399999999999,0,0,High-Value Active Customers
13032.0,52,71,1010.18,14.227887323943662,1010.18,0,0,High-Value Active Customers
13033.0,357,11,190.55,17.322727272727274,190.55,0,1,At-Risk / Low-Engagement Customers
13034.0,55,37,642.77,17.372162162162162,642.77,0,1,At-Risk / Low-Engagement Customers
13035.0,74,27,921.88,34.1437037037037,921.88,0,1,At-Risk / Low-Engagement Customers
13037.0,138,48,881.07,18.355625,881.07,0,1,At-Risk / Low-Engagement Customers
13038.0,80,28,908.46,32.445,908.46,0,1,At-Risk / Low-Engagement Customers
13040.0,9,43,676.99,15.743953488372092,676.99,0,0,High-Value Active Customers
13043.0,273,13,516.42,39.72461538461538,516.42,0,1,At-Risk / Low-Engagement Customers
13044.0,291,33,560.47,16.983939393939394,560.47,0,1,At-Risk / Low-Engagement Customers
13045.0,99,18,305.28000000000003,16.96,305.28000000000003,0,1,At-Risk / Low-Engagement Customers
13046.0,31,34,619.31,18.215,619.31,0,1,At-Risk / Low-Engagement Customers
13047.0,32,172,3237.54,18.822906976744186,3237.54,0,0,High-Value Active Customers
13048.0,14,135,1819.41,13.477111111111112,1819.41,0,0,High-Value Active Customers
13049.0,64,14,656.6800000000001,46.90571428571429,656.6800000000001,0,1,At-Risk / Low-Engagement Customers
13050.0,15,403,5836.86,14.483523573200992,5836.86,0,0,High-Value Active Customers
13052.0,212,18,348.15000000000003,19.34166666666667,348.15000000000003,0,1,At-Risk / Low-Engagement Customers
13055.0,78,76,1214.41,15.979078947368421,1214.41,0,0,High-Value Active Customers
13058.0,25,8,271.40000000000003,33.925000000000004,271.40000000000003,0,1,At-Risk / Low-Engagement Customers
13059.0,250,8,183.4,22.925,183.4,0,1,At-Risk / Low-Engagement Customers
13060.0,254,15,307.53,20.502,307.53,0,1,At-Risk / Low-Engagement Customers
13061.0,72,10,248.61,24.861,248.61,0,1,At-Risk / Low-Engagement Customers
13062.0,191,11,346.98,31.543636363636367,346.98,0,1,At-Risk / Low-Engagement Customers
13064.0,13,68,1105.59,16.258676470588235,1105.59,0,0,High-Value Active Customers
13065.0,373,14,205.86,14.704285714285716,205.86,0,1,At-Risk / Low-Engagement Customers
13066.0,24,48,470.8,9.808333333333334,470.8,0,1,At-Risk / Low-Engagement Customers
13067.0,82,15,115.46000000000001,7.697333333333334,115.46000000000001,0,1,At-Risk / Low-Engagement Customers
13068.0,10,2,344.0,172.0,344.0,0,1,At-Risk / Low-Engagement Customers
13069.0,1,424,4431.44,10.451509433962263,4431.44,0,0,High-Value Active Customers
13070.0,192,9,228.8,25.422222222222224,228.8,0,1,At-Risk / Low-Engagement Customers
13072.0,267,7,177.15,25.307142857142857,177.15,0,1,At-Risk / Low-Engagement Customers
13075.0,130,22,919.61,41.80045454545455,919.61,0,1,At-Risk / Low-Engagement Customers
13077.0,1,111,728.02,6.558738738738739,728.02,0,0,High-Value Active Customers
13078.0,3,358,12627.94,35.27357541899441,12627.94,0,0,High-Value Active Customers
13079.0,4,6,220.10000000000002,36.68333333333334,220.10000000000002,0,1,At-Risk / Low-Engagement Customers
13080.0,179,6,58.08,9.68,58.08,0,1,At-Risk / Low-Engagement Customers
13081.0,12,1024,28337.38,27.67322265625,28337.38,0,0,High-Value Active Customers
13082.0,126,73,3613.63,49.50178082191781,3613.63,0,0,High-Value Active Customers
13083.0,4,18,303.75,16.875,303.75,0,1,At-Risk / Low-Engagement Customers
13085.0,158,22,416.08000000000004,18.912727272727274,416.08000000000004,0,1,At-Risk / Low-Engagement Customers
13089.0,3,1814,58762.08,32.393649393605294,58762.08,1,0,High-Value Active Customers
13090.0,9,155,8910.82,57.48916129032258,8910.82,0,0,High-Value Active Customers
13091.0,28,21,345.82,16.467619047619046,345.82,0,1,At-Risk / Low-Engagement Customers
13092.0,71,25,477.83,19.1132,477.83,0,1,At-Risk / Low-Engagement Customers
13093.0,276,159,7832.47,49.260817610062894,7832.47,0,0,High-Value Active Customers
13094.0,21,24,1927.3200000000002,80.305,1927.3200000000002,0,0,High-Value Active Customers
13095.0,71,6,74.39999999999999,12.399999999999999,74.39999999999999,0,1,At-Risk / Low-Engagement Customers
13097.0,33,421,6003.22,14.259429928741094,6003.22,0,0,High-Value Active Customers
13098.0,1,572,28882.44,50.49377622377622,28882.44,0,0,High-Value Active Customers
13099.0,99,1,207.35999999999999,207.35999999999999,207.35999999999999,0,1,At-Risk / Low-Engagement Customers
13101.0,234,8,101.19,12.64875,101.19,0,1,At-Risk / Low-Engagement Customers
13102.0,1,304,6424.09,21.131875,6424.09,0,0,High-Value Active Customers
13103.0,40,8,243.94,30.4925,243.94,0,1,At-Risk / Low-Engagement Customers
13104.0,3,20,1098.48,54.924,1098.48,0,0,High-Value Active Customers
13106.0,133,1,76.5,76.5,76.5,0,1,At-Risk / Low-Engagement Customers
13107.0,44,58,1531.6200000000001,26.407241379310346,1531.6200000000001,0,0,High-Value Active Customers
13108.0,373,10,350.06,35.006,350.06,0,1,At-Risk / Low-Engagement Customers
13109.0,60,47,786.54,16.734893617021275,786.54,0,1,At-Risk / Low-Engagement Customers
13110.0,31,145,1488.67,10.266689655172414,1488.67,0,0,High-Value Active Customers
13113.0,1,200,12245.960000000001,61.229800000000004,12245.960000000001,0,0,High-Value Active Customers
13115.0,12,120,2294.78,19.12316666666667,2294.78,0,0,High-Value Active Customers
13116.0,138,30,501.14,16.704666666666665,501.14,0,1,At-Risk / Low-Engagement Customers
13117.0,22,76,984.91,12.959342105263158,984.91,0,0,High-Value Active Customers
13118.0,20,79,1197.81,15.162151898734177,1197.81,0,0,High-Value Active Customers
13120.0,239,1,30.599999999999998,30.599999999999998,30.599999999999998,0,1,At-Risk / Low-Engagement Customers
13121.0,269,50,283.73,5.674600000000001,283.73,0,1,At-Risk / Low-Engagement Customers
13122.0,94,55,922.39,16.77072727272727,922.39,0,1,At-Risk / Low-Engagement Customers
13124.0,90,222,3756.33,16.920405405405404,3756.33,0,0,High-Value Active Customers
13126.0,5,140,2099.64,14.997428571428571,2099.64,0,0,High-Value Active Customers
13127.0,78,15,259.17,17.278000000000002,259.17,0,1,At-Risk / Low-Engagement Customers
13130.0,94,2,64.0,32.0,64.0,0,1,At-Risk / Low-Engagement Customers
13131.0,23,44,1073.3,24.393181818181816,1073.3,0,0,High-Value Active Customers
13132.0,262,3,77.3,25.766666666666666,77.3,0,1,At-Risk / Low-Engagement Customers
13133.0,274,7,109.8,15.685714285714285,109.8,0,1,At-Risk / Low-Engagement Customers
13134.0,86,98,1793.58,18.301836734693875,1793.58,0,0,High-Value Active Customers
13135.0,197,1,3096.0,3096.0,3096.0,0,1,At-Risk / Low-Engagement Customers
13136.0,56,127,2607.61,20.53236220472441,2607.61,0,0,High-Value Active Customers
13137.0,11,687,3603.29,5.244963609898107,3603.29,0,0,High-Value Active Customers
13138.0,22,63,962.39,15.276031746031746,962.39,0,0,High-Value Active Customers
13139.0,16,170,5064.94,29.79376470588235,5064.94,0,0,High-Value Active Customers
13140.0,108,45,422.47,9.388222222222224,422.47,0,1,At-Risk / Low-Engagement Customers
13141.0,85,135,2388.75,17.694444444444443,2388.75,0,0,High-Value Active Customers
13142.0,19,23,307.09,13.351739130434781,307.09,0,1,At-Risk / Low-Engagement Customers
13144.0,333,3,110.95,36.983333333333334,110.95,0,1,At-Risk / Low-Engagement Customers
13145.0,40,6,618.52,103.08666666666666,618.52,0,1,At-Risk / Low-Engagement Customers
13146.0,26,17,228.91,13.465294117647058,228.91,0,1,At-Risk / Low-Engagement Customers
13147.0,10,4,712.8000000000001,178.20000000000002,712.8000000000001,0,1,At-Risk / Low-Engagement Customers
13148.0,29,312,3683.26,11.805320512820513,3683.26,0,0,High-Value Active Customers
13149.0,14,86,1676.06,19.48906976744186,1676.06,0,0,High-Value Active Customers
13151.0,296,74,1257.8700000000001,16.998243243243245,1257.8700000000001,0,1,At-Risk / Low-Engagement Customers
13153.0,6,15,486.22,32.41466666666667,486.22,0,1,At-Risk / Low-Engagement Customers
13155.0,33,85,971.76,11.432470588235294,971.76,0,0,High-Value Active Customers
13157.0,49,87,1741.22,20.014022988505747,1741.22,0,0,High-Value Active Customers
13158.0,95,79,1201.06,15.203291139240505,1201.06,0,0,High-Value Active Customers
13159.0,9,120,1429.35,11.911249999999999,1429.35,0,0,High-Value Active Customers
13160.0,22,4,91.8,22.95,91.8,0,1,At-Risk / Low-Engagement Customers
13161.0,313,8,112.75,14.09375,112.75,0,1,At-Risk / Low-Engagement Customers
13162.0,122,78,1679.89,21.537051282051284,1679.89,0,0,High-Value Active Customers
13165.0,46,42,1021.48,24.32095238095238,1021.48,0,0,High-Value Active Customers
13166.0,283,41,417.2,10.175609756097561,417.2,0,1,At-Risk / Low-Engagement Customers
13167.0,19,65,791.33,12.174307692307693,791.33,0,0,High-Value Active Customers
13168.0,36,126,1299.59,10.314206349206348,1299.59,0,0,High-Value Active Customers
13169.0,64,13,712.88,54.83692307692308,712.88,0,1,At-Risk / Low-Engagement Customers
13170.0,27,30,108.81,3.6270000000000002,108.81,0,1,At-Risk / Low-Engagement Customers
13171.0,22,46,468.41,10.182826086956522,468.41,0,1,At-Risk / Low-Engagement Customers
13173.0,4,43,353.65,8.224418604651163,353.65,0,0,High-Value Active Customers
13174.0,16,293,2742.82,9.361160409556314,2742.82,0,0,High-Value Active Customers
13176.0,46,67,481.49,7.186417910447761,481.49,0,1,At-Risk / Low-Engagement Customers
13177.0,65,17,282.45,16.61470588235294,282.45,0,1,At-Risk / Low-Engagement Customers
13178.0,26,265,5725.47,21.60554716981132,5725.47,0,0,High-Value Active Customers
13182.0,45,11,121.18,11.016363636363637,121.18,0,1,At-Risk / Low-Engagement Customers
13183.0,8,94,3957.78,42.10404255319149,3957.78,0,0,High-Value Active Customers
13184.0,15,179,1668.95,9.323743016759776,1668.95,0,0,High-Value Active Customers
13185.0,268,1,71.4,71.4,71.4,0,1,At-Risk / Low-Engagement Customers
13186.0,40,79,1575.89,19.947974683544306,1575.89,0,0,High-Value Active Customers
13187.0,337,37,236.02,6.378918918918919,236.02,0,1,At-Risk / Low-Engagement Customers
13188.0,11,2,114.60000000000001,57.300000000000004,114.60000000000001,0,1,At-Risk / Low-Engagement Customers
13189.0,19,29,260.68,8.988965517241379,260.68,0,1,At-Risk / Low-Engagement Customers
13192.0,95,63,911.94,14.475238095238096,911.94,0,1,At-Risk / Low-Engagement Customers
13193.0,61,25,112.08,4.4832,112.08,0,1,At-Risk / Low-Engagement Customers
13194.0,136,3,60.7,20.233333333333334,60.7,0,1,At-Risk / Low-Engagement Customers
13196.0,11,110,1797.78,16.343454545454545,1797.78,0,0,High-Value Active Customers
13198.0,10,226,3401.2400000000002,15.049734513274338,3401.2400000000002,0,0,High-Value Active Customers
13199.0,4,119,9817.12,82.49680672268909,9817.12,0,0,High-Value Active Customers
13200.0,19,46,870.09,18.915,870.09,0,0,High-Value Active Customers
13203.0,10,57,869.46,15.253684210526316,869.46,0,0,High-Value Active Customers
13207.0,15,8,250.26000000000002,31.282500000000002,250.26000000000002,0,1,At-Risk / Low-Engagement Customers
13208.0,59,148,1217.65,8.227364864864866,1217.65,0,0,High-Value Active Customers
13209.0,30,321,5891.61,18.35392523364486,5891.61,0,0,High-Value Active Customers
13210.0,94,22,353.48,16.067272727272726,353.48,0,1,At-Risk / Low-Engagement Customers
13211.0,10,55,1095.42,19.916727272727275,1095.42,0,0,High-Value Active Customers
13212.0,20,141,786.83,5.580354609929079,786.83,0,0,High-Value Active Customers
13213.0,57,90,1520.58,16.895333333333333,1520.58,0,0,High-Value Active Customers
13216.0,268,5,333.74,66.748,333.74,0,1,At-Risk / Low-Engagement Customers
13217.0,122,4,533.98,133.495,533.98,0,1,At-Risk / Low-Engagement Customers
13218.0,127,5,62.63999999999999,12.527999999999999,62.63999999999999,0,1,At-Risk / Low-Engagement Customers
13220.0,78,21,819.2900000000001,39.01380952380953,819.2900000000001,0,1,At-Risk / Low-Engagement Customers
13221.0,240,66,847.41,12.839545454545455,847.41,0,1,At-Risk / Low-Engagement Customers
13223.0,200,5,163.20000000000002,32.64,163.20000000000002,0,1,At-Risk / Low-Engagement Customers
13224.0,60,108,2155.95,19.9625,2155.95,0,0,High-Value Active Customers
13225.0,3,32,6463.84,201.995,6463.84,0,0,High-Value Active Customers
13226.0,273,16,108.21000000000001,6.7631250000000005,108.21000000000001,0,1,At-Risk / Low-Engagement Customers
13227.0,202,9,257.7,28.633333333333333,257.7,0,1,At-Risk / Low-Engagement Customers
13228.0,81,2,358.0,179.0,358.0,0,1,At-Risk / Low-Engagement Customers
13229.0,226,10,160.95,16.095,160.95,0,1,At-Risk / Low-Engagement Customers
13230.0,4,587,2755.63,4.69442930153322,2755.63,0,0,High-Value Active Customers
13232.0,13,202,1328.35,6.575990099009901,1328.35,0,0,High-Value Active Customers
13233.0,74,43,605.12,14.072558139534884,605.12,0,1,At-Risk / Low-Engagement Customers
13235.0,212,58,1031.07,17.77706896551724,1031.07,0,1,At-Risk / Low-Engagement Customers
13236.0,25,36,744.85,20.69027777777778,744.85,0,0,High-Value Active Customers
13238.0,17,31,700.73,22.604193548387098,700.73,0,0,High-Value Active Customers
13239.0,262,21,329.56,15.693333333333333,329.56,0,1,At-Risk / Low-Engagement Customers
13240.0,96,67,663.65,9.905223880597015,663.65,0,1,At-Risk / Low-Engagement Customers
13242.0,112,13,270.40000000000003,20.800000000000004,270.40000000000003,0,1,At-Risk / Low-Engagement Customers
13243.0,203,57,585.12,10.265263157894736,585.12,0,1,At-Risk / Low-Engagement Customers
13244.0,93,27,121.74000000000001,4.508888888888889,121.74000000000001,0,1,At-Risk / Low-Engagement Customers
13245.0,51,16,430.5,26.90625,430.5,0,1,At-Risk / Low-Engagement Customers
13246.0,18,136,1961.52,14.422941176470587,1961.52,0,0,High-Value Active Customers
13247.0,18,25,501.12,20.0448,501.12,0,1,At-Risk / Low-Engagement Customers
13248.0,125,26,465.68,17.91076923076923,465.68,0,1,At-Risk / Low-Engagement Customers
13249.0,92,23,711.41,30.93086956521739,711.41,0,1,At-Risk / Low-Engagement Customers
13253.0,157,36,1030.4,28.622222222222224,1030.4,0,1,At-Risk / Low-Engagement Customers
13255.0,9,13,399.51,30.73153846153846,399.51,0,1,At-Risk / Low-Engagement Customers
13258.0,12,36,672.83,18.689722222222223,672.83,0,0,High-Value Active Customers
13259.0,62,81,283.18,3.4960493827160493,283.18,0,1,At-Risk / Low-Engagement Customers
13260.0,61,8,557.62,69.7025,557.62,0,1,At-Risk / Low-Engagement Customers
13261.0,269,9,944.1,104.9,944.1,0,1,At-Risk / Low-Engagement Customers
13262.0,263,11,200.29,18.208181818181817,200.29,0,1,At-Risk / Low-Engagement Customers
13263.0,1,1667,7436.93,4.46126574685063,7436.93,0,0,High-Value Active Customers
13265.0,53,90,2092.66,23.251777777777775,2092.66,0,0,High-Value Active Customers
13266.0,11,187,3834.2599999999998,20.504064171122995,3834.2599999999998,0,0,High-Value Active Customers
13267.0,3,211,4521.49,21.428862559241704,4521.49,0,0,High-Value Active Customers
13268.0,18,433,3174.75,7.331986143187067,3174.75,0,0,High-Value Active Customers
13269.0,1,315,5343.28,16.96279365079365,5343.28,0,0,High-Value Active Customers
13270.0,366,1,590.0,590.0,590.0,0,1,At-Risk / Low-Engagement Customers
13271.0,37,87,211.49,2.430919540229885,211.49,0,1,At-Risk / Low-Engagement Customers
13272.0,31,15,276.56,18.437333333333335,276.56,0,1,At-Risk / Low-Engagement Customers
13273.0,113,16,138.98,8.68625,138.98,0,1,At-Risk / Low-Engagement Customers
13276.0,64,30,590.9300000000001,19.69766666666667,590.9300000000001,0,1,At-Risk / Low-Engagement Customers
13277.0,16,8,258.4,32.3,258.4,0,1,At-Risk / Low-Engagement Customers
13278.0,41,46,542.73,11.798478260869565,542.73,0,1,At-Risk / Low-Engagement Customers
13279.0,78,9,137.75,15.305555555555555,137.75,0,1,At-Risk / Low-Engagement Customers
13280.0,122,82,798.46,9.737317073170733,798.46,0,1,At-Risk / Low-Engagement Customers
13282.0,18,37,1132.14,30.59837837837838,1132.14,0,0,High-Value Active Customers
13283.0,60,7,93.66,13.379999999999999,93.66,0,1,At-Risk / Low-Engagement Customers
13284.0,331,13,201.19,15.476153846153846,201.19,0,1,At-Risk / Low-Engagement Customers
13285.0,23,187,2709.12,14.487272727272726,2709.12,0,0,High-Value Active Customers
13291.0,156,42,361.11,8.597857142857142,361.11,0,1,At-Risk / Low-Engagement Customers
13292.0,39,31,578.9399999999999,18.67548387096774,578.9399999999999,0,1,At-Risk / Low-Engagement Customers
13294.0,190,54,873.74,16.18037037037037,873.74,0,1,At-Risk / Low-Engagement Customers
13295.0,360,10,201.20000000000002,20.12,201.20000000000002,0,1,At-Risk / Low-Engagement Customers
13296.0,137,5,87.4,17.48,87.4,0,1,At-Risk / Low-Engagement Customers
13297.0,8,59,2089.85,35.421186440677964,2089.85,0,0,High-Value Active Customers
13298.0,1,2,360.0,180.0,360.0,0,1,At-Risk / Low-Engagement Customers
13299.0,268,5,142.5,28.5,142.5,0,1,At-Risk / Low-Engagement Customers
13300.0,169,20,371.89,18.5945,371.89,0,1,At-Risk / Low-Engagement Customers
13301.0,104,81,618.09,7.630740740740741,618.09,0,1,At-Risk / Low-Engagement Customers
13302.0,155,1,63.75,63.75,63.75,0,1,At-Risk / Low-Engagement Customers
13304.0,351,21,300.42,14.305714285714286,300.42,0,1,At-Risk / Low-Engagement Customers
13305.0,4,81,2000.86,24.701975308641973,2000.86,0,0,High-Value Active Customers
13307.0,120,1,15.0,15.0,15.0,0,1,At-Risk / Low-Engagement Customers
13308.0,23,54,1385.51,25.657592592592593,1385.51,0,0,High-Value Active Customers
13309.0,7,107,1456.79,13.614859813084111,1456.79,0,0,High-Value Active Customers
13310.0,28,72,1132.03,15.722638888888888,1132.03,0,0,High-Value Active Customers
13311.0,4,26,598.57,23.02192307692308,598.57,0,0,High-Value Active Customers
13313.0,22,78,1555.32,19.939999999999998,1555.32,0,0,High-Value Active Customers
13314.0,2,62,775.94,12.515161290322581,775.94,0,0,High-Value Active Customers
13316.0,37,86,5732.93,66.66197674418605,5732.93,0,0,High-Value Active Customers
13317.0,66,121,2209.08,18.25685950413223,2209.08,0,0,High-Value Active Customers
13318.0,1,20,640.76,32.038,640.76,0,0,High-Value Active Customers
13319.0,5,476,10845.550000000001,22.784768907563027,10845.550000000001,0,0,High-Value Active Customers
13320.0,78,105,1532.2,14.592380952380953,1532.2,0,0,High-Value Active Customers
13321.0,72,11,567.36,51.57818181818182,567.36,0,1,At-Risk / Low-Engagement Customers
13322.0,17,25,199.48000000000002,7.9792000000000005,199.48000000000002,0,1,At-Risk / Low-Engagement Customers
13323.0,3,21,787.85,37.516666666666666,787.85,0,0,High-Value Active Customers
13324.0,36,75,7121.95,94.95933333333333,7121.95,0,0,High-Value Active Customers
13325.0,82,12,675.3,56.275,675.3,0,1,At-Risk / Low-Engagement Customers
13327.0,39,108,3627.77,33.59046296296296,3627.77,0,0,High-Value Active Customers
13328.0,316,17,1308.48,76.96941176470588,1308.48,0,1,At-Risk / Low-Engagement Customers
13329.0,32,17,789.0,46.411764705882355,789.0,0,1,At-Risk / Low-Engagement Customers
13330.0,93,53,1140.93,21.526981132075473,1140.93,0,1,At-Risk / Low-Engagement Customers
13332.0,14,21,350.9,16.70952380952381,350.9,0,1,At-Risk / Low-Engagement Customers
13334.0,82,265,3502.32,13.216301886792454,3502.32,0,0,High-Value Active Customers
13336.0,77,51,795.12,15.590588235294117,795.12,0,1,At-Risk / Low-Engagement Customers
13338.0,158,19,487.02,25.632631578947368,487.02,0,1,At-Risk / Low-Engagement Customers
13339.0,201,54,860.12,15.928148148148148,860.12,0,1,At-Risk / Low-Engagement Customers
13340.0,45,134,10736.48,80.12298507462687,10736.48,0,0,High-Value Active Customers
13341.0,261,42,775.85,18.472619047619048,775.85,0,1,At-Risk / Low-Engagement Customers
13343.0,178,19,353.43,18.60157894736842,353.43,0,1,At-Risk / Low-Engagement Customers
13344.0,68,116,2511.69,21.6525,2511.69,0,0,High-Value Active Customers
13345.0,288,20,389.5,19.475,389.5,0,1,At-Risk / Low-Engagement Customers
13347.0,70,8,341.36,42.67,341.36,0,1,At-Risk / Low-Engagement Customers
13348.0,64,14,233.76,16.697142857142858,233.76,0,1,At-Risk / Low-Engagement Customers
13349.0,11,16,247.32,15.4575,247.32,0,1,At-Risk / Low-Engagement Customers
13350.0,16,40,979.12,24.478,979.12,0,0,High-Value Active Customers
13351.0,66,16,373.94,23.37125,373.94,0,1,At-Risk / Low-Engagement Customers
13352.0,60,24,397.97999999999996,16.5825,397.97999999999996,0,1,At-Risk / Low-Engagement Customers
13354.0,71,51,743.53,14.579019607843136,743.53,0,1,At-Risk / Low-Engagement Customers
13355.0,122,32,674.7,21.084375,674.7,0,1,At-Risk / Low-Engagement Customers
13356.0,80,42,768.24,18.291428571428572,768.24,0,1,At-Risk / Low-Engagement Customers
13357.0,257,89,609.4,6.847191011235955,609.4,0,1,At-Risk / Low-Engagement Customers
13358.0,269,29,439.03,15.138965517241378,439.03,0,1,At-Risk / Low-Engagement Customers
13359.0,64,23,439.56,19.11130434782609,439.56,0,1,At-Risk / Low-Engagement Customers
13362.0,9,166,3090.7400000000002,18.618915662650604,3090.7400000000002,0,0,High-Value Active Customers
13363.0,18,60,992.5,16.541666666666668,992.5,0,0,High-Value Active Customers
13364.0,71,10,134.95999999999998,13.495999999999999,134.95999999999998,0,1,At-Risk / Low-Engagement Customers
13365.0,34,128,2225.37,17.385703125,2225.37,0,0,High-Value Active Customers
13366.0,50,1,56.160000000000004,56.160000000000004,56.160000000000004,0,1,At-Risk / Low-Engagement Customers
13368.0,257,29,623.4,21.49655172413793,623.4,0,1,At-Risk / Low-Engagement Customers
13369.0,366,14,308.28000000000003,22.020000000000003,308.28000000000003,0,1,At-Risk / Low-Engagement Customers
13370.0,372,39,754.87,19.355641025641027,754.87,0,1,At-Risk / Low-Engagement Customers
13372.0,90,23,378.64,16.46260869565217,378.64,0,1,At-Risk / Low-Engagement Customers
13373.0,61,158,3312.25,20.963607594936708,3312.25,0,0,High-Value Active Customers
13375.0,89,37,778.65,21.044594594594592,778.65,0,1,At-Risk / Low-Engagement Customers
13376.0,99,53,1019.76,19.240754716981133,1019.76,0,1,At-Risk / Low-Engagement Customers
13379.0,26,97,572.56,5.902680412371134,572.56,0,0,High-Value Active Customers
13381.0,32,172,3639.31,21.15877906976744,3639.31,0,0,High-Value Active Customers
13382.0,281,15,222.99,14.866000000000001,222.99,0,1,At-Risk / Low-Engagement Customers
13384.0,31,152,4151.93,27.315328947368425,4151.93,0,0,High-Value Active Customers
13385.0,330,35,534.57,15.273428571428573,534.57,0,1,At-Risk / Low-Engagement Customers
13388.0,131,35,677.1,19.345714285714287,677.1,0,1,At-Risk / Low-Engagement Customers
13389.0,11,51,797.96,15.646274509803922,797.96,0,0,High-Value Active Customers
13390.0,75,13,544.08,41.8523076923077,544.08,0,1,At-Risk / Low-Engagement Customers
13391.0,204,1,59.8,59.8,59.8,0,1,At-Risk / Low-Engagement Customers
13394.0,2,155,2520.02,16.258193548387098,2520.02,0,0,High-Value Active Customers
13395.0,185,21,307.72,14.653333333333334,307.72,0,1,At-Risk / Low-Engagement Customers
13396.0,29,43,1360.99,31.65093023255814,1360.99,0,0,High-Value Active Customers
13397.0,73,38,1544.13,40.635000000000005,1544.13,0,1,At-Risk / Low-Engagement Customers
13398.0,192,26,457.34,17.59,457.34,0,1,At-Risk / Low-Engagement Customers
13402.0,127,39,621.23,15.92897435897436,621.23,0,1,At-Risk / Low-Engagement Customers
13403.0,18,3,75.0,25.0,75.0,0,1,At-Risk / Low-Engagement Customers
13404.0,1,11,252.49,22.953636363636363,252.49,0,1,At-Risk / Low-Engagement Customers
13405.0,74,27,572.451,21.201888888888888,572.451,0,1,At-Risk / Low-Engagement Customers
13408.0,2,478,28117.04,58.82225941422595,28117.04,0,0,High-Value Active Customers
13410.0,24,28,1003.06,35.82357142857143,1003.06,0,0,High-Value Active Customers
13411.0,107,18,213.55,11.863888888888889,213.55,0,1,At-Risk / Low-Engagement Customers
13414.0,134,24,1390.5,57.9375,1390.5,0,1,At-Risk / Low-Engagement Customers
13416.0,44,19,712.5,37.5,712.5,0,1,At-Risk / Low-Engagement Customers
13417.0,5,28,640.83,22.886785714285715,640.83,0,0,High-Value Active Customers
13418.0,12,304,6127.43,20.156019736842108,6127.43,0,0,High-Value Active Customers
13419.0,64,16,221.06,13.81625,221.06,0,1,At-Risk / Low-Engagement Customers
13420.0,150,8,159.85,19.98125,159.85,0,1,At-Risk / Low-Engagement Customers
13421.0,40,102,1833.71,17.977549019607842,1833.71,0,0,High-Value Active Customers
13422.0,64,127,2626.3,20.67952755905512,2626.3,0,0,High-Value Active Customers
13425.0,108,78,1624.21,20.823205128205128,1624.21,0,0,High-Value Active Customers
13426.0,1,157,3641.32,23.193121019108283,3641.32,0,0,High-Value Active Customers
13427.0,19,29,582.6,20.089655172413792,582.6,0,1,At-Risk / Low-Engagement Customers
13428.0,10,71,201.78,2.8419718309859157,201.78,0,0,High-Value Active Customers
13429.0,11,67,1006.8,15.02686567164179,1006.8,0,0,High-Value Active Customers
13430.0,19,49,679.45,13.866326530612247,679.45,0,0,High-Value Active Customers
13431.0,67,46,1269.1,27.589130434782607,1269.1,0,0,High-Value Active Customers
13434.0,74,10,534.24,53.424,534.24,0,1,At-Risk / Low-Engagement Customers
13435.0,5,101,3809.8900000000003,37.72168316831684,3809.8900000000003,0,0,High-Value Active Customers
13436.0,2,12,196.89,16.4075,196.89,0,1,At-Risk / Low-Engagement Customers
13437.0,14,167,3408.06,20.40754491017964,3408.06,0,0,High-Value Active Customers
13439.0,255,54,283.71,5.253888888888889,283.71,0,1,At-Risk / Low-Engagement Customers
13441.0,92,13,296.64,22.818461538461538,296.64,0,1,At-Risk / Low-Engagement Customers
13447.0,23,59,1129.14,19.137966101694918,1129.14,0,0,High-Value Active Customers
13448.0,17,194,3534.69,18.22005154639175,3534.69,0,0,High-Value Active Customers
13449.0,24,19,291.88,15.362105263157895,291.88,0,1,At-Risk / Low-Engagement Customers
13450.0,27,71,2043.7199999999998,28.784788732394365,2043.7199999999998,0,0,High-Value Active Customers
13451.0,26,433,2898.2599999999998,6.693441108545034,2898.2599999999998,0,0,High-Value Active Customers
13452.0,259,2,590.0,295.0,590.0,0,1,At-Risk / Low-Engagement Customers
13453.0,166,17,356.97999999999996,20.998823529411762,356.97999999999996,0,1,At-Risk / Low-Engagement Customers
13455.0,25,46,1058.34,23.007391304347824,1058.34,0,0,High-Value Active Customers
13456.0,18,63,1766.72,28.043174603174602,1766.72,0,0,High-Value Active Customers
13458.0,7,382,9646.57,25.252801047120418,9646.57,0,0,High-Value Active Customers
13460.0,29,17,183.44,10.790588235294118,183.44,0,1,At-Risk / Low-Engagement Customers
13461.0,39,27,1445.0,53.51851851851852,1445.0,0,0,High-Value Active Customers
13462.0,253,9,151.5,16.833333333333332,151.5,0,1,At-Risk / Low-Engagement Customers
13464.0,58,41,674.68,16.45560975609756,674.68,0,1,At-Risk / Low-Engagement Customers
13466.0,184,17,307.9,18.11176470588235,307.9,0,1,At-Risk / Low-Engagement Customers
13467.0,11,98,1071.91,10.937857142857144,1071.91,0,0,High-Value Active Customers
13468.0,2,301,5693.37,18.91485049833887,5693.37,0,0,High-Value Active Customers
13470.0,99,10,165.0,16.5,165.0,0,1,At-Risk / Low-Engagement Customers
13471.0,1,254,2501.84,9.84976377952756,2501.84,0,0,High-Value Active Customers
13473.0,61,21,422.64,20.125714285714285,422.64,0,1,At-Risk / Low-Engagement Customers
13474.0,236,60,224.34,3.739,224.34,0,1,At-Risk / Low-Engagement Customers
13475.0,191,86,1431.78,16.648604651162792,1431.78,0,1,At-Risk / Low-Engagement Customers
13476.0,179,58,1238.47,21.352931034482758,1238.47,0,1,At-Risk / Low-Engagement Customers
13477.0,38,79,1454.58,18.41240506329114,1454.58,0,0,High-Value Active Customers
13479.0,201,15,300.95,20.063333333333333,300.95,0,1,At-Risk / Low-Engagement Customers
13481.0,46,109,1804.56,16.55559633027523,1804.56,0,0,High-Value Active Customers
13482.0,232,11,184.64,16.785454545454545,184.64,0,1,At-Risk / Low-Engagement Customers
13483.0,66,10,140.34,14.034,140.34,0,1,At-Risk / Low-Engagement Customers
13484.0,241,8,313.8,39.225,313.8,0,1,At-Risk / Low-Engagement Customers
13485.0,233,23,454.24,19.749565217391304,454.24,0,1,At-Risk / Low-Engagement Customers
13486.0,78,69,1122.41,16.2668115942029,1122.41,0,0,High-Value Active Customers
13487.0,58,34,575.4,16.923529411764704,575.4,0,1,At-Risk / Low-Engagement Customers
13488.0,17,422,8968.31,21.25191943127962,8968.31,0,0,High-Value Active Customers
13489.0,105,14,449.52,32.10857142857143,449.52,0,1,At-Risk / Low-Engagement Customers
13491.0,52,86,1215.82,14.137441860465115,1215.82,0,0,High-Value Active Customers
13492.0,136,50,1269.84,25.3968,1269.84,0,1,At-Risk / Low-Engagement Customers
13493.0,275,8,618.63,77.32875,618.63,0,1,At-Risk / Low-Engagement Customers
13494.0,312,18,316.26000000000005,17.570000000000004,316.26000000000005,0,1,At-Risk / Low-Engagement Customers
13495.0,8,48,2044.8700000000001,42.60145833333333,2044.8700000000001,0,0,High-Value Active Customers
13496.0,11,35,653.33,18.66657142857143,653.33,0,0,High-Value Active Customers
13497.0,283,19,348.05,18.318421052631578,348.05,0,1,At-Risk / Low-Engagement Customers
13499.0,18,42,1159.11,27.59785714285714,1159.11,0,0,High-Value Active Customers
13500.0,23,65,1166.77,17.950307692307693,1166.77,0,0,High-Value Active Customers
13501.0,288,52,1340.32,25.775384615384613,1340.32,0,1,At-Risk / Low-Engagement Customers
13502.0,17,18,292.0,16.22222222222222,292.0,0,1,At-Risk / Low-Engagement Customers
13503.0,71,17,216.85,12.755882352941176,216.85,0,1,At-Risk / Low-Engagement Customers
13504.0,64,22,295.93,13.451363636363636,295.93,0,1,At-Risk / Low-Engagement Customers
13505.0,73,215,4393.63,20.435488372093022,4393.63,0,0,High-Value Active Customers
13506.0,316,26,458.52,17.635384615384616,458.52,0,1,At-Risk / Low-Engagement Customers
13507.0,3,162,2479.16,15.303456790123455,2479.16,0,0,High-Value Active Customers
13508.0,244,12,110.97,9.2475,110.97,0,1,At-Risk / Low-Engagement Customers
13509.0,9,44,979.72,22.266363636363636,979.72,0,0,High-Value Active Customers
13510.0,1,115,1791.56,15.578782608695652,1791.56,0,0,High-Value Active Customers
13512.0,261,15,251.21,16.747333333333334,251.21,0,1,At-Risk / Low-Engagement Customers
13513.0,127,10,205.1,20.509999999999998,205.1,0,1,At-Risk / Low-Engagement Customers
13514.0,74,4,152.20000000000002,38.050000000000004,152.20000000000002,0,1,At-Risk / Low-Engagement Customers
13515.0,73,59,891.12,15.103728813559322,891.12,0,1,At-Risk / Low-Engagement Customers
13516.0,21,44,1389.41,31.5775,1389.41,0,0,High-Value Active Customers
13517.0,60,141,2128.42,15.09517730496454,2128.42,0,0,High-Value Active Customers
13518.0,86,36,627.16,17.42111111111111,627.16,0,1,At-Risk / Low-Engagement Customers
13519.0,78,8,122.75,15.34375,122.75,0,1,At-Risk / Low-Engagement Customers
13520.0,59,93,3624.35,38.97150537634408,3624.35,0,0,High-Value Active Customers
13521.0,1,418,1071.73,2.5639473684210525,1071.73,0,0,High-Value Active Customers
13522.0,30,5,125.80000000000001,25.160000000000004,125.80000000000001,0,1,At-Risk / Low-Engagement Customers
13523.0,33,172,3964.88,23.051627906976744,3964.88,0,0,High-Value Active Customers
13524.0,41,27,680.1800000000001,25.191851851851855,680.1800000000001,0,1,At-Risk / Low-Engagement Customers
13525.0,15,6,628.78,104.79666666666667,628.78,0,1,At-Risk / Low-Engagement Customers
13527.0,34,217,2242.36,10.333456221198157,2242.36,0,0,High-Value Active Customers
13529.0,79,15,307.76,20.517333333333333,307.76,0,1,At-Risk / Low-Engagement Customers
13531.0,205,22,483.8,21.990909090909092,483.8,0,1,At-Risk / Low-Engagement Customers
13532.0,34,66,210.31,3.1865151515151515,210.31,0,1,At-Risk / Low-Engagement Customers
13533.0,183,75,269.09,3.5878666666666663,269.09,0,1,At-Risk / Low-Engagement Customers
13534.0,2,294,5831.08,19.83360544217687,5831.08,0,0,High-Value Active Customers
13536.0,1,178,3444.39,19.35050561797753,3444.39,0,0,High-Value Active Customers
13538.0,43,25,1280.85,51.233999999999995,1280.85,0,1,At-Risk / Low-Engagement Customers
13539.0,86,37,631.34,17.063243243243242,631.34,0,1,At-Risk / Low-Engagement Customers
13544.0,40,78,276.06,3.539230769230769,276.06,0,1,At-Risk / Low-Engagement Customers
13546.0,12,97,621.09,6.4029896907216495,621.09,0,0,High-Value Active Customers
13548.0,96,123,678.16,5.51349593495935,678.16,0,0,High-Value Active Customers
13549.0,26,51,918.2,18.00392156862745,918.2,0,0,High-Value Active Customers
13551.0,319,4,91.80000000000001,22.950000000000003,91.80000000000001,0,1,At-Risk / Low-Engagement Customers
13552.0,66,109,3740.07,34.31256880733945,3740.07,0,0,High-Value Active Customers
13555.0,74,135,4098.88,30.362074074074076,4098.88,0,0,High-Value Active Customers
13557.0,28,34,584.06,17.178235294117645,584.06,0,1,At-Risk / Low-Engagement Customers
13558.0,6,169,594.52,3.517869822485207,594.52,0,0,High-Value Active Customers
13560.0,7,32,171.42000000000002,5.3568750000000005,171.42000000000002,0,1,At-Risk / Low-Engagement Customers
13561.0,216,14,141.85999999999999,10.132857142857143,141.85999999999999,0,1,At-Risk / Low-Engagement Customers
13562.0,82,82,1799.33,21.943048780487803,1799.33,0,0,High-Value Active Customers
13563.0,84,49,777.53,15.867959183673468,777.53,0,1,At-Risk / Low-Engagement Customers
13564.0,144,80,1716.27,21.453375,1716.27,0,0,High-Value Active Customers
13565.0,19,38,240.22,6.321578947368421,240.22,0,1,At-Risk / Low-Engagement Customers
13566.0,41,169,856.84,5.0700591715976335,856.84,0,0,High-Value Active Customers
13568.0,173,43,187.05,4.3500000000000005,187.05,0,1,At-Risk / Low-Engagement Customers
13569.0,17,79,338.62,4.286329113924051,338.62,0,0,High-Value Active Customers
13570.0,243,27,239.49,8.870000000000001,239.49,0,1,At-Risk / Low-Engagement Customers
13571.0,13,340,2088.94,6.143941176470588,2088.94,0,0,High-Value Active Customers
13572.0,206,33,1384.25,41.946969696969695,1384.25,0,1,At-Risk / Low-Engagement Customers
13573.0,50,25,290.25,11.61,290.25,0,1,At-Risk / Low-Engagement Customers
13575.0,23,46,732.0699999999999,15.914565217391303,732.0699999999999,0,0,High-Value Active Customers
13576.0,10,126,6717.34,53.312222222222225,6717.34,0,0,High-Value Active Customers
13577.0,25,83,1687.6000000000001,20.33253012048193,1687.6000000000001,0,0,High-Value Active Customers
13579.0,15,23,467.04,20.30608695652174,467.04,0,1,At-Risk / Low-Engagement Customers
13581.0,309,10,118.0,11.8,118.0,0,1,At-Risk / Low-Engagement Customers
13583.0,156,53,781.03,14.736415094339621,781.03,0,1,At-Risk / Low-Engagement Customers
13584.0,307,24,142.4,5.933333333333334,142.4,0,1,At-Risk / Low-Engagement Customers
13587.0,64,8,712.4,89.05,712.4,0,1,At-Risk / Low-Engagement Customers
13588.0,16,174,2478.95,14.246839080459768,2478.95,0,0,High-Value Active Customers
13589.0,15,21,379.65,18.07857142857143,379.65,0,1,At-Risk / Low-Engagement Customers
13590.0,11,87,1981.92,22.780689655172413,1981.92,0,0,High-Value Active Customers
13591.0,65,58,1117.13,19.26086206896552,1117.13,0,0,High-Value Active Customers
13592.0,36,16,247.95999999999998,15.497499999999999,247.95999999999998,0,1,At-Risk / Low-Engagement Customers
13593.0,108,127,2011.88,15.841574803149607,2011.88,0,0,High-Value Active Customers
13594.0,53,26,396.97,15.268076923076924,396.97,0,1,At-Risk / Low-Engagement Customers
13596.0,6,146,664.11,4.548698630136986,664.11,0,0,High-Value Active Customers
13598.0,47,35,160.04,4.572571428571428,160.04,0,1,At-Risk / Low-Engagement Customers
13599.0,1,245,5129.12,20.93518367346939,5129.12,0,0,High-Value Active Customers
13600.0,312,19,219.52,11.553684210526317,219.52,0,1,At-Risk / Low-Engagement Customers
13601.0,45,99,693.32,7.003232323232324,693.32,0,0,High-Value Active Customers
13602.0,65,23,428.89,18.647391304347824,428.89,0,1,At-Risk / Low-Engagement Customers
13603.0,26,27,164.34,6.086666666666667,164.34,0,1,At-Risk / Low-Engagement Customers
13606.0,29,40,276.75,6.91875,276.75,0,1,At-Risk / Low-Engagement Customers
13607.0,40,97,675.51,6.964020618556701,675.51,0,0,High-Value Active Customers
13610.0,12,215,1082.33,5.034093023255814,1082.33,0,0,High-Value Active Customers
13611.0,89,72,1154.4,16.033333333333335,1154.4,0,0,High-Value Active Customers
13614.0,24,195,1585.46,8.130564102564103,1585.46,0,0,High-Value Active Customers
13615.0,319,23,417.69,18.160434782608696,417.69,0,1,At-Risk / Low-Engagement Customers
13617.0,40,44,544.18,12.367727272727272,544.18,0,1,At-Risk / Low-Engagement Customers
13618.0,174,13,177.34,13.641538461538461,177.34,0,1,At-Risk / Low-Engagement Customers
13621.0,117,19,213.85,11.255263157894737,213.85,0,1,At-Risk / Low-Engagement Customers
13623.0,31,78,727.74,9.33,727.74,0,0,High-Value Active Customers
13626.0,253,19,257.23,13.53842105263158,257.23,0,1,At-Risk / Low-Engagement Customers
13627.0,59,92,1638.47,17.80945652173913,1638.47,0,0,High-Value Active Customers
13629.0,23,59,7792.36,132.07389830508475,7792.36,0,0,High-Value Active Customers
13630.0,5,71,2031.78,28.61661971830986,2031.78,0,0,High-Value Active Customers
13631.0,100,11,3070.42,279.1290909090909,3070.42,0,1,At-Risk / Low-Engagement Customers
13632.0,25,145,2118.93,14.613310344827585,2118.93,0,0,High-Value Active Customers
13634.0,33,186,1547.3600000000001,8.319139784946238,1547.3600000000001,0,0,High-Value Active Customers
13635.0,68,62,1071.03,17.274677419354838,1071.03,0,0,High-Value Active Customers
13636.0,37,63,949.12,15.065396825396826,949.12,0,0,High-Value Active Customers
13637.0,52,99,804.3,8.124242424242423,804.3,0,0,High-Value Active Customers
13638.0,16,8,122.64,15.33,122.64,0,1,At-Risk / Low-Engagement Customers
13639.0,74,40,1033.34,25.833499999999997,1033.34,0,1,At-Risk / Low-Engagement Customers
13642.0,216,57,312.28,5.478596491228069,312.28,0,1,At-Risk / Low-Engagement Customers
13643.0,31,28,519.44,18.551428571428573,519.44,0,1,At-Risk / Low-Engagement Customers
13644.0,16,146,2624.26,17.974383561643837,2624.26,0,0,High-Value Active Customers
13645.0,120,5,252.1,50.42,252.1,0,1,At-Risk / Low-Engagement Customers
13647.0,10,78,1648.1200000000001,21.12974358974359,1648.1200000000001,0,0,High-Value Active Customers
13649.0,257,23,346.6,15.069565217391306,346.6,0,1,At-Risk / Low-Engagement Customers
13650.0,17,96,1836.34,19.128541666666667,1836.34,0,0,High-Value Active Customers
13651.0,35,6,94.2,15.700000000000001,94.2,0,1,At-Risk / Low-Engagement Customers
13652.0,46,63,1095.08,17.38222222222222,1095.08,0,0,High-Value Active Customers
13654.0,43,166,2707.33,16.30921686746988,2707.33,0,0,High-Value Active Customers
13655.0,114,56,932.97,16.66017857142857,932.97,0,1,At-Risk / Low-Engagement Customers
13656.0,165,49,379.65,7.747959183673469,379.65,0,1,At-Risk / Low-Engagement Customers
13657.0,11,16,382.14,23.88375,382.14,0,1,At-Risk / Low-Engagement Customers
13658.0,10,108,2639.17,24.43675925925926,2639.17,0,0,High-Value Active Customers
13659.0,206,103,1563.0,15.174757281553399,1563.0,0,0,High-Value Active Customers
13662.0,86,52,881.26,16.947307692307692,881.26,0,1,At-Risk / Low-Engagement Customers
13663.0,179,13,189.47,14.574615384615385,189.47,0,1,At-Risk / Low-Engagement Customers
13666.0,60,12,84.65,7.054166666666667,84.65,0,1,At-Risk / Low-Engagement Customers
13667.0,149,83,299.05,3.603012048192771,299.05,0,1,At-Risk / Low-Engagement Customers
13668.0,3,461,6299.83,13.665574837310196,6299.83,0,0,High-Value Active Customers
13669.0,51,9,218.55,24.283333333333335,218.55,0,1,At-Risk / Low-Engagement Customers
13670.0,75,25,349.7,13.988,349.7,0,1,At-Risk / Low-Engagement Customers
13672.0,301,6,186.39000000000001,31.065,186.39000000000001,0,1,At-Risk / Low-Engagement Customers
13673.0,19,60,387.44,6.457333333333334,387.44,0,0,High-Value Active Customers
13675.0,151,25,486.82000000000005,19.472800000000003,486.82000000000005,0,1,At-Risk / Low-Engagement Customers
13678.0,152,16,232.6,14.5375,232.6,0,1,At-Risk / Low-Engagement Customers
13680.0,1,194,3719.12,19.170721649484534,3719.12,0,0,High-Value Active Customers
13681.0,18,57,827.83,14.523333333333333,827.83,0,0,High-Value Active Customers
13682.0,187,3,59.5,19.833333333333332,59.5,0,1,At-Risk / Low-Engagement Customers
13684.0,286,29,65.13,2.245862068965517,65.13,0,1,At-Risk / Low-Engagement Customers
13685.0,3,39,3119.44,79.98564102564103,3119.44,0,0,High-Value Active Customers
13686.0,183,8,72.0,9.0,72.0,0,1,At-Risk / Low-Engagement Customers
13689.0,63,6,910.0,151.66666666666666,910.0,0,1,At-Risk / Low-Engagement Customers
13690.0,59,9,172.25,19.13888888888889,172.25,0,1,At-Risk / Low-Engagement Customers
13692.0,25,53,1488.32,28.081509433962264,1488.32,0,0,High-Value Active Customers
13694.0,4,568,65039.62,114.50637323943663,65039.62,0,0,High-Value Active Customers
13695.0,31,90,2504.13,27.823666666666668,2504.13,0,0,High-Value Active Customers
13697.0,39,12,151.29999999999998,12.608333333333333,151.29999999999998,0,1,At-Risk / Low-Engagement Customers
13699.0,155,14,308.58000000000004,22.041428571428575,308.58000000000004,0,1,At-Risk / Low-Engagement Customers
13700.0,26,194,2248.63,11.590876288659794,2248.63,0,0,High-Value Active Customers
13703.0,318,1,99.5,99.5,99.5,0,1,At-Risk / Low-Engagement Customers
13704.0,5,134,2308.06,17.224328358208954,2308.06,0,0,High-Value Active Customers
13705.0,8,28,711.86,25.423571428571428,711.86,0,0,High-Value Active Customers
13706.0,303,20,330.79,16.5395,330.79,0,1,At-Risk / Low-Engagement Customers
13707.0,267,48,806.41,16.800208333333334,806.41,0,1,At-Risk / Low-Engagement Customers
13708.0,271,49,285.33,5.823061224489796,285.33,0,1,At-Risk / Low-Engagement Customers
13709.0,4,335,6307.650000000001,18.828805970149254,6307.650000000001,0,0,High-Value Active Customers
13710.0,32,8,180.48,22.56,180.48,0,1,At-Risk / Low-Engagement Customers
13711.0,219,13,252.06,19.38923076923077,252.06,0,1,At-Risk / Low-Engagement Customers
13712.0,247,10,228.84,22.884,228.84,0,1,At-Risk / Low-Engagement Customers
13715.0,281,104,1077.39,10.359519230769232,1077.39,0,1,At-Risk / Low-Engagement Customers
13716.0,269,21,138.28,6.584761904761905,138.28,0,1,At-Risk / Low-Engagement Customers
13717.0,32,102,1445.01,14.166764705882352,1445.01,0,0,High-Value Active Customers
13718.0,246,12,306.55,25.545833333333334,306.55,0,1,At-Risk / Low-Engagement Customers
13719.0,15,60,1041.68,17.361333333333334,1041.68,0,0,High-Value Active Customers
13720.0,117,43,799.9,18.60232558139535,799.9,0,1,At-Risk / Low-Engagement Customers
13721.0,36,28,524.14,18.719285714285714,524.14,0,1,At-Risk / Low-Engagement Customers
13722.0,132,85,2375.41,27.945999999999998,2375.41,0,0,High-Value Active Customers
13723.0,217,6,199.85000000000002,33.30833333333334,199.85000000000002,0,1,At-Risk / Low-Engagement Customers
13725.0,50,104,1980.56,19.043846153846154,1980.56,0,0,High-Value Active Customers
13726.0,39,42,1079.6599999999999,25.70619047619047,1079.6599999999999,0,0,High-Value Active Customers
13727.0,29,20,333.48,16.674,333.48,0,1,At-Risk / Low-Engagement Customers
13728.0,37,63,1016.14,16.12920634920635,1016.14,0,0,High-Value Active Customers
13730.0,136,43,752.6,17.50232558139535,752.6,0,1,At-Risk / Low-Engagement Customers
13731.0,219,38,610.59,16.068157894736842,610.59,0,1,At-Risk / Low-Engagement Customers
13732.0,28,33,491.86,14.904848484848486,491.86,0,1,At-Risk / Low-Engagement Customers
13735.0,25,195,2883.54,14.787384615384616,2883.54,0,0,High-Value Active Customers
13736.0,5,190,729.8,3.8410526315789473,729.8,0,0,High-Value Active Customers
13737.0,200,30,339.59999999999997,11.319999999999999,339.59999999999997,0,1,At-Risk / Low-Engagement Customers
13739.0,18,3,216.9,72.3,216.9,0,1,At-Risk / Low-Engagement Customers
13740.0,241,23,350.75,15.25,350.75,0,1,At-Risk / Low-Engagement Customers
13741.0,72,34,668.4300000000001,19.65970588235294,668.4300000000001,0,1,At-Risk / Low-Engagement Customers
13742.0,17,313,3107.87,9.92929712460064,3107.87,0,0,High-Value Active Customers
13743.0,3,41,1341.6,32.72195121951219,1341.6,0,0,High-Value Active Customers
13744.0,95,63,1080.52,17.15111111111111,1080.52,0,1,At-Risk / Low-Engagement Customers
13745.0,162,25,300.04,12.001600000000002,300.04,0,1,At-Risk / Low-Engagement Customers
13747.0,374,1,79.6,79.6,79.6,0,1,At-Risk / Low-Engagement Customers
13748.0,96,28,948.25,33.86607142857143,948.25,0,1,At-Risk / Low-Engagement Customers
13750.0,54,24,1647.26,68.63583333333334,1647.26,0,1,At-Risk / Low-Engagement Customers
13751.0,288,9,296.25,32.916666666666664,296.25,0,1,At-Risk / Low-Engagement Customers
13752.0,124,75,1175.38,15.671733333333334,1175.38,0,1,At-Risk / Low-Engagement Customers
13753.0,288,35,741.26,21.178857142857144,741.26,0,1,At-Risk / Low-Engagement Customers
13754.0,152,12,282.59999999999997,23.549999999999997,282.59999999999997,0,1,At-Risk / Low-Engagement Customers
13755.0,4,320,2106.81,6.5837812499999995,2106.81,0,0,High-Value Active Customers
13756.0,2,142,5189.52,36.54591549295775,5189.52,0,0,High-Value Active Customers
13758.0,12,117,3190.55,27.26965811965812,3190.55,0,0,High-Value Active Customers
13759.0,33,25,659.4100000000001,26.376400000000004,659.4100000000001,0,1,At-Risk / Low-Engagement Customers
13760.0,54,57,286.79,5.03140350877193,286.79,0,1,At-Risk / Low-Engagement Customers
13761.0,50,70,1070.65,15.295000000000002,1070.65,0,0,High-Value Active Customers
13762.0,219,7,306.72,43.81714285714286,306.72,0,1,At-Risk / Low-Engagement Customers
13763.0,63,15,1714.96,114.33066666666667,1714.96,0,1,At-Risk / Low-Engagement Customers
13764.0,71,207,1519.42,7.340193236714976,1519.42,0,0,High-Value Active Customers
13767.0,2,367,17200.56,46.868010899182565,17200.56,0,0,High-Value Active Customers
13769.0,2,135,2796.51,20.71488888888889,2796.51,0,0,High-Value Active Customers
13771.0,64,119,2634.45,22.138235294117646,2634.45,0,0,High-Value Active Customers
13772.0,34,173,1122.63,6.489190751445087,1122.63,0,0,High-Value Active Customers
13774.0,82,22,345.0,15.681818181818182,345.0,0,1,At-Risk / Low-Engagement Customers
13777.0,1,197,25977.16,131.86375634517768,25977.16,0,0,High-Value Active Customers
13778.0,103,9,178.7,19.855555555555554,178.7,0,1,At-Risk / Low-Engagement Customers
13780.0,7,57,360.01,6.315964912280702,360.01,0,0,High-Value Active Customers
13781.0,251,17,127.84,7.5200000000000005,127.84,0,1,At-Risk / Low-Engagement Customers
13782.0,13,113,908.86,8.043008849557522,908.86,0,0,High-Value Active Customers
13784.0,10,31,2462.79,79.44483870967741,2462.79,0,0,High-Value Active Customers
13786.0,367,7,230.39999999999998,32.91428571428571,230.39999999999998,0,1,At-Risk / Low-Engagement Customers
13787.0,76,31,309.04,9.969032258064518,309.04,0,1,At-Risk / Low-Engagement Customers
13790.0,4,45,348.8,7.751111111111111,348.8,0,0,High-Value Active Customers
13791.0,128,11,1516.0,137.8181818181818,1516.0,0,1,At-Risk / Low-Engagement Customers
13792.0,66,13,195.55,15.042307692307693,195.55,0,1,At-Risk / Low-Engagement Customers
13798.0,1,349,37153.85,106.4580229226361,37153.85,0,0,High-Value Active Customers
13799.0,117,39,688.86,17.663076923076922,688.86,0,1,At-Risk / Low-Engagement Customers
13800.0,310,33,558.32,16.91878787878788,558.32,0,1,At-Risk / Low-Engagement Customers
13801.0,67,23,324.8,14.121739130434783,324.8,0,1,At-Risk / Low-Engagement Customers
13802.0,139,60,4599.42,76.657,4599.42,0,0,High-Value Active Customers
13803.0,255,17,277.07,16.298235294117646,277.07,0,1,At-Risk / Low-Engagement Customers
13804.0,31,135,2588.39,19.173259259259257,2588.39,0,0,High-Value Active Customers
13805.0,52,13,924.6,71.12307692307692,924.6,0,1,At-Risk / Low-Engagement Customers
13806.0,64,10,256.38,25.637999999999998,256.38,0,1,At-Risk / Low-Engagement Customers
13807.0,367,7,112.6,16.085714285714285,112.6,0,1,At-Risk / Low-Engagement Customers
13808.0,6,76,1747.66,22.995526315789476,1747.66,0,0,High-Value Active Customers
13809.0,305,12,155.05,12.920833333333334,155.05,0,1,At-Risk / Low-Engagement Customers
13810.0,29,35,1499.01,42.828857142857146,1499.01,0,0,High-Value Active Customers
13811.0,184,13,814.5,62.65384615384615,814.5,0,1,At-Risk / Low-Engagement Customers
13812.0,42,36,539.0,14.972222222222221,539.0,0,1,At-Risk / Low-Engagement Customers
13813.0,40,69,1366.8600000000001,19.809565217391306,1366.8600000000001,0,0,High-Value Active Customers
13814.0,92,57,1579.12,27.703859649122805,1579.12,0,0,High-Value Active Customers
13815.0,22,176,4027.36,22.882727272727273,4027.36,0,0,High-Value Active Customers
13816.0,24,28,571.6700000000001,20.416785714285716,571.6700000000001,0,1,At-Risk / Low-Engagement Customers
13817.0,29,24,382.98,15.957500000000001,382.98,0,1,At-Risk / Low-Engagement Customers
13819.0,302,36,1140.35,31.676388888888887,1140.35,0,1,At-Risk / Low-Engagement Customers
13821.0,145,59,385.64,6.536271186440678,385.64,0,1,At-Risk / Low-Engagement Customers
13822.0,6,96,632.0,6.583333333333333,632.0,0,0,High-Value Active Customers
13823.0,19,40,957.66,23.941499999999998,957.66,0,0,High-Value Active Customers
13824.0,33,46,1698.94,36.93347826086956,1698.94,0,0,High-Value Active Customers
13826.0,176,10,189.5,18.95,189.5,0,1,At-Risk / Low-Engagement Customers
13827.0,58,92,409.8,4.4543478260869565,409.8,0,1,At-Risk / Low-Engagement Customers
13828.0,22,15,209.49,13.966000000000001,209.49,0,1,At-Risk / Low-Engagement Customers
13831.0,16,72,2198.45,30.534027777777776,2198.45,0,0,High-Value Active Customers
13832.0,19,3,52.199999999999996,17.4,52.199999999999996,0,1,At-Risk / Low-Engagement Customers
13833.0,159,28,383.85,13.708928571428572,383.85,0,1,At-Risk / Low-Engagement Customers
13835.0,25,55,834.57,15.174000000000001,834.57,0,0,High-Value Active Customers
13837.0,212,18,266.59000000000003,14.810555555555558,266.59000000000003,0,1,At-Risk / Low-Engagement Customers
13838.0,6,165,674.82,4.089818181818182,674.82,0,0,High-Value Active Customers
13841.0,253,1,85.0,85.0,85.0,0,1,At-Risk / Low-Engagement Customers
13842.0,59,206,3385.62,16.43504854368932,3385.62,0,0,High-Value Active Customers
13844.0,11,20,361.62,18.081,361.62,0,1,At-Risk / Low-Engagement Customers
13845.0,65,9,312.98,34.775555555555556,312.98,0,1,At-Risk / Low-Engagement Customers
13846.0,25,55,865.0600000000001,15.728363636363637,865.0600000000001,0,0,High-Value Active Customers
13848.0,92,5,1255.0,251.0,1255.0,0,1,At-Risk / Low-Engagement Customers
13849.0,52,101,1537.95,15.227227722772279,1537.95,0,0,High-Value Active Customers
13850.0,129,93,1595.48,17.155698924731183,1595.48,0,0,High-Value Active Customers
13851.0,96,81,2651.46,32.73407407407407,2651.46,0,0,High-Value Active Customers
13853.0,57,23,1090.14,47.39739130434783,1090.14,0,1,At-Risk / Low-Engagement Customers
13854.0,9,110,8109.5199999999995,73.72290909090908,8109.5199999999995,0,0,High-Value Active Customers
13856.0,169,14,388.5,27.75,388.5,0,1,At-Risk / Low-Engagement Customers
13858.0,57,11,216.17,19.651818181818182,216.17,0,1,At-Risk / Low-Engagement Customers
13859.0,326,28,201.16,7.184285714285714,201.16,0,1,At-Risk / Low-Engagement Customers
13860.0,1,76,1245.9,16.39342105263158,1245.9,0,0,High-Value Active Customers
13862.0,18,139,2209.36,15.894676258992806,2209.36,0,0,High-Value Active Customers
13863.0,248,20,305.78,15.288999999999998,305.78,0,1,At-Risk / Low-Engagement Customers
13865.0,58,30,501.56,16.718666666666667,501.56,0,1,At-Risk / Low-Engagement Customers
13866.0,74,7,145.67000000000002,20.810000000000002,145.67000000000002,0,1,At-Risk / Low-Engagement Customers
13867.0,31,60,1005.09,16.7515,1005.09,0,0,High-Value Active Customers
13868.0,7,33,3192.54,96.74363636363637,3192.54,0,0,High-Value Active Customers
13869.0,123,304,3083.65,10.143585526315789,3083.65,0,0,High-Value Active Customers
13870.0,2,115,2770.94,24.095130434782607,2770.94,0,0,High-Value Active Customers
13871.0,23,336,6403.25,19.057291666666668,6403.25,0,0,High-Value Active Customers
13873.0,120,23,389.6,16.93913043478261,389.6,0,1,At-Risk / Low-Engagement Customers
13874.0,358,18,540.45,30.025000000000002,540.45,0,1,At-Risk / Low-Engagement Customers
13875.0,54,104,1786.79,17.180673076923078,1786.79,0,0,High-Value Active Customers
13876.0,64,7,122.7,17.52857142857143,122.7,0,1,At-Risk / Low-Engagement Customers
13877.0,86,3,117.24,39.08,117.24,0,1,At-Risk / Low-Engagement Customers
13878.0,55,35,1271.57,36.330571428571425,1271.57,0,1,At-Risk / Low-Engagement Customers
13880.0,21,165,3219.77,19.513757575757577,3219.77,0,0,High-Value Active Customers
13881.0,4,178,17159.52,96.40179775280899,17159.52,0,0,High-Value Active Customers
13882.0,3,65,1191.13,18.325076923076924,1191.13,0,0,High-Value Active Customers
13883.0,11,142,2674.48,18.834366197183098,2674.48,0,0,High-Value Active Customers
13884.0,7,59,787.6,13.349152542372881,787.6,0,0,High-Value Active Customers
13885.0,189,28,506.8,18.1,506.8,0,1,At-Risk / Low-Engagement Customers
13886.0,71,16,243.56,15.2225,243.56,0,1,At-Risk / Low-Engagement Customers
13887.0,204,19,349.55,18.397368421052633,349.55,0,1,At-Risk / Low-Engagement Customers
13888.0,120,39,595.67,15.273589743589742,595.67,0,1,At-Risk / Low-Engagement Customers
13889.0,93,15,416.90000000000003,27.793333333333337,416.90000000000003,0,1,At-Risk / Low-Engagement Customers
13890.0,1,110,1883.8100000000002,17.125545454545456,1883.8100000000002,0,0,High-Value Active Customers
13892.0,27,27,632.97,23.443333333333335,632.97,0,1,At-Risk / Low-Engagement Customers
13893.0,298,21,821.1,39.1,821.1,0,1,At-Risk / Low-Engagement Customers
13894.0,24,27,564.62,20.911851851851853,564.62,0,1,At-Risk / Low-Engagement Customers
13895.0,28,118,2593.07,21.975169491525424,2593.07,0,0,High-Value Active Customers
13897.0,50,17,311.16,18.303529411764707,311.16,0,1,At-Risk / Low-Engagement Customers
13898.0,326,12,155.93,12.994166666666667,155.93,0,1,At-Risk / Low-Engagement Customers
13899.0,16,19,388.52,20.448421052631577,388.52,0,1,At-Risk / Low-Engagement Customers
13900.0,183,43,740.95,17.23139534883721,740.95,0,1,At-Risk / Low-Engagement Customers
13901.0,72,149,2867.2,19.242953020134227,2867.2,0,0,High-Value Active Customers
13904.0,37,26,332.64,12.793846153846154,332.64,0,1,At-Risk / Low-Engagement Customers
13908.0,80,122,2369.55,19.42254098360656,2369.55,0,0,High-Value Active Customers
13911.0,57,148,2580.91,17.43858108108108,2580.91,0,0,High-Value Active Customers
13914.0,12,33,626.45,18.983333333333334,626.45,0,0,High-Value Active Customers
13917.0,50,18,272.04,15.113333333333335,272.04,0,1,At-Risk / Low-Engagement Customers
13918.0,50,30,1212.8400000000001,40.428000000000004,1212.8400000000001,0,1,At-Risk / Low-Engagement Customers
13919.0,59,28,384.81,13.743214285714286,384.81,0,1,At-Risk / Low-Engagement Customers
13922.0,352,7,172.25,24.607142857142858,172.25,0,1,At-Risk / Low-Engagement Customers
13923.0,54,20,351.13,17.5565,351.13,0,1,At-Risk / Low-Engagement Customers
13924.0,2,117,1838.8500000000001,15.716666666666669,1838.8500000000001,0,0,High-Value Active Customers
13925.0,93,41,678.25,16.54268292682927,678.25,0,1,At-Risk / Low-Engagement Customers
13926.0,23,11,223.85000000000002,20.35,223.85000000000002,0,1,At-Risk / Low-Engagement Customers
13927.0,75,21,348.99,16.61857142857143,348.99,0,1,At-Risk / Low-Engagement Customers
13928.0,11,27,464.57,17.206296296296298,464.57,0,1,At-Risk / Low-Engagement Customers
13929.0,169,9,842.65,93.62777777777778,842.65,0,1,At-Risk / Low-Engagement Customers
13930.0,58,17,337.34,19.843529411764706,337.34,0,1,At-Risk / Low-Engagement Customers
13931.0,96,58,1237.53,21.336724137931036,1237.53,0,1,At-Risk / Low-Engagement Customers
13932.0,295,16,307.4,19.2125,307.4,0,1,At-Risk / Low-Engagement Customers
13933.0,109,23,608.7900000000001,26.469130434782613,608.7900000000001,0,1,At-Risk / Low-Engagement Customers
13934.0,264,31,922.1,29.74516129032258,922.1,0,1,At-Risk / Low-Engagement Customers
13936.0,180,26,376.58,14.483846153846153,376.58,0,1,At-Risk / Low-Engagement Customers
13937.0,169,9,158.85,17.65,158.85,0,1,At-Risk / Low-Engagement Customers
13938.0,35,7,71.66,10.237142857142857,71.66,0,1,At-Risk / Low-Engagement Customers
13939.0,23,45,568.55,12.634444444444444,568.55,0,0,High-Value Active Customers
13940.0,17,49,839.14,17.12530612244898,839.14,0,0,High-Value Active Customers
13941.0,22,45,5112.96,113.62133333333334,5112.96,0,0,High-Value Active Customers
13946.0,79,11,561.5699999999999,51.05181818181818,561.5699999999999,0,1,At-Risk / Low-Engagement Customers
13947.0,65,5,90.6,18.119999999999997,90.6,0,1,At-Risk / Low-Engagement Customers
13948.0,361,3,102.0,34.0,102.0,0,1,At-Risk / Low-Engagement Customers
13949.0,3,160,2427.32,15.170750000000002,2427.32,0,0,High-Value Active Customers
13950.0,11,35,745.06,21.28742857142857,745.06,0,0,High-Value Active Customers
13951.0,176,39,674.45,17.293589743589745,674.45,0,1,At-Risk / Low-Engagement Customers
13952.0,218,137,3251.071,23.730445255474454,3251.071,0,0,High-Value Active Customers
13953.0,7,20,3515.68,175.784,3515.68,0,0,High-Value Active Customers
13954.0,2,25,439.92,17.5968,439.92,0,0,High-Value Active Customers
13955.0,154,33,322.96,9.786666666666665,322.96,0,1,At-Risk / Low-Engagement Customers
13956.0,5,147,1019.27,6.933809523809524,1019.27,0,0,High-Value Active Customers
13959.0,79,90,594.04,6.600444444444444,594.04,0,1,At-Risk / Low-Engagement Customers
13960.0,21,12,230.22,19.185,230.22,0,1,At-Risk / Low-Engagement Customers
13962.0,22,11,169.55,15.413636363636364,169.55,0,1,At-Risk / Low-Engagement Customers
13963.0,308,35,664.54,18.986857142857144,664.54,0,1,At-Risk / Low-Engagement Customers
13967.0,146,2,80.7,40.35,80.7,0,1,At-Risk / Low-Engagement Customers
13969.0,7,619,9024.17,14.578626817447496,9024.17,0,0,High-Value Active Customers
13971.0,19,149,2758.26,18.511812080536913,2758.26,0,0,High-Value Active Customers
13972.0,71,15,190.25,12.683333333333334,190.25,0,1,At-Risk / Low-Engagement Customers
13973.0,287,11,264.7,24.063636363636363,264.7,0,1,At-Risk / Low-Engagement Customers
13974.0,49,28,413.59000000000003,14.77107142857143,413.59000000000003,0,1,At-Risk / Low-Engagement Customers
13975.0,31,329,2461.2400000000002,7.480972644376901,2461.2400000000002,0,0,High-Value Active Customers
13976.0,207,10,357.98,35.798,357.98,0,1,At-Risk / Low-Engagement Customers
13978.0,15,15,196.79000000000002,13.119333333333335,196.79000000000002,0,1,At-Risk / Low-Engagement Customers
13979.0,73,54,869.87,16.108703703703704,869.87,0,1,At-Risk / Low-Engagement Customers
13980.0,60,11,200.14,18.19454545454545,200.14,0,1,At-Risk / Low-Engagement Customers
13982.0,39,111,1871.81,16.863153153153153,1871.81,0,0,High-Value Active Customers
13983.0,30,107,2603.43,24.3311214953271,2603.43,0,0,High-Value Active Customers
13984.0,27,16,920.51,57.531875,920.51,0,1,At-Risk / Low-Engagement Customers
13985.0,4,349,7060.13,20.229598853868197,7060.13,0,0,High-Value Active Customers
13986.0,17,13,320.46,24.650769230769228,320.46,0,1,At-Risk / Low-Engagement Customers
13988.0,20,234,4147.96,17.726324786324785,4147.96,0,0,High-Value Active Customers
13989.0,66,41,1266.08,30.88,1266.08,0,1,At-Risk / Low-Engagement Customers
13990.0,213,16,311.3,19.45625,311.3,0,1,At-Risk / Low-Engagement Customers
13991.0,12,82,852.88,10.400975609756097,852.88,0,0,High-Value Active Customers
13992.0,30,5,76.8,15.36,76.8,0,1,At-Risk / Low-Engagement Customers
13993.0,43,121,3466.36,28.647603305785125,3466.36,0,0,High-Value Active Customers
13994.0,4,148,2274.14,15.36581081081081,2274.14,0,0,High-Value Active Customers
13995.0,15,86,1393.69,16.205697674418605,1393.69,0,0,High-Value Active Customers
13999.0,10,208,3901.81,18.758701923076924,3901.81,0,0,High-Value Active Customers
14000.0,211,15,635.66,42.37733333333333,635.66,0,1,At-Risk / Low-Engagement Customers
14001.0,46,39,2043.0800000000002,52.38666666666667,2043.0800000000002,0,0,High-Value Active Customers
14002.0,134,47,529.73,11.270851063829788,529.73,0,1,At-Risk / Low-Engagement Customers
14004.0,43,171,4582.64,26.799064327485382,4582.64,0,0,High-Value Active Customers
14005.0,10,84,2874.72,34.22285714285714,2874.72,0,0,High-Value Active Customers
14006.0,116,30,962.19,32.073,962.19,0,1,At-Risk / Low-Engagement Customers
14009.0,198,42,695.61,16.562142857142856,695.61,0,1,At-Risk / Low-Engagement Customers
14012.0,278,11,328.8,29.89090909090909,328.8,0,1,At-Risk / Low-Engagement Customers
14013.0,110,34,473.02,13.91235294117647,473.02,0,1,At-Risk / Low-Engagement Customers
14014.0,77,39,505.18,12.953333333333333,505.18,0,1,At-Risk / Low-Engagement Customers
14015.0,53,20,917.34,45.867000000000004,917.34,0,1,At-Risk / Low-Engagement Customers
14016.0,162,161,4341.21,26.964037267080744,4341.21,0,0,High-Value Active Customers
14019.0,47,66,1421.61,21.539545454545454,1421.61,0,0,High-Value Active Customers
14020.0,17,39,642.8,16.48205128205128,642.8,0,0,High-Value Active Customers
14021.0,155,22,631.9,28.722727272727273,631.9,0,1,At-Risk / Low-Engagement Customers
14022.0,225,28,440.0,15.714285714285714,440.0,0,1,At-Risk / Low-Engagement Customers
14023.0,7,31,584.07,18.840967741935486,584.07,0,0,High-Value Active Customers
14024.0,122,16,327.7,20.48125,327.7,0,1,At-Risk / Low-Engagement Customers
14027.0,61,6,104.82,17.47,104.82,0,1,At-Risk / Low-Engagement Customers
14029.0,63,15,467.66,31.177333333333333,467.66,0,1,At-Risk / Low-Engagement Customers
14030.0,18,242,2358.84,9.747272727272728,2358.84,0,0,High-Value Active Customers
14031.0,7,250,17286.86,69.14744,17286.86,0,0,High-Value Active Customers
14032.0,2,143,2975.59,20.80832167832168,2975.59,0,0,High-Value Active Customers
14034.0,22,86,648.89,7.545232558139535,648.89,0,0,High-Value Active Customers
14035.0,29,66,1428.02,21.636666666666667,1428.02,0,0,High-Value Active Customers
14036.0,285,38,626.65,16.49078947368421,626.65,0,1,At-Risk / Low-Engagement Customers
14037.0,176,28,147.20000000000002,5.257142857142858,147.20000000000002,0,1,At-Risk / Low-Engagement Customers
14038.0,78,92,1560.38,16.960652173913044,1560.38,0,0,High-Value Active Customers
14039.0,33,6,152.2,25.366666666666664,152.2,0,1,At-Risk / Low-Engagement Customers
14040.0,41,229,3560.32,15.547248908296943,3560.32,0,0,High-Value Active Customers
14041.0,266,21,141.41,6.733809523809524,141.41,0,1,At-Risk / Low-Engagement Customers
14044.0,27,206,646.42,3.1379611650485435,646.42,0,0,High-Value Active Customers
14045.0,109,6,1659.75,276.625,1659.75,0,1,At-Risk / Low-Engagement Customers
14046.0,284,14,154.99,11.070714285714287,154.99,0,1,At-Risk / Low-Engagement Customers
14047.0,9,32,1308.6100000000001,40.894062500000004,1308.6100000000001,0,0,High-Value Active Customers
14048.0,305,85,409.93,4.822705882352941,409.93,0,1,At-Risk / Low-Engagement Customers
14049.0,17,478,5578.72,11.670962343096235,5578.72,0,0,High-Value Active Customers
14050.0,32,54,746.36,13.821481481481483,746.36,0,0,High-Value Active Customers
14051.0,1,210,15610.390000000001,74.33519047619048,15610.390000000001,0,0,High-Value Active Customers
14052.0,20,56,225.36,4.024285714285715,225.36,0,1,At-Risk / Low-Engagement Customers
14053.0,124,4,260.25,65.0625,260.25,0,1,At-Risk / Low-Engagement Customers
14054.0,65,6,92.46,15.409999999999998,92.46,0,1,At-Risk / Low-Engagement Customers
14055.0,106,10,725.6400000000001,72.56400000000001,725.6400000000001,0,1,At-Risk / Low-Engagement Customers
14056.0,1,1088,8152.71,7.493299632352941,8152.71,0,0,High-Value Active Customers
14057.0,24,283,6211.66,21.949328621908126,6211.66,0,0,High-Value Active Customers
14059.0,267,8,183.6,22.95,183.6,0,1,At-Risk / Low-Engagement Customers
14060.0,5,202,6140.42,30.39811881188119,6140.42,0,0,High-Value Active Customers
14062.0,10,111,10464.85,94.27792792792793,10464.85,0,0,High-Value Active Customers
14064.0,29,77,1334.34,17.329090909090908,1334.34,0,0,High-Value Active Customers
14066.0,267,7,152.55,21.792857142857144,152.55,0,1,At-Risk / Low-Engagement Customers
14067.0,64,52,374.7,7.2057692307692305,374.7,0,1,At-Risk / Low-Engagement Customers
14068.0,320,24,265.85,11.077083333333334,265.85,0,1,At-Risk / Low-Engagement Customers
14071.0,4,323,1437.57,4.450681114551084,1437.57,0,0,High-Value Active Customers
14073.0,32,13,151.04,11.618461538461538,151.04,0,1,At-Risk / Low-Engagement Customers
14075.0,5,43,942.26,21.913023255813954,942.26,0,0,High-Value Active Customers
14076.0,129,44,118.67,2.6970454545454547,118.67,0,1,At-Risk / Low-Engagement Customers
14077.0,41,42,499.41999999999996,11.89095238095238,499.41999999999996,0,1,At-Risk / Low-Engagement Customers
14078.0,102,65,1049.37,16.144153846153845,1049.37,0,1,At-Risk / Low-Engagement Customers
14079.0,125,12,375.1,31.258333333333336,375.1,0,1,At-Risk / Low-Engagement Customers
14080.0,33,4,45.599999999999994,11.399999999999999,45.599999999999994,0,1,At-Risk / Low-Engagement Customers
14081.0,302,150,921.62,6.1441333333333334,921.62,0,1,At-Risk / Low-Engagement Customers
14082.0,365,29,182.25,6.2844827586206895,182.25,0,1,At-Risk / Low-Engagement Customers
14083.0,4,177,1002.9,5.6661016949152545,1002.9,0,0,High-Value Active Customers
14085.0,2,448,4421.29,9.868950892857143,4421.29,0,0,High-Value Active Customers
14087.0,3,68,191.47,2.8157352941176472,191.47,0,0,High-Value Active Customers
14088.0,10,589,50491.81,85.7246349745331,50491.81,0,0,High-Value Active Customers
14089.0,57,13,158.75,12.211538461538462,158.75,0,1,At-Risk / Low-Engagement Customers
14090.0,325,1,76.32000000000001,76.32000000000001,76.32000000000001,0,1,At-Risk / Low-Engagement Customers
14092.0,8,214,4076.91,19.050981308411213,4076.91,0,0,High-Value Active Customers
14093.0,12,100,433.86,4.3386000000000005,433.86,0,0,High-Value Active Customers
14096.0,4,5111,65164.79,12.749909998043435,65164.79,1,0,High-Value Active Customers
14098.0,37,21,147.35,7.016666666666667,147.35,0,1,At-Risk / Low-Engagement Customers
14099.0,16,250,3104.17,12.41668,3104.17,0,0,High-Value Active Customers
14100.0,138,25,191.95000000000002,7.678000000000001,191.95000000000002,0,1,At-Risk / Low-Engagement Customers
14101.0,74,35,5976.79,170.76542857142857,5976.79,0,0,High-Value Active Customers
14102.0,5,58,1105.8799999999999,19.066896551724135,1105.8799999999999,0,0,High-Value Active Customers
14104.0,155,21,216.20999999999998,10.295714285714284,216.20999999999998,0,1,At-Risk / Low-Engagement Customers
14105.0,239,74,1266.23,17.111216216216217,1266.23,0,1,At-Risk / Low-Engagement Customers
14107.0,52,123,2703.23,21.977479674796747,2703.23,0,0,High-Value Active Customers
14108.0,31,34,597.91,17.585588235294118,597.91,0,1,At-Risk / Low-Engagement Customers
14109.0,73,9,144.2,16.022222222222222,144.2,0,1,At-Risk / Low-Engagement Customers
14110.0,4,155,5683.15,36.66548387096774,5683.15,0,0,High-Value Active Customers
14111.0,14,10,692.85,69.285,692.85,0,1,At-Risk / Low-Engagement Customers
14112.0,23,160,2915.15,18.2196875,2915.15,0,0,High-Value Active Customers
14113.0,4,34,1840.42,54.13,1840.42,0,0,High-Value Active Customers
14114.0,274,15,386.53,25.768666666666665,386.53,0,1,At-Risk / Low-Engagement Customers
14116.0,20,72,1382.74,19.204722222222223,1382.74,0,0,High-Value Active Customers
14117.0,144,3,90.0,30.0,90.0,0,1,At-Risk / Low-Engagement Customers
14121.0,4,159,2780.15,17.485220125786164,2780.15,0,0,High-Value Active Customers
14124.0,84,5,419.58000000000004,83.91600000000001,419.58000000000004,0,1,At-Risk / Low-Engagement Customers
14125.0,11,166,2720.63,16.38933734939759,2720.63,0,0,High-Value Active Customers
14126.0,8,15,706.1300000000001,47.07533333333334,706.1300000000001,0,0,High-Value Active Customers
14127.0,123,44,709.71,16.129772727272726,709.71,0,1,At-Risk / Low-Engagement Customers
14128.0,61,46,637.5,13.858695652173912,637.5,0,1,At-Risk / Low-Engagement Customers
14129.0,2,52,1123.8600000000001,21.61269230769231,1123.8600000000001,0,0,High-Value Active Customers
14130.0,319,66,480.91,7.286515151515152,480.91,0,1,At-Risk / Low-Engagement Customers
14132.0,2,200,3586.0299999999997,17.930149999999998,3586.0299999999997,0,0,High-Value Active Customers
14133.0,130,28,605.64,21.63,605.64,0,1,At-Risk / Low-Engagement Customers
14135.0,2,134,4690.31,35.00231343283583,4690.31,0,0,High-Value Active Customers
14138.0,2,46,965.8800000000001,20.99739130434783,965.8800000000001,0,0,High-Value Active Customers
14139.0,46,26,415.82,15.993076923076924,415.82,0,1,At-Risk / Low-Engagement Customers
14140.0,4,66,935.05,14.167424242424241,935.05,0,0,High-Value Active Customers
14141.0,3,40,915.13,22.87825,915.13,0,0,High-Value Active Customers
14142.0,373,22,311.81,14.173181818181819,311.81,0,1,At-Risk / Low-Engagement Customers
14143.0,134,7,115.8,16.54285714285714,115.8,0,1,At-Risk / Low-Engagement Customers
14145.0,47,11,3742.2,340.2,3742.2,0,0,High-Value Active Customers
14146.0,9,210,4191.0,19.957142857142856,4191.0,0,0,High-Value Active Customers
14147.0,78,5,483.4,96.67999999999999,483.4,0,1,At-Risk / Low-Engagement Customers
14148.0,234,3,157.2,52.4,157.2,0,1,At-Risk / Low-Engagement Customers
14149.0,221,28,446.62,15.950714285714286,446.62,0,1,At-Risk / Low-Engagement Customers
14150.0,36,26,658.64,25.33230769230769,658.64,0,1,At-Risk / Low-Engagement Customers
14152.0,75,49,621.29,12.67938775510204,621.29,0,1,At-Risk / Low-Engagement Customers
14154.0,239,52,1345.62,25.87730769230769,1345.62,0,1,At-Risk / Low-Engagement Customers
14155.0,266,6,118.75,19.791666666666668,118.75,0,1,At-Risk / Low-Engagement Customers
14156.0,10,1395,117210.08,84.02156272401434,117210.08,1,0,High-Value Active Customers
14157.0,20,46,424.89000000000004,9.236739130434783,424.89000000000004,0,1,At-Risk / Low-Engagement Customers
14158.0,40,41,507.66,12.381951219512196,507.66,0,1,At-Risk / Low-Engagement Customers
14159.0,20,1175,4630.35,3.9407234042553196,4630.35,0,0,High-Value Active Customers
14161.0,216,104,1097.6200000000001,10.554038461538463,1097.6200000000001,0,1,At-Risk / Low-Engagement Customers
14162.0,174,25,289.36,11.5744,289.36,0,1,At-Risk / Low-Engagement Customers
14163.0,87,52,2445.91,47.036730769230765,2445.91,0,0,High-Value Active Customers
14164.0,71,29,1631.77,56.26793103448276,1631.77,0,1,At-Risk / Low-Engagement Customers
14165.0,276,24,120.44,5.0183333333333335,120.44,0,1,At-Risk / Low-Engagement Customers
14167.0,39,50,562.59,11.251800000000001,562.59,0,1,At-Risk / Low-Engagement Customers
14171.0,98,58,363.79,6.272241379310345,363.79,0,1,At-Risk / Low-Engagement Customers
14173.0,11,29,450.84,15.546206896551723,450.84,0,1,At-Risk / Low-Engagement Customers
14174.0,33,26,134.46,5.171538461538462,134.46,0,1,At-Risk / Low-Engagement Customers
14175.0,60,149,3222.3,21.626174496644296,3222.3,0,0,High-Value Active Customers
14176.0,297,31,576.9000000000001,18.609677419354842,576.9000000000001,0,1,At-Risk / Low-Engagement Customers
14177.0,86,41,549.46,13.401463414634147,549.46,0,1,At-Risk / Low-Engagement Customers
14178.0,9,318,1600.26,5.032264150943396,1600.26,0,0,High-Value Active Customers
14179.0,41,157,701.57,4.46859872611465,701.57,0,0,High-Value Active Customers
14180.0,11,240,4748.52,19.785500000000003,4748.52,0,0,High-Value Active Customers
14184.0,67,24,452.89,18.870416666666667,452.89,0,1,At-Risk / Low-Engagement Customers
14185.0,331,3,197.65,65.88333333333334,197.65,0,1,At-Risk / Low-Engagement Customers
14188.0,31,65,2054.36,31.605538461538462,2054.36,0,0,High-Value Active Customers
14189.0,2,265,4654.08,17.56256603773585,4654.08,0,0,High-Value Active Customers
14191.0,2,259,4684.76,18.08787644787645,4684.76,0,0,High-Value Active Customers
14193.0,68,42,853.39,20.318809523809524,853.39,0,1,At-Risk / Low-Engagement Customers
14194.0,5,579,11349.52,19.601934369602763,11349.52,0,0,High-Value Active Customers
14195.0,202,7,1012.0,144.57142857142858,1012.0,0,1,At-Risk / Low-Engagement Customers
14196.0,107,6,335.52,55.919999999999995,335.52,0,1,At-Risk / Low-Engagement Customers
14198.0,18,39,701.4,17.984615384615385,701.4,0,0,High-Value Active Customers
14199.0,218,2,185.39999999999998,92.69999999999999,185.39999999999998,0,1,At-Risk / Low-Engagement Customers
14201.0,60,37,747.44,20.20108108108108,747.44,0,1,At-Risk / Low-Engagement Customers
14204.0,2,39,150.61,3.861794871794872,150.61,0,0,High-Value Active Customers
14205.0,17,24,466.7,19.445833333333333,466.7,0,1,At-Risk / Low-Engagement Customers
14206.0,239,20,328.15999999999997,16.407999999999998,328.15999999999997,0,1,At-Risk / Low-Engagement Customers
14208.0,95,10,151.74,15.174000000000001,151.74,0,1,At-Risk / Low-Engagement Customers
14209.0,11,87,2073.43,23.83252873563218,2073.43,0,0,High-Value Active Customers
14210.0,106,101,1897.44,18.786534653465345,1897.44,0,0,High-Value Active Customers
14211.0,53,112,2241.1,20.009821428571428,2241.1,0,0,High-Value Active Customers
14212.0,90,9,1070.48,118.94222222222223,1070.48,0,1,At-Risk / Low-Engagement Customers
14214.0,31,67,1004.38,14.990746268656716,1004.38,0,0,High-Value Active Customers
14215.0,12,108,1789.72,16.57148148148148,1789.72,0,0,High-Value Active Customers
14216.0,3,59,1839.3,31.17457627118644,1839.3,0,0,High-Value Active Customers
14217.0,2,100,2004.98,20.0498,2004.98,0,0,High-Value Active Customers
14218.0,43,12,169.48000000000002,14.123333333333335,169.48000000000002,0,1,At-Risk / Low-Engagement Customers
14219.0,4,7,89.94,12.848571428571429,89.94,0,1,At-Risk / Low-Engagement Customers
14220.0,247,21,632.4,30.114285714285714,632.4,0,1,At-Risk / Low-Engagement Customers
14221.0,42,193,3432.8,17.78652849740933,3432.8,0,0,High-Value Active Customers
14222.0,177,41,683.17,16.662682926829266,683.17,0,1,At-Risk / Low-Engagement Customers
14223.0,92,60,991.13,16.518833333333333,991.13,0,1,At-Risk / Low-Engagement Customers
14224.0,110,113,1009.73,8.93566371681416,1009.73,0,0,High-Value Active Customers
14226.0,29,66,2214.79,33.55742424242424,2214.79,0,0,High-Value Active Customers
14227.0,26,175,3350.96,19.148342857142858,3350.96,0,0,High-Value Active Customers
14229.0,52,40,1547.2,38.68,1547.2,0,0,High-Value Active Customers
14231.0,184,50,925.71,18.514200000000002,925.71,0,1,At-Risk / Low-Engagement Customers
14232.0,43,115,2048.07,17.80930434782609,2048.07,0,0,High-Value Active Customers
14233.0,49,35,1462.72,41.792,1462.72,0,0,High-Value Active Customers
14234.0,22,147,754.12,5.130068027210885,754.12,0,0,High-Value Active Customers
14235.0,75,79,3144.86,39.80835443037975,3144.86,0,0,High-Value Active Customers
14236.0,81,15,490.86,32.724000000000004,490.86,0,1,At-Risk / Low-Engagement Customers
14237.0,373,9,161.0,17.88888888888889,161.0,0,1,At-Risk / Low-Engagement Customers
14238.0,326,8,146.85,18.35625,146.85,0,1,At-Risk / Low-Engagement Customers
14239.0,43,112,2380.85,21.257589285714285,2380.85,0,0,High-Value Active Customers
14240.0,30,42,890.34,21.19857142857143,890.34,0,0,High-Value Active Customers
14241.0,184,10,213.70000000000002,21.37,213.70000000000002,0,1,At-Risk / Low-Engagement Customers
14242.0,235,16,280.55,17.534375,280.55,0,1,At-Risk / Low-Engagement Customers
14243.0,9,141,2588.77,18.360070921985816,2588.77,0,0,High-Value Active Customers
14245.0,220,108,1693.45,15.680092592592594,1693.45,0,0,High-Value Active Customers
14246.0,111,75,1474.06,19.654133333333334,1474.06,0,0,High-Value Active Customers
14247.0,278,20,136.76999999999998,6.838499999999999,136.76999999999998,0,1,At-Risk / Low-Engagement Customers
14248.0,318,8,302.58,37.8225,302.58,0,1,At-Risk / Low-Engagement Customers
14250.0,7,111,1904.05,17.153603603603603,1904.05,0,0,High-Value Active Customers
14251.0,2,78,2879.7000000000003,36.91923076923077,2879.7000000000003,0,0,High-Value Active Customers
14256.0,260,53,969.0600000000001,18.284150943396227,969.0600000000001,0,1,At-Risk / Low-Engagement Customers
14257.0,64,106,3099.7200000000003,29.242641509433966,3099.7200000000003,0,0,High-Value Active Customers
14258.0,9,111,12669.98,114.14396396396396,12669.98,0,0,High-Value Active Customers
14259.0,142,5,120.0,24.0,120.0,0,1,At-Risk / Low-Engagement Customers
14261.0,51,52,1163.45,22.37403846153846,1163.45,0,0,High-Value Active Customers
14262.0,8,143,2618.23,18.3093006993007,2618.23,0,0,High-Value Active Customers
14264.0,155,17,333.97,19.64529411764706,333.97,0,1,At-Risk / Low-Engagement Customers
14265.0,109,31,530.18,17.10258064516129,530.18,0,1,At-Risk / Low-Engagement Customers
14267.0,163,55,1516.24,27.568,1516.24,0,1,At-Risk / Low-Engagement Customers
14270.0,332,29,492.65000000000003,16.98793103448276,492.65000000000003,0,1,At-Risk / Low-Engagement Customers
14271.0,226,10,112.32,11.232,112.32,0,1,At-Risk / Low-Engagement Customers
14272.0,74,33,437.96,13.271515151515151,437.96,0,1,At-Risk / Low-Engagement Customers
14273.0,51,29,559.97,19.309310344827587,559.97,0,1,At-Risk / Low-Engagement Customers
14276.0,99,64,1119.74,17.4959375,1119.74,0,1,At-Risk / Low-Engagement Customers
14277.0,15,222,4188.0,18.864864864864863,4188.0,0,0,High-Value Active Customers
14280.0,197,8,134.04,16.755,134.04,0,1,At-Risk / Low-Engagement Customers
14282.0,3,154,3701.44,24.035324675324677,3701.44,0,0,High-Value Active Customers
14284.0,31,32,595.25,18.6015625,595.25,0,1,At-Risk / Low-Engagement Customers
14285.0,21,27,1910.01,70.74111111111111,1910.01,0,0,High-Value Active Customers
14286.0,24,280,4628.75,16.53125,4628.75,0,0,High-Value Active Customers
14287.0,8,9,176.63,19.625555555555554,176.63,0,1,At-Risk / Low-Engagement Customers
14288.0,213,16,426.6,26.6625,426.6,0,1,At-Risk / Low-Engagement Customers
14289.0,9,47,911.26,19.388510638297873,911.26,0,0,High-Value Active Customers
14290.0,11,101,2314.65,22.917326732673267,2314.65,0,0,High-Value Active Customers
14291.0,2,237,3883.25,16.385021097046412,3883.25,0,0,High-Value Active Customers
14292.0,8,100,4871.93,48.719300000000004,4871.93,0,0,High-Value Active Customers
14293.0,3,61,1046.56,17.15672131147541,1046.56,0,0,High-Value Active Customers
14295.0,40,5,166.20000000000002,33.24,166.20000000000002,0,1,At-Risk / Low-Engagement Customers
14297.0,18,62,1305.33,21.053709677419352,1305.33,0,0,High-Value Active Customers
14298.0,8,1635,51502.1,31.499755351681955,51502.1,1,0,High-Value Active Customers
14299.0,8,143,3965.62,27.73160839160839,3965.62,0,0,High-Value Active Customers
14300.0,19,3,43.2,14.4,43.2,0,1,At-Risk / Low-Engagement Customers
14301.0,117,13,640.14,49.24153846153846,640.14,0,1,At-Risk / Low-Engagement Customers
14304.0,223,17,383.45,22.555882352941175,383.45,0,1,At-Risk / Low-Engagement Customers
14305.0,71,105,1858.96,17.70438095238095,1858.96,0,0,High-Value Active Customers
14306.0,51,33,2093.32,63.4339393939394,2093.32,0,0,High-Value Active Customers
14307.0,89,180,2995.72,16.642888888888887,2995.72,0,0,High-Value Active Customers
14309.0,8,117,2352.53,20.10709401709402,2352.53,0,0,High-Value Active Customers
14311.0,243,20,310.26,15.513,310.26,0,1,At-Risk / Low-Engagement Customers
14312.0,47,87,1611.59,18.524022988505745,1611.59,0,0,High-Value Active Customers
14314.0,107,8,120.0,15.0,120.0,0,1,At-Risk / Low-Engagement Customers
14315.0,45,101,2481.13,24.565643564356435,2481.13,0,0,High-Value Active Customers
14317.0,65,24,508.58000000000004,21.190833333333334,508.58000000000004,0,1,At-Risk / Low-Engagement Customers
14320.0,207,31,477.79,15.412580645161292,477.79,0,1,At-Risk / Low-Engagement Customers
14321.0,11,123,1530.75,12.445121951219512,1530.75,0,0,High-Value Active Customers
14323.0,115,36,605.0600000000001,16.807222222222222,605.0600000000001,0,1,At-Risk / Low-Engagement Customers
14326.0,242,8,183.85,22.98125,183.85,0,1,At-Risk / Low-Engagement Customers
14327.0,163,12,311.65,25.97083333333333,311.65,0,1,At-Risk / Low-Engagement Customers
14329.0,17,258,4975.24,19.28387596899225,4975.24,0,0,High-Value Active Customers
14331.0,124,28,462.65999999999997,16.523571428571426,462.65999999999997,0,1,At-Risk / Low-Engagement Customers
14332.0,23,25,840.21,33.6084,840.21,0,1,At-Risk / Low-Engagement Customers
14333.0,68,15,415.2,27.68,415.2,0,1,At-Risk / Low-Engagement Customers
14334.0,17,162,2552.21,15.754382716049383,2552.21,0,0,High-Value Active Customers
14335.0,16,60,454.86,7.581,454.86,0,0,High-Value Active Customers
14336.0,17,90,1614.91,17.943444444444445,1614.91,0,0,High-Value Active Customers
14338.0,161,31,588.22,18.97483870967742,588.22,0,1,At-Risk / Low-Engagement Customers
14339.0,243,14,309.52,22.108571428571427,309.52,0,1,At-Risk / Low-Engagement Customers
14340.0,219,6,134.7,22.45,134.7,0,1,At-Risk / Low-Engagement Customers
14341.0,45,128,2166.98,16.92953125,2166.98,0,0,High-Value Active Customers
14342.0,21,21,668.5600000000001,31.836190476190477,668.5600000000001,0,1,At-Risk / Low-Engagement Customers
14344.0,127,71,889.9300000000001,12.534225352112676,889.9300000000001,0,1,At-Risk / Low-Engagement Customers
14345.0,39,6,108.97999999999999,18.16333333333333,108.97999999999999,0,1,At-Risk / Low-Engagement Customers
14346.0,121,60,1021.58,17.026333333333334,1021.58,0,1,At-Risk / Low-Engagement Customers
14348.0,260,18,409.57,22.753888888888888,409.57,0,1,At-Risk / Low-Engagement Customers
14349.0,10,31,133.5,4.306451612903226,133.5,0,1,At-Risk / Low-Engagement Customers
14350.0,274,18,282.93,15.718333333333334,282.93,0,1,At-Risk / Low-Engagement Customers
14351.0,165,1,51.0,51.0,51.0,0,1,At-Risk / Low-Engagement Customers
14352.0,157,47,1078.96,22.95659574468085,1078.96,0,1,At-Risk / Low-Engagement Customers
14353.0,215,6,90.6,15.1,90.6,0,1,At-Risk / Low-Engagement Customers
14354.0,6,9,163.62,18.18,163.62,0,1,At-Risk / Low-Engagement Customers
14355.0,366,11,174.4,15.854545454545455,174.4,0,1,At-Risk / Low-Engagement Customers
14356.0,80,33,701.23,21.24939393939394,701.23,0,1,At-Risk / Low-Engagement Customers
14357.0,43,40,225.12,5.628,225.12,0,1,At-Risk / Low-Engagement Customers
14359.0,19,55,912.18,16.58509090909091,912.18,0,0,High-Value Active Customers
14360.0,32,117,2118.03,18.102820512820514,2118.03,0,0,High-Value Active Customers
14362.0,22,37,151.5,4.094594594594595,151.5,0,1,At-Risk / Low-Engagement Customers
14364.0,109,69,3717.35,53.87463768115942,3717.35,0,0,High-Value Active Customers
14367.0,8,521,9227.82,17.711746641074857,9227.82,0,0,High-Value Active Customers
14368.0,320,8,155.0,19.375,155.0,0,1,At-Risk / Low-Engagement Customers
14371.0,295,4,100.5,25.125,100.5,0,1,At-Risk / Low-Engagement Customers
14373.0,358,4,76.55,19.1375,76.55,0,1,At-Risk / Low-Engagement Customers
14375.0,185,66,235.56,3.5690909090909093,235.56,0,1,At-Risk / Low-Engagement Customers
14377.0,191,11,617.05,56.095454545454544,617.05,0,1,At-Risk / Low-Engagement Customers
14379.0,44,46,348.1,7.567391304347827,348.1,0,1,At-Risk / Low-Engagement Customers
14381.0,52,56,202.68,3.619285714285714,202.68,0,1,At-Risk / Low-Engagement Customers
14382.0,26,126,615.49,4.88484126984127,615.49,0,0,High-Value Active Customers
14383.0,38,59,1247.69,21.14728813559322,1247.69,0,0,High-Value Active Customers
14385.0,9,14,202.11,14.436428571428573,202.11,0,1,At-Risk / Low-Engagement Customers
14386.0,297,7,142.4,20.342857142857145,142.4,0,1,At-Risk / Low-Engagement Customers
14387.0,33,139,1727.6,12.428776978417266,1727.6,0,0,High-Value Active Customers
14388.0,10,186,3212.84,17.273333333333333,3212.84,0,0,High-Value Active Customers
14389.0,65,45,1043.46,23.188000000000002,1043.46,0,1,At-Risk / Low-Engagement Customers
14390.0,10,284,4642.57,16.347077464788732,4642.57,0,0,High-Value Active Customers
14393.0,218,5,67.95,13.59,67.95,0,1,At-Risk / Low-Engagement Customers
14395.0,2,348,3479.91,9.999741379310345,3479.91,0,0,High-Value Active Customers
14396.0,65,73,487.99,6.684794520547945,487.99,0,1,At-Risk / Low-Engagement Customers
14397.0,3,87,2612.96,30.034022988505747,2612.96,0,0,High-Value Active Customers
14400.0,149,25,574.7,22.988000000000003,574.7,0,1,At-Risk / Low-Engagement Customers
14401.0,4,182,4051.48,22.26087912087912,4051.48,0,0,High-Value Active Customers
14403.0,130,20,1475.81,73.7905,1475.81,0,1,At-Risk / Low-Engagement Customers
14404.0,34,100,1449.32,14.4932,1449.32,0,0,High-Value Active Customers
14406.0,119,8,156.75,19.59375,156.75,0,1,At-Risk / Low-Engagement Customers
14407.0,107,73,2157.73,29.557945205479452,2157.73,0,0,High-Value Active Customers
14408.0,11,106,2599.03,24.519150943396227,2599.03,0,0,High-Value Active Customers
14409.0,71,54,2059.4500000000003,38.137962962962966,2059.4500000000003,0,0,High-Value Active Customers
14410.0,92,189,1100.27,5.821534391534391,1100.27,0,0,High-Value Active Customers
14411.0,311,14,1063.0,75.92857142857143,1063.0,0,1,At-Risk / Low-Engagement Customers
14412.0,43,43,770.03,17.90767441860465,770.03,0,1,At-Risk / Low-Engagement Customers
14413.0,362,22,121.05,5.502272727272727,121.05,0,1,At-Risk / Low-Engagement Customers
14414.0,92,97,1496.98,15.432783505154639,1496.98,0,0,High-Value Active Customers
14415.0,1,579,5855.57,10.113246977547496,5855.57,0,0,High-Value Active Customers
14416.0,22,14,490.22,35.01571428571429,490.22,0,1,At-Risk / Low-Engagement Customers
14418.0,4,124,1937.25,15.622983870967742,1937.25,0,0,High-Value Active Customers
14419.0,11,202,1051.79,5.206881188118811,1051.79,0,0,High-Value Active Customers
14420.0,99,29,387.52,13.362758620689654,387.52,0,1,At-Risk / Low-Engagement Customers
14421.0,57,27,813.11,30.115185185185187,813.11,0,1,At-Risk / Low-Engagement Customers
14422.0,1,222,4263.64,19.205585585585588,4263.64,0,0,High-Value Active Customers
14423.0,218,3,265.2,88.39999999999999,265.2,0,1,At-Risk / Low-Engagement Customers
14424.0,18,1,322.08,322.08,322.08,0,1,At-Risk / Low-Engagement Customers
14426.0,24,224,4481.67,20.007455357142856,4481.67,0,0,High-Value Active Customers
14427.0,50,17,363.34000000000003,21.37294117647059,363.34000000000003,0,1,At-Risk / Low-Engagement Customers
14428.0,7,137,1224.06,8.934744525547444,1224.06,0,0,High-Value Active Customers
14431.0,303,17,470.36,27.668235294117647,470.36,0,1,At-Risk / Low-Engagement Customers
14432.0,10,377,2248.5,5.964190981432361,2248.5,0,0,High-Value Active Customers
14434.0,22,12,1372.8,114.39999999999999,1372.8,0,1,At-Risk / Low-Engagement Customers
14436.0,99,9,89.06,9.895555555555555,89.06,0,1,At-Risk / Low-Engagement Customers
14437.0,366,5,63.0,12.6,63.0,0,1,At-Risk / Low-Engagement Customers
14438.0,306,9,131.9,14.655555555555557,131.9,0,1,At-Risk / Low-Engagement Customers
14439.0,320,32,2661.24,83.16375,2661.24,0,1,At-Risk / Low-Engagement Customers
14440.0,8,55,2357.6800000000003,42.8669090909091,2357.6800000000003,0,0,High-Value Active Customers
14441.0,1,51,1712.89,33.58607843137255,1712.89,0,0,High-Value Active Customers
14442.0,205,63,1589.82,25.235238095238095,1589.82,0,1,At-Risk / Low-Engagement Customers
14443.0,54,93,1420.2,15.270967741935484,1420.2,0,0,High-Value Active Customers
14446.0,1,277,1010.35,3.6474729241877255,1010.35,0,0,High-Value Active Customers
14447.0,19,70,1163.23,16.617571428571427,1163.23,0,0,High-Value Active Customers
14448.0,9,20,375.35,18.767500000000002,375.35,0,1,At-Risk / Low-Engagement Customers
14449.0,19,250,885.8,3.5431999999999997,885.8,0,0,High-Value Active Customers
14450.0,181,40,483.25,12.08125,483.25,0,1,At-Risk / Low-Engagement Customers
14451.0,60,105,643.9,6.132380952380952,643.9,0,0,High-Value Active Customers
14452.0,11,60,259.05,4.3175,259.05,0,0,High-Value Active Customers
14453.0,190,22,119.93,5.451363636363637,119.93,0,1,At-Risk / Low-Engagement Customers
14456.0,5,947,3017.28,3.1861457233368533,3017.28,0,0,High-Value Active Customers
14457.0,311,4,113.64,28.41,113.64,0,1,At-Risk / Low-Engagement Customers
14459.0,155,37,1837.92,49.67351351351351,1837.92,0,1,At-Risk / Low-Engagement Customers
14460.0,110,16,434.34,27.14625,434.34,0,1,At-Risk / Low-Engagement Customers
14461.0,148,180,2103.06,11.683666666666666,2103.06,0,0,High-Value Active Customers
14462.0,66,233,1980.57,8.500300429184549,1980.57,0,0,High-Value Active Customers
14463.0,98,6,529.62,88.27,529.62,0,1,At-Risk / Low-Engagement Customers
14465.0,247,123,1038.44,8.44260162601626,1038.44,0,1,At-Risk / Low-Engagement Customers
14466.0,29,72,2272.4,31.561111111111114,2272.4,0,0,High-Value Active Customers
14467.0,18,89,596.26,6.699550561797753,596.26,0,0,High-Value Active Customers
14470.0,12,43,461.19,10.725348837209303,461.19,0,0,High-Value Active Customers
14472.0,104,265,1852.67,6.991207547169812,1852.67,0,0,High-Value Active Customers
14473.0,74,7,234.34000000000003,33.47714285714286,234.34000000000003,0,1,At-Risk / Low-Engagement Customers
14474.0,46,29,547.66,18.884827586206896,547.66,0,1,At-Risk / Low-Engagement Customers
14475.0,72,42,925.85,22.04404761904762,925.85,0,1,At-Risk / Low-Engagement Customers
14476.0,257,17,193.0,11.352941176470589,193.0,0,1,At-Risk / Low-Engagement Customers
14477.0,20,10,1309.6,130.95999999999998,1309.6,0,1,At-Risk / Low-Engagement Customers
14479.0,254,18,316.25,17.569444444444443,316.25,0,1,At-Risk / Low-Engagement Customers
14480.0,11,13,279.05,21.465384615384615,279.05,0,1,At-Risk / Low-Engagement Customers
14481.0,165,30,636.51,21.217,636.51,0,1,At-Risk / Low-Engagement Customers
14482.0,18,137,2022.81,14.765036496350364,2022.81,0,0,High-Value Active Customers
14483.0,282,9,137.1,15.233333333333333,137.1,0,1,At-Risk / Low-Engagement Customers
14484.0,50,14,321.92,22.994285714285716,321.92,0,1,At-Risk / Low-Engagement Customers
14485.0,39,46,162.8,3.539130434782609,162.8,0,1,At-Risk / Low-Engagement Customers
14487.0,27,140,1165.48,8.324857142857143,1165.48,0,0,High-Value Active Customers
14488.0,68,46,1064.28,23.136521739130433,1064.28,0,1,At-Risk / Low-Engagement Customers
14489.0,207,30,463.38,15.446,463.38,0,1,At-Risk / Low-Engagement Customers
14491.0,175,17,340.93,20.05470588235294,340.93,0,1,At-Risk / Low-Engagement Customers
14493.0,7,120,2383.2400000000002,19.860333333333337,2383.2400000000002,0,0,High-Value Active Customers
14494.0,26,7,139.56,19.937142857142856,139.56,0,1,At-Risk / Low-Engagement Customers
14495.0,51,6,123.8,20.633333333333333,123.8,0,1,At-Risk / Low-Engagement Customers
14496.0,312,19,538.8100000000001,28.35842105263158,538.8100000000001,0,1,At-Risk / Low-Engagement Customers
14497.0,309,29,475.37,16.392068965517243,475.37,0,1,At-Risk / Low-Engagement Customers
14498.0,43,193,1957.32,10.141554404145078,1957.32,0,0,High-Value Active Customers
14499.0,26,190,808.44,4.254947368421053,808.44,0,0,High-Value Active Customers
14500.0,88,7,356.85,50.978571428571435,356.85,0,1,At-Risk / Low-Engagement Customers
14501.0,184,10,251.21,25.121000000000002,251.21,0,1,At-Risk / Low-Engagement Customers
14502.0,20,608,2429.83,3.9964309210526316,2429.83,0,0,High-Value Active Customers
14503.0,3,164,3543.26,21.605243902439025,3543.26,0,0,High-Value Active Customers
14504.0,47,107,673.26,6.2921495327102805,673.26,0,0,High-Value Active Customers
14505.0,17,785,5859.43,7.464242038216561,5859.43,0,0,High-Value Active Customers
14506.0,17,295,1960.65,6.6462711864406785,1960.65,0,0,High-Value Active Customers
14507.0,24,95,1367.88,14.398736842105265,1367.88,0,0,High-Value Active Customers
14508.0,22,55,268.05,4.873636363636364,268.05,0,1,At-Risk / Low-Engagement Customers
14511.0,11,68,1314.81,19.33544117647059,1314.81,0,0,High-Value Active Customers
14512.0,188,23,275.28,11.968695652173912,275.28,0,1,At-Risk / Low-Engagement Customers
14513.0,101,12,455.59000000000003,37.965833333333336,455.59000000000003,0,1,At-Risk / Low-Engagement Customers
14514.0,61,69,990.2,14.35072463768116,990.2,0,0,High-Value Active Customers
14515.0,18,98,2076.89,21.192755102040817,2076.89,0,0,High-Value Active Customers
14517.0,33,18,330.45,18.358333333333334,330.45,0,1,At-Risk / Low-Engagement Customers
14518.0,64,16,174.37,10.898125,174.37,0,1,At-Risk / Low-Engagement Customers
14520.0,2,4,270.6,67.65,270.6,0,1,At-Risk / Low-Engagement Customers
14522.0,24,17,974.54,57.32588235294117,974.54,0,1,At-Risk / Low-Engagement Customers
14523.0,108,12,241.09,20.090833333333332,241.09,0,1,At-Risk / Low-Engagement Customers
14524.0,32,197,1843.83,9.359543147208122,1843.83,0,0,High-Value Active Customers
14525.0,20,282,4215.9,14.95,4215.9,0,0,High-Value Active Customers
14527.0,3,971,8507.13,8.761204943357363,8507.13,0,0,High-Value Active Customers
14528.0,37,18,364.21999999999997,20.234444444444442,364.21999999999997,0,1,At-Risk / Low-Engagement Customers
14529.0,60,213,578.61,2.7164788732394367,578.61,0,0,High-Value Active Customers
14530.0,26,213,2862.11,13.437136150234743,2862.11,0,0,High-Value Active Customers
14532.0,236,64,932.85,14.57578125,932.85,0,1,At-Risk / Low-Engagement Customers
14533.0,25,62,1949.72,31.44709677419355,1949.72,0,0,High-Value Active Customers
14534.0,3,508,4397.3,8.656102362204726,4397.3,0,0,High-Value Active Customers
14535.0,60,328,2854.84,8.70378048780488,2854.84,0,0,High-Value Active Customers
14536.0,260,18,170.95,9.497222222222222,170.95,0,1,At-Risk / Low-Engagement Customers
14537.0,58,10,355.56,35.556,355.56,0,1,At-Risk / Low-Engagement Customers
14538.0,65,19,388.25,20.43421052631579,388.25,0,1,At-Risk / Low-Engagement Customers
14539.0,16,32,537.48,16.79625,537.48,0,1,At-Risk / Low-Engagement Customers
14540.0,10,71,952.66,13.417746478873239,952.66,0,0,High-Value Active Customers
14541.0,59,105,1453.35,13.84142857142857,1453.35,0,0,High-Value Active Customers
14542.0,186,5,103.25,20.65,103.25,0,1,At-Risk / Low-Engagement Customers
14543.0,29,71,3599.73,50.70042253521127,3599.73,0,0,High-Value Active Customers
14544.0,24,111,2004.3,18.056756756756755,2004.3,0,0,High-Value Active Customers
14546.0,5,397,2573.93,6.48345088161209,2573.93,0,0,High-Value Active Customers
14547.0,4,355,3974.75,11.196478873239437,3974.75,0,0,High-Value Active Customers
14548.0,151,4,652.8,163.2,652.8,0,1,At-Risk / Low-Engagement Customers
14549.0,311,56,289.24,5.165,289.24,0,1,At-Risk / Low-Engagement Customers
14550.0,11,47,757.37,16.114255319148935,757.37,0,0,High-Value Active Customers
14551.0,18,10,186.23,18.622999999999998,186.23,0,1,At-Risk / Low-Engagement Customers
14552.0,152,57,164.22,2.8810526315789473,164.22,0,1,At-Risk / Low-Engagement Customers
14553.0,19,113,859.27,7.604159292035398,859.27,0,0,High-Value Active Customers
14554.0,10,203,2279.4900000000002,11.229014778325125,2279.4900000000002,0,0,High-Value Active Customers
14555.0,57,19,312.54,16.449473684210528,312.54,0,1,At-Risk / Low-Engagement Customers
14557.0,85,16,788.38,49.27375,788.38,0,1,At-Risk / Low-Engagement Customers
14560.0,7,74,2237.77,30.240135135135134,2237.77,0,0,High-Value Active Customers
14561.0,76,69,1080.76,15.6631884057971,1080.76,0,0,High-Value Active Customers
14562.0,4,419,5006.77,11.949331742243437,5006.77,0,0,High-Value Active Customers
14565.0,96,127,3099.12,24.40251968503937,3099.12,0,0,High-Value Active Customers
14566.0,111,4,1432.0,358.0,1432.0,0,1,At-Risk / Low-Engagement Customers
14567.0,57,33,1530.3600000000001,46.374545454545455,1530.3600000000001,0,0,High-Value Active Customers
14569.0,1,12,227.39,18.949166666666667,227.39,0,1,At-Risk / Low-Engagement Customers
14570.0,281,29,218.06,7.519310344827586,218.06,0,1,At-Risk / Low-Engagement Customers
14572.0,3,262,2804.54,10.704351145038167,2804.54,0,0,High-Value Active Customers
14573.0,180,227,1639.82,7.223876651982379,1639.82,0,0,High-Value Active Customers
14576.0,372,1,35.400000000000006,35.400000000000006,35.400000000000006,0,1,At-Risk / Low-Engagement Customers
14577.0,13,123,859.71,6.989512195121952,859.71,0,0,High-Value Active Customers
14578.0,3,24,168.63,7.02625,168.63,0,1,At-Risk / Low-Engagement Customers
14581.0,17,17,138.6,8.152941176470588,138.6,0,1,At-Risk / Low-Engagement Customers
14582.0,41,6,114.11,19.018333333333334,114.11,0,1,At-Risk / Low-Engagement Customers
14583.0,6,302,986.96,3.2680794701986757,986.96,0,0,High-Value Active Customers
14584.0,169,98,1033.06,10.54142857142857,1033.06,0,1,At-Risk / Low-Engagement Customers
14585.0,50,29,157.05,5.415517241379311,157.05,0,1,At-Risk / Low-Engagement Customers
14586.0,277,19,237.36,12.49263157894737,237.36,0,1,At-Risk / Low-Engagement Customers
14587.0,19,371,1580.29,4.259541778975741,1580.29,0,0,High-Value Active Customers
14589.0,372,3,39.75,13.25,39.75,0,1,At-Risk / Low-Engagement Customers
14591.0,15,176,1320.21,7.501193181818182,1320.21,0,0,High-Value Active Customers
14592.0,35,158,557.94,3.5312658227848104,557.94,0,0,High-Value Active Customers
14593.0,22,151,617.15,4.087086092715231,617.15,0,0,High-Value Active Customers
14594.0,7,52,363.33,6.987115384615384,363.33,0,0,High-Value Active Customers
14595.0,20,102,1740.6,17.06470588235294,1740.6,0,0,High-Value Active Customers
14597.0,11,47,866.24,18.430638297872342,866.24,0,0,High-Value Active Customers
14598.0,44,50,221.97,4.4394,221.97,0,1,At-Risk / Low-Engagement Customers
14600.0,306,25,393.33000000000004,15.733200000000002,393.33000000000004,0,1,At-Risk / Low-Engagement Customers
14601.0,11,7,213.96,30.565714285714286,213.96,0,1,At-Risk / Low-Engagement Customers
14603.0,275,2,660.0,330.0,660.0,0,1,At-Risk / Low-Engagement Customers
14606.0,1,2677,12076.15,4.511075831154277,12076.15,0,0,High-Value Active Customers
14607.0,16,81,16209.5,200.1172839506173,16209.5,0,0,High-Value Active Customers
14608.0,4,20,1785.15,89.25750000000001,1785.15,0,0,High-Value Active Customers
14609.0,72,4,601.56,150.39,601.56,0,1,At-Risk / Low-Engagement Customers
14616.0,243,3,406.08000000000004,135.36,406.08000000000004,0,1,At-Risk / Low-Engagement Customers
14618.0,9,16,553.44,34.59,553.44,0,1,At-Risk / Low-Engagement Customers
14619.0,246,20,394.44,19.722,394.44,0,1,At-Risk / Low-Engagement Customers
14620.0,206,26,412.78000000000003,15.876153846153848,412.78000000000003,0,1,At-Risk / Low-Engagement Customers
14621.0,1,92,1788.3600000000001,19.438695652173916,1788.3600000000001,0,0,High-Value Active Customers
14622.0,185,21,320.58000000000004,15.265714285714287,320.58000000000004,0,1,At-Risk / Low-Engagement Customers
14623.0,32,133,886.7,6.666917293233083,886.7,0,0,High-Value Active Customers
14624.0,57,13,225.85,17.373076923076923,225.85,0,1,At-Risk / Low-Engagement Customers
14625.0,196,53,899.63,16.974150943396225,899.63,0,1,At-Risk / Low-Engagement Customers
14626.0,24,122,2791.27,22.87926229508197,2791.27,0,0,High-Value Active Customers
14628.0,91,24,671.96,27.998333333333335,671.96,0,1,At-Risk / Low-Engagement Customers
14629.0,4,150,955.26,6.3684,955.26,0,0,High-Value Active Customers
14631.0,51,41,1006.98,24.56048780487805,1006.98,0,1,At-Risk / Low-Engagement Customers
14632.0,263,8,114.56,14.32,114.56,0,1,At-Risk / Low-Engagement Customers
14633.0,266,20,344.90000000000003,17.245,344.90000000000003,0,1,At-Risk / Low-Engagement Customers
14636.0,36,28,609.85,21.780357142857145,609.85,0,1,At-Risk / Low-Engagement Customers
14638.0,51,16,443.6,27.725,443.6,0,1,At-Risk / Low-Engagement Customers
14639.0,52,172,2984.49,17.351686046511627,2984.49,0,0,High-Value Active Customers
14640.0,24,105,2107.38,20.070285714285717,2107.38,0,0,High-Value Active Customers
14641.0,22,7,110.46,15.78,110.46,0,1,At-Risk / Low-Engagement Customers
14642.0,59,2,96.12,48.06,96.12,0,1,At-Risk / Low-Engagement Customers
14643.0,170,30,677.01,22.567,677.01,0,1,At-Risk / Low-Engagement Customers
14644.0,68,26,830.76,31.95230769230769,830.76,0,1,At-Risk / Low-Engagement Customers
14645.0,157,30,597.09,19.903000000000002,597.09,0,1,At-Risk / Low-Engagement Customers
14646.0,2,2076,280206.02,134.97399807321773,280206.02,1,0,High-Value Active Customers
14647.0,201,28,236.04000000000002,8.430000000000001,236.04000000000002,0,1,At-Risk / Low-Engagement Customers
14649.0,5,186,1402.59,7.5408064516129025,1402.59,0,0,High-Value Active Customers
14651.0,67,101,653.75,6.4727722772277225,653.75,0,0,High-Value Active Customers
14652.0,77,29,114.18,3.937241379310345,114.18,0,1,At-Risk / Low-Engagement Customers
14653.0,1,234,1926.65,8.233547008547008,1926.65,0,0,High-Value Active Customers
14655.0,8,49,1932.23,39.43326530612245,1932.23,0,0,High-Value Active Customers
14656.0,169,80,291.05,3.638125,291.05,0,1,At-Risk / Low-Engagement Customers
14657.0,18,126,848.22,6.7319047619047625,848.22,0,0,High-Value Active Customers
14658.0,5,29,247.15,8.522413793103448,247.15,0,1,At-Risk / Low-Engagement Customers
14659.0,9,253,2529.93,9.999723320158102,2529.93,0,0,High-Value Active Customers
14660.0,87,30,285.74,9.524666666666667,285.74,0,1,At-Risk / Low-Engagement Customers
14661.0,27,4,107.95,26.9875,107.95,0,1,At-Risk / Low-Engagement Customers
14662.0,29,157,741.37,4.722101910828026,741.37,0,0,High-Value Active Customers
14664.0,20,98,636.24,6.492244897959184,636.24,0,0,High-Value Active Customers
14665.0,61,90,1835.7,20.39666666666667,1835.7,0,0,High-Value Active Customers
14666.0,24,14,195.25,13.946428571428571,195.25,0,1,At-Risk / Low-Engagement Customers
14667.0,11,567,9175.04,16.18172839506173,9175.04,0,0,High-Value Active Customers
14669.0,242,166,1259.24,7.58578313253012,1259.24,0,0,High-Value Active Customers
14670.0,280,123,392.86,3.1939837398373987,392.86,0,1,At-Risk / Low-Engagement Customers
14672.0,235,61,765.55,12.549999999999999,765.55,0,1,At-Risk / Low-Engagement Customers
14673.0,3,74,1736.4,23.464864864864865,1736.4,0,0,High-Value Active Customers
14675.0,16,97,596.36,6.148041237113402,596.36,0,0,High-Value Active Customers
14676.0,31,42,2548.2400000000002,60.672380952380955,2548.2400000000002,0,0,High-Value Active Customers
14680.0,25,258,28754.11,111.45003875968993,28754.11,0,0,High-Value Active Customers
14681.0,71,7,498.95,71.27857142857142,498.95,0,1,At-Risk / Low-Engagement Customers
14682.0,188,2,52.0,26.0,52.0,0,1,At-Risk / Low-Engagement Customers
14684.0,26,390,1201.51,3.080794871794872,1201.51,0,0,High-Value Active Customers
14687.0,107,15,628.38,41.892,628.38,0,1,At-Risk / Low-Engagement Customers
14688.0,8,324,5579.1,17.219444444444445,5579.1,0,0,High-Value Active Customers
14689.0,209,13,112.8,8.676923076923076,112.8,0,1,At-Risk / Low-Engagement Customers
14690.0,44,48,355.05,7.3968750000000005,355.05,0,1,At-Risk / Low-Engagement Customers
14691.0,31,71,2114.33,29.779295774647885,2114.33,0,0,High-Value Active Customers
14692.0,137,68,591.55,8.699264705882353,591.55,0,1,At-Risk / Low-Engagement Customers
14693.0,265,8,172.9,21.6125,172.9,0,1,At-Risk / Low-Engagement Customers
14696.0,4,130,2078.95,15.991923076923076,2078.95,0,0,High-Value Active Customers
14697.0,218,22,188.60999999999999,8.573181818181817,188.60999999999999,0,1,At-Risk / Low-Engagement Customers
14698.0,2,200,1217.27,6.0863499999999995,1217.27,0,0,High-Value Active Customers
14699.0,214,8,109.13000000000001,13.641250000000001,109.13000000000001,0,1,At-Risk / Low-Engagement Customers
14700.0,32,112,2195.1,19.599107142857143,2195.1,0,0,High-Value Active Customers
14701.0,11,327,2526.09,7.725045871559633,2526.09,0,0,High-Value Active Customers
14702.0,1,342,3251.79,9.508157894736842,3251.79,0,0,High-Value Active Customers
14703.0,15,22,318.17,14.462272727272728,318.17,0,1,At-Risk / Low-Engagement Customers
14704.0,11,393,1493.96,3.8014249363867685,1493.96,0,0,High-Value Active Customers
14705.0,199,1,179.0,179.0,179.0,0,1,At-Risk / Low-Engagement Customers
14708.0,3,28,1126.37,40.2275,1126.37,0,0,High-Value Active Customers
14709.0,15,196,4921.04,25.10734693877551,4921.04,0,0,High-Value Active Customers
14710.0,14,136,599.48,4.4079411764705885,599.48,0,0,High-Value Active Customers
14711.0,10,345,2839.62,8.230782608695652,2839.62,0,0,High-Value Active Customers
14712.0,29,25,917.07,36.6828,917.07,0,1,At-Risk / Low-Engagement Customers
14713.0,9,338,2662.2,7.876331360946745,2662.2,0,0,High-Value Active Customers
14714.0,24,10,160.19,16.019,160.19,0,1,At-Risk / Low-Engagement Customers
14715.0,25,71,867.38,12.21661971830986,867.38,0,0,High-Value Active Customers
14716.0,43,51,307.51,6.029607843137255,307.51,0,1,At-Risk / Low-Engagement Customers
14719.0,2,235,1581.84,6.731234042553191,1581.84,0,0,High-Value Active Customers
14720.0,6,37,663.81,17.94081081081081,663.81,0,0,High-Value Active Customers
14722.0,147,28,180.42000000000002,6.443571428571429,180.42000000000002,0,1,At-Risk / Low-Engagement Customers
14723.0,10,259,1122.3600000000001,4.333436293436294,1122.3600000000001,0,0,High-Value Active Customers
14725.0,25,47,655.58,13.948510638297874,655.58,0,0,High-Value Active Customers
14727.0,274,10,268.58,26.857999999999997,268.58,0,1,At-Risk / Low-Engagement Customers
14729.0,374,71,313.49,4.415352112676056,313.49,0,1,At-Risk / Low-Engagement Customers
14730.0,1,441,1812.83,4.110725623582766,1812.83,0,0,High-Value Active Customers
14731.0,47,45,380.02,8.444888888888888,380.02,0,1,At-Risk / Low-Engagement Customers
14732.0,8,147,2702.4900000000002,18.384285714285717,2702.4900000000002,0,0,High-Value Active Customers
14733.0,16,202,9585.91,47.455,9585.91,0,0,High-Value Active Customers
14735.0,4,194,6065.69,31.26644329896907,6065.69,0,0,High-Value Active Customers
14737.0,4,17,1164.55,68.50294117647059,1164.55,0,0,High-Value Active Customers
14738.0,43,54,1314.45,24.34166666666667,1314.45,0,0,High-Value Active Customers
14739.0,4,60,3902.28,65.038,3902.28,0,0,High-Value Active Customers
14740.0,197,89,1448.21,16.272022471910113,1448.21,0,1,At-Risk / Low-Engagement Customers
14741.0,12,59,1400.34,23.73457627118644,1400.34,0,0,High-Value Active Customers
14744.0,16,26,1099.98,42.30692307692308,1099.98,0,0,High-Value Active Customers
14745.0,113,69,1220.26,17.684927536231886,1220.26,0,1,At-Risk / Low-Engagement Customers
14747.0,249,18,328.2,18.233333333333334,328.2,0,1,At-Risk / Low-Engagement Customers
14748.0,29,89,1415.75,15.907303370786517,1415.75,0,0,High-Value Active Customers
14752.0,44,5,389.64,77.928,389.64,0,1,At-Risk / Low-Engagement Customers
14753.0,87,30,563.15,18.771666666666665,563.15,0,1,At-Risk / Low-Engagement Customers
14754.0,45,41,638.05,15.562195121951218,638.05,0,1,At-Risk / Low-Engagement Customers
14755.0,10,235,5010.28,21.320340425531914,5010.28,0,0,High-Value Active Customers
14756.0,15,38,738.96,19.446315789473687,738.96,0,0,High-Value Active Customers
14757.0,75,19,420.5,22.13157894736842,420.5,0,1,At-Risk / Low-Engagement Customers
14758.0,145,71,1484.06,20.90225352112676,1484.06,0,0,High-Value Active Customers
14759.0,5,102,1625.97,15.940882352941177,1625.97,0,0,High-Value Active Customers
14760.0,297,5,89.2,17.84,89.2,0,1,At-Risk / Low-Engagement Customers
14761.0,59,11,255.9,23.263636363636365,255.9,0,1,At-Risk / Low-Engagement Customers
14762.0,264,21,300.52,14.310476190476189,300.52,0,1,At-Risk / Low-Engagement Customers
14764.0,47,6,278.3,46.38333333333333,278.3,0,1,At-Risk / Low-Engagement Customers
14765.0,29,39,254.11,6.515641025641026,254.11,0,1,At-Risk / Low-Engagement Customers
14766.0,8,135,2473.37,18.321259259259257,2473.37,0,0,High-Value Active Customers
14768.0,17,5,192.60000000000002,38.52,192.60000000000002,0,1,At-Risk / Low-Engagement Customers
14769.0,3,1062,10416.98,9.808832391713747,10416.98,0,0,High-Value Active Customers
14770.0,232,52,876.42,16.854230769230767,876.42,0,1,At-Risk / Low-Engagement Customers
14772.0,112,9,139.26,15.473333333333333,139.26,0,1,At-Risk / Low-Engagement Customers
14775.0,58,60,1011.9,16.865,1011.9,0,0,High-Value Active Customers
14776.0,51,117,2538.3,21.694871794871798,2538.3,0,0,High-Value Active Customers
14778.0,127,35,730.86,20.881714285714285,730.86,0,1,At-Risk / Low-Engagement Customers
14779.0,281,41,386.15,9.418292682926829,386.15,0,1,At-Risk / Low-Engagement Customers
14780.0,55,27,447.68,16.58074074074074,447.68,0,1,At-Risk / Low-Engagement Customers
14782.0,320,6,200.10000000000002,33.35,200.10000000000002,0,1,At-Risk / Low-Engagement Customers
14784.0,26,15,289.99,19.332666666666668,289.99,0,1,At-Risk / Low-Engagement Customers
14785.0,10,3,77.4,25.8,77.4,0,1,At-Risk / Low-Engagement Customers
14788.0,7,30,679.4399999999999,22.648,679.4399999999999,0,0,High-Value Active Customers
14789.0,29,6,197.64,32.94,197.64,0,1,At-Risk / Low-Engagement Customers
14790.0,17,46,745.06,16.19695652173913,745.06,0,0,High-Value Active Customers
14792.0,64,2,6.2,3.1,6.2,0,1,At-Risk / Low-Engagement Customers
14793.0,21,14,228.99,16.356428571428573,228.99,0,1,At-Risk / Low-Engagement Customers
14794.0,3,80,1319.91,16.498875,1319.91,0,0,High-Value Active Customers
14795.0,166,6,131.45000000000002,21.908333333333335,131.45000000000002,0,1,At-Risk / Low-Engagement Customers
14796.0,1,1132,7975.49,7.045485865724381,7975.49,0,0,High-Value Active Customers
14798.0,53,12,173.74,14.478333333333333,173.74,0,1,At-Risk / Low-Engagement Customers
14799.0,51,13,157.7,12.13076923076923,157.7,0,1,At-Risk / Low-Engagement Customers
14800.0,48,383,4331.79,11.310156657963446,4331.79,0,0,High-Value Active Customers
14801.0,61,57,189.34,3.3217543859649123,189.34,0,1,At-Risk / Low-Engagement Customers
14803.0,162,44,845.55,19.217045454545453,845.55,0,1,At-Risk / Low-Engagement Customers
14804.0,9,12,353.27,29.439166666666665,353.27,0,1,At-Risk / Low-Engagement Customers
14805.0,15,46,546.4,11.878260869565217,546.4,0,0,High-Value Active Customers
14806.0,75,11,193.39000000000001,17.580909090909092,193.39000000000001,0,1,At-Risk / Low-Engagement Customers
14808.0,40,231,2718.6,11.768831168831168,2718.6,0,0,High-Value Active Customers
14810.0,41,254,2085.33,8.209960629921259,2085.33,0,0,High-Value Active Customers
14813.0,370,29,152.88,5.2717241379310344,152.88,0,1,At-Risk / Low-Engagement Customers
14815.0,37,53,778.5,14.68867924528302,778.5,0,0,High-Value Active Customers
14816.0,197,4,271.85,67.9625,271.85,0,1,At-Risk / Low-Engagement Customers
14817.0,200,63,1110.34,17.624444444444443,1110.34,0,1,At-Risk / Low-Engagement Customers
14818.0,74,48,657.8,13.704166666666666,657.8,0,1,At-Risk / Low-Engagement Customers
14819.0,64,13,272.07,20.928461538461537,272.07,0,1,At-Risk / Low-Engagement Customers
14820.0,21,29,507.29,17.492758620689656,507.29,0,1,At-Risk / Low-Engagement Customers
14821.0,367,2,48.800000000000004,24.400000000000002,48.800000000000004,0,1,At-Risk / Low-Engagement Customers
14823.0,180,70,321.43,4.591857142857143,321.43,0,1,At-Risk / Low-Engagement Customers
14824.0,10,29,1127.71,38.88655172413793,1127.71,0,0,High-Value Active Customers
14825.0,4,120,2221.01,18.50841666666667,2221.01,0,0,High-Value Active Customers
14828.0,197,17,2139.76,125.86823529411765,2139.76,0,1,At-Risk / Low-Engagement Customers
14829.0,29,42,697.55,16.60833333333333,697.55,0,0,High-Value Active Customers
14830.0,53,39,188.88,4.843076923076923,188.88,0,1,At-Risk / Low-Engagement Customers
14834.0,18,67,1720.3,25.676119402985073,1720.3,0,0,High-Value Active Customers
14836.0,10,6,102.44999999999999,17.075,102.44999999999999,0,1,At-Risk / Low-Engagement Customers
14837.0,90,108,1649.5,15.273148148148149,1649.5,0,0,High-Value Active Customers
14840.0,268,4,62.85,15.7125,62.85,0,1,At-Risk / Low-Engagement Customers
14841.0,53,138,3295.76,23.88231884057971,3295.76,0,0,High-Value Active Customers
14842.0,44,145,2824.69,19.480620689655172,2824.69,0,0,High-Value Active Customers
14844.0,64,130,3189.81,24.537,3189.81,0,0,High-Value Active Customers
14847.0,149,13,309.4,23.799999999999997,309.4,0,1,At-Risk / Low-Engagement Customers
14849.0,22,388,7930.54,20.439536082474227,7930.54,0,0,High-Value Active Customers
14850.0,312,21,325.75,15.511904761904763,325.75,0,1,At-Risk / Low-Engagement Customers
14851.0,23,28,511.35,18.2625,511.35,0,1,At-Risk / Low-Engagement Customers
14852.0,58,143,2836.69,19.83699300699301,2836.69,0,0,High-Value Active Customers
14853.0,24,9,475.8,52.86666666666667,475.8,0,1,At-Risk / Low-Engagement Customers
14854.0,78,126,2740.03,21.746269841269843,2740.03,0,0,High-Value Active Customers
14855.0,119,20,645.65,32.2825,645.65,0,1,At-Risk / Low-Engagement Customers
14856.0,36,65,1290.53,19.854307692307692,1290.53,0,0,High-Value Active Customers
14857.0,60,60,1173.12,19.552,1173.12,0,0,High-Value Active Customers
14859.0,13,58,1353.74,23.340344827586208,1353.74,0,0,High-Value Active Customers
14860.0,19,11,170.32,15.483636363636363,170.32,0,1,At-Risk / Low-Engagement Customers
14861.0,52,6,125.79,20.965,125.79,0,1,At-Risk / Low-Engagement Customers
14862.0,26,48,841.1999999999999,17.525,841.1999999999999,0,0,High-Value Active Customers
14863.0,29,11,266.76,24.25090909090909,266.76,0,1,At-Risk / Low-Engagement Customers
14865.0,7,4,52.2,13.05,52.2,0,1,At-Risk / Low-Engagement Customers
14866.0,11,99,14389.9,145.35252525252525,14389.9,0,0,High-Value Active Customers
14867.0,186,36,710.28,19.73,710.28,0,1,At-Risk / Low-Engagement Customers
14868.0,3,144,2953.59,20.511041666666667,2953.59,0,0,High-Value Active Customers
14869.0,9,70,721.45,10.306428571428572,721.45,0,0,High-Value Active Customers
14870.0,262,13,327.25,25.173076923076923,327.25,0,1,At-Risk / Low-Engagement Customers
14871.0,3,93,501.28000000000003,5.390107526881721,501.28000000000003,0,0,High-Value Active Customers
14873.0,210,28,519.68,18.56,519.68,0,1,At-Risk / Low-Engagement Customers
14875.0,108,47,1465.3200000000002,31.17702127659575,1465.3200000000002,0,1,At-Risk / Low-Engagement Customers
14878.0,13,122,1476.09,12.099098360655738,1476.09,0,0,High-Value Active Customers
14880.0,77,46,690.59,15.012826086956522,690.59,0,1,At-Risk / Low-Engagement Customers
14881.0,20,17,255.4,15.023529411764706,255.4,0,1,At-Risk / Low-Engagement Customers
14882.0,27,11,589.7,53.60909090909092,589.7,0,1,At-Risk / Low-Engagement Customers
14883.0,19,53,761.59,14.369622641509434,761.59,0,0,High-Value Active Customers
14885.0,132,15,765.3199999999999,51.02133333333333,765.3199999999999,0,1,At-Risk / Low-Engagement Customers
14886.0,253,18,364.8,20.266666666666666,364.8,0,1,At-Risk / Low-Engagement Customers
14887.0,79,6,1862.0,310.3333333333333,1862.0,0,1,At-Risk / Low-Engagement Customers
14888.0,207,20,369.2,18.46,369.2,0,1,At-Risk / Low-Engagement Customers
14889.0,336,10,135.9,13.59,135.9,0,1,At-Risk / Low-Engagement Customers
14890.0,254,7,125.65,17.95,125.65,0,1,At-Risk / Low-Engagement Customers
14891.0,148,33,554.38,16.79939393939394,554.38,0,1,At-Risk / Low-Engagement Customers
14893.0,10,73,1237.8500000000001,16.956849315068496,1237.8500000000001,0,0,High-Value Active Customers
14894.0,85,23,655.75,28.51086956521739,655.75,0,1,At-Risk / Low-Engagement Customers
14895.0,8,498,11138.710000000001,22.366887550200804,11138.710000000001,0,0,High-Value Active Customers
14896.0,205,43,468.77000000000004,10.901627906976746,468.77000000000004,0,1,At-Risk / Low-Engagement Customers
14897.0,8,55,1366.38,24.84327272727273,1366.38,0,0,High-Value Active Customers
14898.0,23,109,1269.31,11.645045871559633,1269.31,0,0,High-Value Active Customers
14901.0,11,96,1421.29,14.805104166666666,1421.29,0,0,High-Value Active Customers
14902.0,26,20,332.66,16.633000000000003,332.66,0,1,At-Risk / Low-Engagement Customers
14903.0,21,350,2795.33,7.986657142857142,2795.33,0,0,High-Value Active Customers
14904.0,2,69,1025.44,14.86144927536232,1025.44,0,0,High-Value Active Customers
14905.0,158,17,616.15,36.24411764705882,616.15,0,1,At-Risk / Low-Engagement Customers
14907.0,3,165,3501.1,21.21878787878788,3501.1,0,0,High-Value Active Customers
14908.0,74,9,277.8,30.866666666666667,277.8,0,1,At-Risk / Low-Engagement Customers
14910.0,3,30,434.35,14.478333333333333,434.35,0,0,High-Value Active Customers
14911.0,1,5670,143711.17,25.345885361552032,143711.17,1,0,High-Value Active Customers
14912.0,17,27,867.85,32.14259259259259,867.85,0,0,High-Value Active Customers
14913.0,36,87,1227.43,14.108390804597702,1227.43,0,0,High-Value Active Customers
14915.0,91,12,307.48,25.623333333333335,307.48,0,1,At-Risk / Low-Engagement Customers
14916.0,71,76,1260.58,16.58657894736842,1260.58,0,0,High-Value Active Customers
14918.0,116,45,1610.15,35.781111111111116,1610.15,0,1,At-Risk / Low-Engagement Customers
14920.0,213,57,977.77,17.153859649122808,977.77,0,1,At-Risk / Low-Engagement Customers
14921.0,30,78,1316.07,16.872692307692308,1316.07,0,0,High-Value Active Customers
14923.0,51,44,749.1,17.025000000000002,749.1,0,1,At-Risk / Low-Engagement Customers
14924.0,246,10,310.05,31.005000000000003,310.05,0,1,At-Risk / Low-Engagement Customers
14929.0,32,11,223.88,20.35272727272727,223.88,0,1,At-Risk / Low-Engagement Customers
14930.0,109,127,2362.96,18.605984251968504,2362.96,0,0,High-Value Active Customers
14931.0,5,41,1257.68,30.675121951219513,1257.68,0,0,High-Value Active Customers
14932.0,366,17,363.53,21.384117647058822,363.53,0,1,At-Risk / Low-Engagement Customers
14934.0,82,87,1890.94,21.734942528735633,1890.94,0,0,High-Value Active Customers
14935.0,297,10,1784.71,178.471,1784.71,0,1,At-Risk / Low-Engagement Customers
14936.0,34,364,8137.02,22.35445054945055,8137.02,0,0,High-Value Active Customers
14937.0,57,34,1621.88,47.70235294117647,1621.88,0,0,High-Value Active Customers
14944.0,30,170,5900.25,34.707352941176474,5900.25,0,0,High-Value Active Customers
14946.0,14,3,100.9,33.63333333333333,100.9,0,1,At-Risk / Low-Engagement Customers
14947.0,72,14,290.82,20.77285714285714,290.82,0,1,At-Risk / Low-Engagement Customers
14948.0,23,63,1101.97,17.491587301587302,1101.97,0,0,High-Value Active Customers
14950.0,19,19,371.2,19.53684210526316,371.2,0,1,At-Risk / Low-Engagement Customers
14951.0,79,20,311.69,15.5845,311.69,0,1,At-Risk / Low-Engagement Customers
14952.0,60,138,8099.49,58.69195652173913,8099.49,0,0,High-Value Active Customers
14953.0,25,54,285.67,5.2901851851851855,285.67,0,1,At-Risk / Low-Engagement Customers
14954.0,12,77,294.85,3.8292207792207793,294.85,0,0,High-Value Active Customers
14957.0,253,12,58.49,4.8741666666666665,58.49,0,1,At-Risk / Low-Engagement Customers
14958.0,147,41,483.72999999999996,11.798292682926828,483.72999999999996,0,1,At-Risk / Low-Engagement Customers
14959.0,64,59,695.42,11.786779661016949,695.42,0,1,At-Risk / Low-Engagement Customers
14960.0,8,27,221.27,8.195185185185185,221.27,0,1,At-Risk / Low-Engagement Customers
14961.0,11,312,7044.68,22.579102564102566,7044.68,0,0,High-Value Active Customers
14962.0,271,5,126.7,25.34,126.7,0,1,At-Risk / Low-Engagement Customers
14963.0,10,192,1472.34,7.6684375,1472.34,0,0,High-Value Active Customers
14964.0,247,13,206.21,15.862307692307693,206.21,0,1,At-Risk / Low-Engagement Customers
14965.0,96,81,596.09,7.359135802469136,596.09,0,1,At-Risk / Low-Engagement Customers
14966.0,15,36,183.02,5.08388888888889,183.02,0,1,At-Risk / Low-Engagement Customers
14967.0,50,6,463.8,77.3,463.8,0,1,At-Risk / Low-Engagement Customers
14968.0,30,37,147.59,3.988918918918919,147.59,0,1,At-Risk / Low-Engagement Customers
14970.0,68,34,1592.06,46.825294117647054,1592.06,0,1,At-Risk / Low-Engagement Customers
14971.0,35,155,1097.98,7.083741935483871,1097.98,0,0,High-Value Active Customers
14972.0,128,18,114.77,6.376111111111111,114.77,0,1,At-Risk / Low-Engagement Customers
14973.0,107,32,1314.45,41.0765625,1314.45,0,1,At-Risk / Low-Engagement Customers
14974.0,37,17,89.94,5.290588235294117,89.94,0,1,At-Risk / Low-Engagement Customers
14975.0,57,11,279.94,25.44909090909091,279.94,0,1,At-Risk / Low-Engagement Customers
14976.0,57,72,790.86,10.984166666666667,790.86,0,0,High-Value Active Customers
14978.0,72,214,1921.3700000000001,8.97836448598131,1921.3700000000001,0,0,High-Value Active Customers
14981.0,246,8,102.12,12.765,102.12,0,1,At-Risk / Low-Engagement Customers
14984.0,19,39,202.37,5.188974358974359,202.37,0,1,At-Risk / Low-Engagement Customers
14985.0,198,83,292.01,3.5181927710843373,292.01,0,1,At-Risk / Low-Engagement Customers
14987.0,16,4,326.4,81.6,326.4,0,1,At-Risk / Low-Engagement Customers
14988.0,212,40,334.54,8.3635,334.54,0,1,At-Risk / Low-Engagement Customers
14995.0,39,60,231.98000000000002,3.866333333333334,231.98000000000002,0,1,At-Risk / Low-Engagement Customers
14997.0,46,26,546.1999999999999,21.007692307692306,546.1999999999999,0,1,At-Risk / Low-Engagement Customers
14998.0,170,74,414.87,5.606351351351352,414.87,0,1,At-Risk / Low-Engagement Customers
15000.0,48,77,490.52,6.37038961038961,490.52,0,1,At-Risk / Low-Engagement Customers
15002.0,116,115,1641.76,14.276173913043479,1641.76,0,0,High-Value Active Customers
15004.0,147,154,1220.77,7.927077922077922,1220.77,0,0,High-Value Active Customers
15005.0,16,1112,6295.37,5.661303956834533,6295.37,0,0,High-Value Active Customers
15006.0,51,132,480.38,3.639242424242424,480.38,0,0,High-Value Active Customers
15007.0,159,12,156.91,13.075833333333334,156.91,0,1,At-Risk / Low-Engagement Customers
15009.0,12,180,1259.43,6.996833333333334,1259.43,0,0,High-Value Active Customers
15010.0,36,20,308.94,15.447,308.94,0,1,At-Risk / Low-Engagement Customers
15012.0,54,122,405.04,3.3200000000000003,405.04,0,0,High-Value Active Customers
15014.0,43,33,257.67,7.808181818181819,257.67,0,1,At-Risk / Low-Engagement Customers
15016.0,173,20,170.04,8.501999999999999,170.04,0,1,At-Risk / Low-Engagement Customers
15017.0,34,20,125.58,6.279,125.58,0,1,At-Risk / Low-Engagement Customers
15018.0,39,31,496.21000000000004,16.006774193548388,496.21000000000004,0,1,At-Risk / Low-Engagement Customers
15019.0,267,66,252.81,3.8304545454545456,252.81,0,1,At-Risk / Low-Engagement Customers
15021.0,9,444,1871.77,4.215698198198198,1871.77,0,0,High-Value Active Customers
15022.0,12,121,852.39,7.044545454545454,852.39,0,0,High-Value Active Customers
15023.0,3,553,6720.41,12.152640144665462,6720.41,0,0,High-Value Active Customers
15024.0,10,152,1636.43,10.765986842105264,1636.43,0,0,High-Value Active Customers
15025.0,33,67,361.96,5.402388059701492,361.96,0,1,At-Risk / Low-Engagement Customers
15026.0,80,61,469.0,7.688524590163935,469.0,0,1,At-Risk / Low-Engagement Customers
15027.0,31,35,1066.1499999999999,30.461428571428566,1066.1499999999999,0,0,High-Value Active Customers
15028.0,8,48,627.13,13.065208333333333,627.13,0,0,High-Value Active Customers
15030.0,72,7,518.28,74.03999999999999,518.28,0,1,At-Risk / Low-Engagement Customers
15031.0,4,110,653.19,5.93809090909091,653.19,0,0,High-Value Active Customers
15032.0,256,52,4959.1,95.3673076923077,4959.1,0,0,High-Value Active Customers
15033.0,5,500,2553.43,5.106859999999999,2553.43,0,0,High-Value Active Customers
15034.0,16,390,4274.16,10.959384615384614,4274.16,0,0,High-Value Active Customers
15035.0,90,27,252.73000000000002,9.36037037037037,252.73000000000002,0,1,At-Risk / Low-Engagement Customers
15036.0,72,119,429.56,3.609747899159664,429.56,0,1,At-Risk / Low-Engagement Customers
15038.0,59,125,685.74,5.48592,685.74,0,0,High-Value Active Customers
15039.0,10,1477,19766.59,13.38293161814489,19766.59,0,0,High-Value Active Customers
15041.0,170,66,179.93,2.7262121212121215,179.93,0,1,At-Risk / Low-Engagement Customers
15042.0,199,5,135.93,27.186,135.93,0,1,At-Risk / Low-Engagement Customers
15043.0,31,3,537.0,179.0,537.0,0,1,At-Risk / Low-Engagement Customers
15044.0,19,444,7634.7300000000005,17.19533783783784,7634.7300000000005,0,0,High-Value Active Customers
15045.0,152,12,735.66,61.305,735.66,0,1,At-Risk / Low-Engagement Customers
15046.0,9,201,5090.42,25.32547263681592,5090.42,0,0,High-Value Active Customers
15047.0,270,22,343.62,15.61909090909091,343.62,0,1,At-Risk / Low-Engagement Customers
15048.0,65,94,381.0,4.053191489361702,381.0,0,1,At-Risk / Low-Engagement Customers
15049.0,274,3,121.17000000000002,40.39000000000001,121.17000000000002,0,1,At-Risk / Low-Engagement Customers
15050.0,25,76,1737.69,22.86434210526316,1737.69,0,0,High-Value Active Customers
15051.0,23,142,1383.3600000000001,9.741971830985916,1383.3600000000001,0,0,High-Value Active Customers
15052.0,319,28,207.73000000000002,7.418928571428572,207.73000000000002,0,1,At-Risk / Low-Engagement Customers
15053.0,5,69,693.95,10.057246376811595,693.95,0,0,High-Value Active Customers
15054.0,12,114,302.1,2.6500000000000004,302.1,0,0,High-Value Active Customers
15057.0,275,25,1489.5,59.58,1489.5,0,1,At-Risk / Low-Engagement Customers
15058.0,25,266,2102.54,7.904285714285714,2102.54,0,0,High-Value Active Customers
15059.0,41,237,1337.72,5.644388185654009,1337.72,0,0,High-Value Active Customers
15060.0,8,115,294.25,2.5586956521739133,294.25,0,0,High-Value Active Customers
15061.0,4,403,54534.14,135.32044665012407,54534.14,0,0,High-Value Active Customers
15062.0,71,57,987.86,17.330877192982456,987.86,0,1,At-Risk / Low-Engagement Customers
15063.0,213,5,370.79999999999995,74.16,370.79999999999995,0,1,At-Risk / Low-Engagement Customers
15065.0,38,155,3158.13,20.37503225806452,3158.13,0,0,High-Value Active Customers
15066.0,53,42,893.59,21.275952380952383,893.59,0,1,At-Risk / Low-Engagement Customers
15067.0,78,82,1744.76,21.277560975609756,1744.76,0,0,High-Value Active Customers
15068.0,46,104,553.36,5.320769230769231,553.36,0,0,High-Value Active Customers
15069.0,179,70,1109.53,15.850428571428571,1109.53,0,1,At-Risk / Low-Engagement Customers
15070.0,373,1,106.2,106.2,106.2,0,1,At-Risk / Low-Engagement Customers
15071.0,94,26,982.07,37.77192307692308,982.07,0,1,At-Risk / Low-Engagement Customers
15073.0,10,54,1043.41,19.322407407407407,1043.41,0,0,High-Value Active Customers
15074.0,105,41,735.67,17.943170731707315,735.67,0,1,At-Risk / Low-Engagement Customers
15075.0,78,27,773.03,28.63074074074074,773.03,0,1,At-Risk / Low-Engagement Customers
15076.0,173,49,880.85,17.976530612244897,880.85,0,1,At-Risk / Low-Engagement Customers
15078.0,7,440,9743.11,22.14343181818182,9743.11,0,0,High-Value Active Customers
15079.0,213,47,895.61,19.055531914893617,895.61,0,1,At-Risk / Low-Engagement Customers
15081.0,22,33,504.8,15.296969696969697,504.8,0,1,At-Risk / Low-Engagement Customers
15083.0,257,5,88.2,17.64,88.2,0,1,At-Risk / Low-Engagement Customers
15087.0,282,15,306.94,20.462666666666667,306.94,0,1,At-Risk / Low-Engagement Customers
15088.0,21,57,1160.07,20.352105263157895,1160.07,0,0,High-Value Active Customers
15089.0,10,145,2420.84,16.69544827586207,2420.84,0,0,High-Value Active Customers
15090.0,308,23,381.32,16.57913043478261,381.32,0,1,At-Risk / Low-Engagement Customers
15091.0,68,30,480.71,16.023666666666667,480.71,0,1,At-Risk / Low-Engagement Customers
15092.0,215,26,457.81,17.608076923076922,457.81,0,1,At-Risk / Low-Engagement Customers
15093.0,18,108,4597.02,42.565000000000005,4597.02,0,0,High-Value Active Customers
15095.0,104,47,1370.6,29.161702127659574,1370.6,0,1,At-Risk / Low-Engagement Customers
15096.0,43,11,219.39000000000001,19.944545454545455,219.39000000000001,0,1,At-Risk / Low-Engagement Customers
15097.0,4,25,248.08,9.923200000000001,248.08,0,1,At-Risk / Low-Engagement Customers
15098.0,182,3,39916.5,13305.5,39916.5,0,0,High-Value Active Customers
15099.0,84,23,410.48,17.84695652173913,410.48,0,1,At-Risk / Low-Engagement Customers
15100.0,334,3,876.0,292.0,876.0,0,1,At-Risk / Low-Engagement Customers
15101.0,9,8,317.53,39.69125,317.53,0,1,At-Risk / Low-Engagement Customers
15103.0,31,35,703.36,20.096,703.36,0,1,At-Risk / Low-Engagement Customers
15104.0,197,67,993.54,14.828955223880596,993.54,0,1,At-Risk / Low-Engagement Customers
15105.0,18,101,2298.93,22.76168316831683,2298.93,0,0,High-Value Active Customers
15106.0,18,100,1422.52,14.2252,1422.52,0,0,High-Value Active Customers
15107.0,311,16,319.5,19.96875,319.5,0,1,At-Risk / Low-Engagement Customers
15108.0,142,60,1300.25,21.670833333333334,1300.25,0,1,At-Risk / Low-Engagement Customers
15109.0,246,28,484.95,17.319642857142856,484.95,0,1,At-Risk / Low-Engagement Customers
15110.0,24,35,996.1,28.46,996.1,0,0,High-Value Active Customers
15111.0,29,84,1567.48,18.660476190476192,1567.48,0,0,High-Value Active Customers
15113.0,10,97,3509.43,36.179690721649486,3509.43,0,0,High-Value Active Customers
15114.0,30,197,2760.56,14.012994923857867,2760.56,0,0,High-Value Active Customers
15115.0,18,21,340.11,16.195714285714285,340.11,0,1,At-Risk / Low-Engagement Customers
15116.0,18,45,1352.75,30.06111111111111,1352.75,0,0,High-Value Active Customers
15117.0,15,79,1551.78,19.64278481012658,1551.78,0,0,High-Value Active Customers
15118.0,134,1,244.8,244.8,244.8,0,1,At-Risk / Low-Engagement Customers
15119.0,246,14,266.4,19.02857142857143,266.4,0,1,At-Risk / Low-Engagement Customers
15120.0,134,21,358.82,17.086666666666666,358.82,0,1,At-Risk / Low-Engagement Customers
15121.0,50,28,457.72,16.34714285714286,457.72,0,1,At-Risk / Low-Engagement Customers
15122.0,114,82,1633.78,19.924146341463413,1633.78,0,0,High-Value Active Customers
15123.0,7,106,2199.31,20.748207547169812,2199.31,0,0,High-Value Active Customers
15124.0,23,15,184.19,12.279333333333334,184.19,0,1,At-Risk / Low-Engagement Customers
15125.0,25,127,11528.48,90.77543307086614,11528.48,0,0,High-Value Active Customers
15127.0,66,16,406.53,25.408125,406.53,0,1,At-Risk / Low-Engagement Customers
15128.0,60,102,1471.0,14.42156862745098,1471.0,0,0,High-Value Active Customers
15129.0,50,84,3447.4,41.04047619047619,3447.4,0,0,High-Value Active Customers
15130.0,170,22,330.11,15.005,330.11,0,1,At-Risk / Low-Engagement Customers
15132.0,18,52,977.9300000000001,18.806346153846157,977.9300000000001,0,0,High-Value Active Customers
15133.0,128,29,982.42,33.87655172413793,982.42,0,1,At-Risk / Low-Engagement Customers
15134.0,15,73,1387.99,19.013561643835615,1387.99,0,0,High-Value Active Customers
15135.0,239,9,139.05,15.450000000000001,139.05,0,1,At-Risk / Low-Engagement Customers
15136.0,3,68,1286.7,18.92205882352941,1286.7,0,0,High-Value Active Customers
15139.0,240,13,178.96,13.766153846153847,178.96,0,1,At-Risk / Low-Engagement Customers
15140.0,52,80,2354.25,29.428125,2354.25,0,0,High-Value Active Customers
15142.0,46,26,498.74,19.182307692307692,498.74,0,1,At-Risk / Low-Engagement Customers
15143.0,226,14,259.45,18.532142857142855,259.45,0,1,At-Risk / Low-Engagement Customers
15144.0,8,217,6580.44,30.324608294930872,6580.44,0,0,High-Value Active Customers
15145.0,4,67,1194.73,17.83179104477612,1194.73,0,0,High-Value Active Customers
15146.0,165,91,1327.16,14.584175824175825,1327.16,0,0,High-Value Active Customers
15147.0,240,28,623.5,22.267857142857142,623.5,0,1,At-Risk / Low-Engagement Customers
15148.0,11,20,301.29,15.0645,301.29,0,1,At-Risk / Low-Engagement Customers
15149.0,134,23,520.8000000000001,22.643478260869568,520.8000000000001,0,1,At-Risk / Low-Engagement Customers
15150.0,17,341,5291.33,15.517096774193549,5291.33,0,0,High-Value Active Customers
15152.0,10,271,4745.69,17.511771217712177,4745.69,0,0,High-Value Active Customers
15153.0,31,22,329.25,14.965909090909092,329.25,0,1,At-Risk / Low-Engagement Customers
15154.0,75,71,254.28,3.581408450704225,254.28,0,1,At-Risk / Low-Engagement Customers
15156.0,1,55,961.49,17.481636363636365,961.49,0,0,High-Value Active Customers
15157.0,4,125,1936.07,15.48856,1936.07,0,0,High-Value Active Customers
15158.0,45,7,401.40000000000003,57.34285714285715,401.40000000000003,0,1,At-Risk / Low-Engagement Customers
15159.0,2,710,18641.010000000002,26.254943661971833,18641.010000000002,0,0,High-Value Active Customers
15160.0,357,4,158.16,39.54,158.16,0,1,At-Risk / Low-Engagement Customers
15163.0,18,29,304.47,10.49896551724138,304.47,0,1,At-Risk / Low-Engagement Customers
15164.0,69,101,824.58,8.164158415841584,824.58,0,0,High-Value Active Customers
15165.0,373,27,487.75,18.064814814814813,487.75,0,1,At-Risk / Low-Engagement Customers
15167.0,321,39,158.8,4.071794871794872,158.8,0,1,At-Risk / Low-Engagement Customers
15168.0,26,5,106.56,21.312,106.56,0,1,At-Risk / Low-Engagement Customers
15171.0,331,5,1289.5,257.9,1289.5,0,1,At-Risk / Low-Engagement Customers
15172.0,9,110,1624.05,14.764090909090909,1624.05,0,0,High-Value Active Customers
15174.0,323,11,135.75,12.340909090909092,135.75,0,1,At-Risk / Low-Engagement Customers
15175.0,72,23,224.14,9.745217391304347,224.14,0,1,At-Risk / Low-Engagement Customers
15178.0,260,3,40.5,13.5,40.5,0,1,At-Risk / Low-Engagement Customers
15179.0,18,93,2206.95,23.73064516129032,2206.95,0,0,High-Value Active Customers
15180.0,367,6,87.5,14.583333333333334,87.5,0,1,At-Risk / Low-Engagement Customers
15181.0,66,16,689.4799999999999,43.092499999999994,689.4799999999999,0,1,At-Risk / Low-Engagement Customers
15182.0,154,29,622.85,21.477586206896554,622.85,0,1,At-Risk / Low-Engagement Customers
15184.0,29,62,402.2,6.487096774193549,402.2,0,1,At-Risk / Low-Engagement Customers
15185.0,70,21,310.62,14.791428571428572,310.62,0,1,At-Risk / Low-Engagement Customers
15186.0,14,19,411.41,21.653157894736843,411.41,0,1,At-Risk / Low-Engagement Customers
15187.0,2,91,4777.18,52.49648351648352,4777.18,0,0,High-Value Active Customers
15189.0,1,212,16225.39,76.53485849056604,16225.39,0,0,High-Value Active Customers
15192.0,120,51,1044.32,20.47686274509804,1044.32,0,1,At-Risk / Low-Engagement Customers
15193.0,61,19,499.32,26.28,499.32,0,1,At-Risk / Low-Engagement Customers
15194.0,3,310,7616.53,24.569451612903226,7616.53,0,0,High-Value Active Customers
15195.0,3,1,3861.0,3861.0,3861.0,0,0,High-Value Active Customers
15197.0,11,32,1079.6100000000001,33.737812500000004,1079.6100000000001,0,0,High-Value Active Customers
15198.0,92,10,193.64,19.363999999999997,193.64,0,1,At-Risk / Low-Engagement Customers
15199.0,59,13,1268.7,97.5923076923077,1268.7,0,1,At-Risk / Low-Engagement Customers
15201.0,87,69,1236.54,17.92086956521739,1236.54,0,0,High-Value Active Customers
15203.0,26,142,1827.8,12.871830985915492,1827.8,0,0,High-Value Active Customers
15204.0,357,9,316.58,35.175555555555555,316.58,0,1,At-Risk / Low-Engagement Customers
15205.0,85,37,653.24,17.655135135135136,653.24,0,1,At-Risk / Low-Engagement Customers
15206.0,10,9,420.29999999999995,46.699999999999996,420.29999999999995,0,1,At-Risk / Low-Engagement Customers
15208.0,1,42,870.12,20.717142857142857,870.12,0,0,High-Value Active Customers
15210.0,225,20,331.18,16.559,331.18,0,1,At-Risk / Low-Engagement Customers
15211.0,60,52,894.4100000000001,17.20019230769231,894.4100000000001,0,1,At-Risk / Low-Engagement Customers
15212.0,241,5,101.8,20.36,101.8,0,1,At-Risk / Low-Engagement Customers
15213.0,319,24,328.35,13.68125,328.35,0,1,At-Risk / Low-Engagement Customers
15214.0,2,110,1661.44,15.104000000000001,1661.44,0,0,High-Value Active Customers
15215.0,47,35,734.94,20.998285714285714,734.94,0,1,At-Risk / Low-Engagement Customers
15216.0,88,2,96.6,48.3,96.6,0,1,At-Risk / Low-Engagement Customers
15218.0,11,166,5756.89,34.680060240963854,5756.89,0,0,High-Value Active Customers
15219.0,176,9,305.75,33.97222222222222,305.75,0,1,At-Risk / Low-Engagement Customers
15220.0,52,117,1778.96,15.204786324786324,1778.96,0,0,High-Value Active Customers
15221.0,366,5,403.25,80.65,403.25,0,1,At-Risk / Low-Engagement Customers
15222.0,319,5,585.0,117.0,585.0,0,1,At-Risk / Low-Engagement Customers
15223.0,226,20,755.75,37.7875,755.75,0,1,At-Risk / Low-Engagement Customers
15224.0,358,14,322.08,23.005714285714284,322.08,0,1,At-Risk / Low-Engagement Customers
15225.0,234,23,409.40000000000003,17.8,409.40000000000003,0,1,At-Risk / Low-Engagement Customers
15226.0,311,8,154.41,19.30125,154.41,0,1,At-Risk / Low-Engagement Customers
15227.0,37,58,1219.4,21.024137931034485,1219.4,0,0,High-Value Active Customers
15228.0,66,125,3386.71,27.09368,3386.71,0,0,High-Value Active Customers
15230.0,239,23,429.6,18.678260869565218,429.6,0,1,At-Risk / Low-Engagement Customers
15232.0,113,31,612.06,19.743870967741934,612.06,0,1,At-Risk / Low-Engagement Customers
15234.0,277,14,197.0,14.071428571428571,197.0,0,1,At-Risk / Low-Engagement Customers
15235.0,218,142,2237.51,15.75711267605634,2237.51,0,0,High-Value Active Customers
15236.0,299,15,321.05,21.403333333333332,321.05,0,1,At-Risk / Low-Engagement Customers
15237.0,2,99,1412.32,14.265858585858584,1412.32,0,0,High-Value Active Customers
15238.0,29,50,1071.99,21.4398,1071.99,0,0,High-Value Active Customers
15239.0,10,49,780.59,15.930408163265307,780.59,0,0,High-Value Active Customers
15240.0,45,78,1706.57,21.879102564102563,1706.57,0,0,High-Value Active Customers
15241.0,67,110,1756.44,15.967636363636364,1756.44,0,0,High-Value Active Customers
15243.0,74,22,316.68,14.394545454545455,316.68,0,1,At-Risk / Low-Engagement Customers
15244.0,65,34,631.57,18.57558823529412,631.57,0,1,At-Risk / Low-Engagement Customers
15245.0,134,89,2515.84,28.267865168539327,2515.84,0,0,High-Value Active Customers
15246.0,238,33,514.15,15.58030303030303,514.15,0,1,At-Risk / Low-Engagement Customers
15247.0,122,6,356.0,59.333333333333336,356.0,0,1,At-Risk / Low-Engagement Customers
15249.0,32,350,6688.46,19.109885714285713,6688.46,0,0,High-Value Active Customers
15251.0,9,111,10484.99,94.45936936936937,10484.99,0,0,High-Value Active Customers
15252.0,36,44,740.78,16.83590909090909,740.78,0,1,At-Risk / Low-Engagement Customers
15253.0,16,53,918.1999999999999,17.32452830188679,918.1999999999999,0,0,High-Value Active Customers
15254.0,127,18,300.36,16.686666666666667,300.36,0,1,At-Risk / Low-Engagement Customers
15255.0,67,47,890.85,18.95425531914894,890.85,0,1,At-Risk / Low-Engagement Customers
15256.0,149,6,98.45,16.408333333333335,98.45,0,1,At-Risk / Low-Engagement Customers
15257.0,283,7,317.15,45.30714285714286,317.15,0,1,At-Risk / Low-Engagement Customers
15258.0,169,34,623.16,18.328235294117647,623.16,0,1,At-Risk / Low-Engagement Customers
15260.0,100,77,1810.77,23.516493506493507,1810.77,0,0,High-Value Active Customers
15261.0,135,19,254.82,13.41157894736842,254.82,0,1,At-Risk / Low-Engagement Customers
15262.0,324,10,178.95000000000002,17.895000000000003,178.95000000000002,0,1,At-Risk / Low-Engagement Customers
15263.0,107,12,156.51,13.042499999999999,156.51,0,1,At-Risk / Low-Engagement Customers
15264.0,64,23,393.74,17.11913043478261,393.74,0,1,At-Risk / Low-Engagement Customers
15265.0,151,82,1506.1200000000001,18.36731707317073,1506.1200000000001,0,0,High-Value Active Customers
15266.0,338,6,119.3,19.883333333333333,119.3,0,1,At-Risk / Low-Engagement Customers
15267.0,22,11,1717.36,156.12363636363636,1717.36,0,1,At-Risk / Low-Engagement Customers
15269.0,24,2,408.8,204.4,408.8,0,1,At-Risk / Low-Engagement Customers
15270.0,16,41,2379.49,58.03634146341463,2379.49,0,0,High-Value Active Customers
15271.0,7,264,2493.34,9.444469696969698,2493.34,0,0,High-Value Active Customers
15272.0,57,63,721.94,11.45936507936508,721.94,0,1,At-Risk / Low-Engagement Customers
15274.0,4,47,716.57,15.246170212765959,716.57,0,0,High-Value Active Customers
15275.0,38,41,615.14,15.003414634146342,615.14,0,1,At-Risk / Low-Engagement Customers
15276.0,66,49,128.63,2.6251020408163264,128.63,0,1,At-Risk / Low-Engagement Customers
15277.0,47,12,255.89999999999998,21.325,255.89999999999998,0,1,At-Risk / Low-Engagement Customers
15279.0,355,19,290.51,15.29,290.51,0,1,At-Risk / Low-Engagement Customers
15280.0,172,16,113.12,7.07,113.12,0,1,At-Risk / Low-Engagement Customers
15281.0,59,139,2332.15,16.778057553956835,2332.15,0,0,High-Value Active Customers
15286.0,50,3,240.55,80.18333333333334,240.55,0,1,At-Risk / Low-Engagement Customers
15287.0,22,20,486.69,24.3345,486.69,0,1,At-Risk / Low-Engagement Customers
15288.0,43,88,2306.52,26.210454545454546,2306.52,0,0,High-Value Active Customers
15289.0,29,58,939.78,16.20310344827586,939.78,0,0,High-Value Active Customers
15290.0,5,204,7943.22,38.93735294117647,7943.22,0,0,High-Value Active Customers
15291.0,26,103,4668.3,45.32330097087379,4668.3,0,0,High-Value Active Customers
15292.0,201,24,178.39,7.432916666666666,178.39,0,1,At-Risk / Low-Engagement Customers
15296.0,51,194,3672.86,18.932268041237116,3672.86,0,0,High-Value Active Customers
15297.0,10,39,641.94,16.46,641.94,0,0,High-Value Active Customers
15298.0,2,192,4799.9,24.999479166666664,4799.9,0,0,High-Value Active Customers
15299.0,67,7,4507.01,643.8585714285715,4507.01,0,1,At-Risk / Low-Engagement Customers
15300.0,64,28,496.44,17.73,496.44,0,1,At-Risk / Low-Engagement Customers
15301.0,51,242,5049.95,20.867561983471074,5049.95,0,0,High-Value Active Customers
15303.0,290,31,574.02,18.516774193548386,574.02,0,1,At-Risk / Low-Engagement Customers
15304.0,61,23,694.4000000000001,30.19130434782609,694.4000000000001,0,1,At-Risk / Low-Engagement Customers
15306.0,64,58,1174.35,20.247413793103448,1174.35,0,0,High-Value Active Customers
15307.0,96,12,205.3,17.108333333333334,205.3,0,1,At-Risk / Low-Engagement Customers
15308.0,274,19,310.47,16.340526315789475,310.47,0,1,At-Risk / Low-Engagement Customers
15311.0,1,2366,60632.75,25.626690617075234,60632.75,1,0,High-Value Active Customers
15312.0,75,47,924.85,19.677659574468084,924.85,0,1,At-Risk / Low-Engagement Customers
15313.0,110,1,52.0,52.0,52.0,0,1,At-Risk / Low-Engagement Customers
15314.0,199,24,327.97,13.665416666666667,327.97,0,1,At-Risk / Low-Engagement Customers
15315.0,64,37,570.5,15.41891891891892,570.5,0,1,At-Risk / Low-Engagement Customers
15316.0,327,1,165.0,165.0,165.0,0,1,At-Risk / Low-Engagement Customers
15318.0,4,33,312.62,9.473333333333333,312.62,0,0,High-Value Active Customers
15319.0,284,16,204.5,12.78125,204.5,0,1,At-Risk / Low-Engagement Customers
15320.0,44,36,267.13,7.420277777777778,267.13,0,1,At-Risk / Low-Engagement Customers
15321.0,71,95,2748.31,28.92957894736842,2748.31,0,0,High-Value Active Customers
15322.0,86,42,679.68,16.18285714285714,679.68,0,1,At-Risk / Low-Engagement Customers
15325.0,104,48,161.74,3.3695833333333334,161.74,0,1,At-Risk / Low-Engagement Customers
15326.0,334,29,311.71,10.748620689655171,311.71,0,1,At-Risk / Low-Engagement Customers
15327.0,53,10,208.75,20.875,208.75,0,1,At-Risk / Low-Engagement Customers
15329.0,39,57,1049.7,18.41578947368421,1049.7,0,0,High-Value Active Customers
15330.0,32,13,714.96,54.99692307692308,714.96,0,1,At-Risk / Low-Engagement Customers
15332.0,366,35,1661.06,47.45885714285714,1661.06,0,1,At-Risk / Low-Engagement Customers
15333.0,208,16,1028.56,64.285,1028.56,0,1,At-Risk / Low-Engagement Customers
15334.0,157,98,350.82,3.579795918367347,350.82,0,1,At-Risk / Low-Engagement Customers
15335.0,54,35,170.22,4.863428571428571,170.22,0,1,At-Risk / Low-Engagement Customers
15339.0,66,86,574.07,6.675232558139536,574.07,0,1,At-Risk / Low-Engagement Customers
15341.0,81,17,2020.52,118.85411764705883,2020.52,0,1,At-Risk / Low-Engagement Customers
15342.0,130,24,406.09,16.920416666666664,406.09,0,1,At-Risk / Low-Engagement Customers
15343.0,87,21,364.5,17.357142857142858,364.5,0,1,At-Risk / Low-Engagement Customers
15344.0,1,26,563.94,21.69,563.94,0,0,High-Value Active Customers
15345.0,46,20,393.54,19.677,393.54,0,1,At-Risk / Low-Engagement Customers
15346.0,333,17,252.42000000000002,14.848235294117648,252.42000000000002,0,1,At-Risk / Low-Engagement Customers
15347.0,366,5,201.60000000000002,40.32000000000001,201.60000000000002,0,1,At-Risk / Low-Engagement Customers
15348.0,72,9,158.04,17.56,158.04,0,1,At-Risk / Low-Engagement Customers
15349.0,158,71,463.90999999999997,6.533943661971831,463.90999999999997,0,1,At-Risk / Low-Engagement Customers
15350.0,373,5,115.65,23.130000000000003,115.65,0,1,At-Risk / Low-Engagement Customers
15351.0,12,219,1934.66,8.83406392694064,1934.66,0,0,High-Value Active Customers
15353.0,255,61,770.12,12.624918032786885,770.12,0,1,At-Risk / Low-Engagement Customers
15355.0,29,14,277.05,19.789285714285715,277.05,0,1,At-Risk / Low-Engagement Customers
15356.0,31,499,2718.03,5.446953907815631,2718.03,0,0,High-Value Active Customers
15358.0,5,551,8347.2,15.149183303085302,8347.2,0,0,High-Value Active Customers
15360.0,40,13,427.93,32.917692307692306,427.93,0,1,At-Risk / Low-Engagement Customers
15361.0,362,7,418.92,59.84571428571429,418.92,0,1,At-Risk / Low-Engagement Customers
15363.0,373,16,326.0,20.375,326.0,0,1,At-Risk / Low-Engagement Customers
15364.0,96,29,913.19,31.489310344827587,913.19,0,1,At-Risk / Low-Engagement Customers
15365.0,26,114,2314.32,20.301052631578948,2314.32,0,0,High-Value Active Customers
15366.0,75,44,602.51,13.69340909090909,602.51,0,1,At-Risk / Low-Engagement Customers
15367.0,57,95,1877.59,19.764105263157894,1877.59,0,0,High-Value Active Customers
15368.0,21,4,446.94000000000005,111.73500000000001,446.94000000000005,0,1,At-Risk / Low-Engagement Customers
15370.0,41,94,2386.05,25.383510638297874,2386.05,0,0,High-Value Active Customers
15372.0,137,27,2007.3999999999999,74.34814814814814,2007.3999999999999,0,1,At-Risk / Low-Engagement Customers
15373.0,8,132,2415.91,18.302348484848483,2415.91,0,0,High-Value Active Customers
15374.0,129,3,168.0,56.0,168.0,0,1,At-Risk / Low-Engagement Customers
15376.0,40,116,1221.56,10.530689655172413,1221.56,0,0,High-Value Active Customers
15379.0,169,194,3703.29,19.089123711340207,3703.29,0,0,High-Value Active Customers
15380.0,9,36,1690.2600000000002,46.951666666666675,1690.2600000000002,0,0,High-Value Active Customers
15381.0,214,8,596.85,74.60625,596.85,0,1,At-Risk / Low-Engagement Customers
15382.0,15,302,5955.71,19.7208940397351,5955.71,0,0,High-Value Active Customers
15384.0,170,41,642.41,15.668536585365853,642.41,0,1,At-Risk / Low-Engagement Customers
15385.0,40,12,316.88,26.406666666666666,316.88,0,1,At-Risk / Low-Engagement Customers
15386.0,186,31,394.14,12.714193548387096,394.14,0,1,At-Risk / Low-Engagement Customers
15388.0,270,10,140.54,14.053999999999998,140.54,0,1,At-Risk / Low-Engagement Customers
15389.0,172,1,500.0,500.0,500.0,0,1,At-Risk / Low-Engagement Customers
15392.0,5,84,1535.53,18.280119047619046,1535.53,0,0,High-Value Active Customers
15393.0,16,12,231.86,19.32166666666667,231.86,0,1,At-Risk / Low-Engagement Customers
15394.0,10,85,2183.54,25.68870588235294,2183.54,0,0,High-Value Active Customers
15395.0,326,7,107.45,15.35,107.45,0,1,At-Risk / Low-Engagement Customers
15396.0,113,14,288.18,20.584285714285716,288.18,0,1,At-Risk / Low-Engagement Customers
15397.0,290,6,94.0,15.666666666666666,94.0,0,1,At-Risk / Low-Engagement Customers
15398.0,16,73,1345.53,18.43191780821918,1345.53,0,0,High-Value Active Customers
15399.0,1,50,815.77,16.3154,815.77,0,0,High-Value Active Customers
15400.0,92,12,716.2,59.68333333333334,716.2,0,1,At-Risk / Low-Engagement Customers
15402.0,149,42,626.77,14.923095238095238,626.77,0,1,At-Risk / Low-Engagement Customers
15405.0,189,8,349.1,43.6375,349.1,0,1,At-Risk / Low-Engagement Customers
15406.0,31,53,510.71000000000004,9.636037735849058,510.71000000000004,0,1,At-Risk / Low-Engagement Customers
15407.0,34,148,1046.74,7.072567567567567,1046.74,0,0,High-Value Active Customers
15408.0,264,34,267.18,7.858235294117647,267.18,0,1,At-Risk / Low-Engagement Customers
15410.0,84,122,3450.84,28.285573770491805,3450.84,0,0,High-Value Active Customers
15411.0,26,98,1348.93,13.764591836734695,1348.93,0,0,High-Value Active Customers
15412.0,171,10,190.53,19.053,190.53,0,1,At-Risk / Low-Engagement Customers
15414.0,10,39,774.9000000000001,19.86923076923077,774.9000000000001,0,0,High-Value Active Customers
15415.0,313,47,559.61,11.906595744680851,559.61,0,1,At-Risk / Low-Engagement Customers
15416.0,65,192,3984.32,20.75166666666667,3984.32,0,0,High-Value Active Customers
15417.0,85,28,508.8,18.17142857142857,508.8,0,1,At-Risk / Low-Engagement Customers
15419.0,25,8,135.86,16.9825,135.86,0,1,At-Risk / Low-Engagement Customers
15421.0,59,53,950.36,17.93132075471698,950.36,0,0,High-Value Active Customers
15422.0,323,6,97.7,16.283333333333335,97.7,0,1,At-Risk / Low-Engagement Customers
15423.0,38,2,43.5,21.75,43.5,0,1,At-Risk / Low-Engagement Customers
15424.0,254,17,383.34,22.54941176470588,383.34,0,1,At-Risk / Low-Engagement Customers
15426.0,19,275,1404.07,5.105709090909091,1404.07,0,0,High-Value Active Customers
15427.0,33,292,1430.54,4.899109589041096,1430.54,0,0,High-Value Active Customers
15428.0,15,6,93.78,15.63,93.78,0,1,At-Risk / Low-Engagement Customers
15429.0,27,82,397.35,4.845731707317073,397.35,0,0,High-Value Active Customers
15432.0,23,10,171.19,17.119,171.19,0,1,At-Risk / Low-Engagement Customers
15433.0,214,41,533.3,13.00731707317073,533.3,0,1,At-Risk / Low-Engagement Customers
15434.0,8,55,1041.48,18.936,1041.48,0,0,High-Value Active Customers
15435.0,22,29,149.29,5.147931034482759,149.29,0,1,At-Risk / Low-Engagement Customers
15436.0,12,291,1067.75,3.6692439862542954,1067.75,0,0,High-Value Active Customers
15437.0,262,45,200.16,4.4479999999999995,200.16,0,1,At-Risk / Low-Engagement Customers
15438.0,131,25,156.57999999999998,6.263199999999999,156.57999999999998,0,1,At-Risk / Low-Engagement Customers
15440.0,55,62,383.68,6.188387096774194,383.68,0,1,At-Risk / Low-Engagement Customers
15442.0,249,2,594.0,297.0,594.0,0,1,At-Risk / Low-Engagement Customers
15443.0,2,372,3213.59,8.638682795698925,3213.59,0,0,High-Value Active Customers
15444.0,9,214,1411.21,6.594439252336449,1411.21,0,0,High-Value Active Customers
15445.0,264,5,113.5,22.7,113.5,0,1,At-Risk / Low-Engagement Customers
15447.0,331,9,155.17,17.24111111111111,155.17,0,1,At-Risk / Low-Engagement Customers
15448.0,313,28,494.64,17.665714285714284,494.64,0,1,At-Risk / Low-Engagement Customers
15449.0,26,60,974.52,16.242,974.52,0,0,High-Value Active Customers
15450.0,30,30,429.84,14.328,429.84,0,1,At-Risk / Low-Engagement Customers
15452.0,30,56,528.48,9.437142857142858,528.48,0,0,High-Value Active Customers
15453.0,2,279,1371.77,4.91673835125448,1371.77,0,0,High-Value Active Customers
15454.0,362,25,179.1,7.164,179.1,0,1,At-Risk / Low-Engagement Customers
15456.0,283,58,434.59000000000003,7.492931034482759,434.59000000000003,0,1,At-Risk / Low-Engagement Customers
15457.0,262,58,237.07,4.087413793103448,237.07,0,1,At-Risk / Low-Engagement Customers
15458.0,25,7,161.64,23.09142857142857,161.64,0,1,At-Risk / Low-Engagement Customers
15460.0,354,56,214.26,3.8260714285714283,214.26,0,1,At-Risk / Low-Engagement Customers
15462.0,94,11,234.6,21.327272727272728,234.6,0,1,At-Risk / Low-Engagement Customers
15463.0,29,7,126.14,18.02,126.14,0,1,At-Risk / Low-Engagement Customers
15464.0,338,155,1044.65,6.739677419354839,1044.65,0,1,At-Risk / Low-Engagement Customers
15465.0,20,97,7354.62,75.82082474226804,7354.62,0,0,High-Value Active Customers
15466.0,85,57,334.53,5.868947368421052,334.53,0,1,At-Risk / Low-Engagement Customers
15467.0,9,52,524.88,10.093846153846155,524.88,0,0,High-Value Active Customers
15468.0,51,24,467.51,19.479583333333334,467.51,0,1,At-Risk / Low-Engagement Customers
15469.0,50,24,538.55,22.43958333333333,538.55,0,1,At-Risk / Low-Engagement Customers
15471.0,2,73,454.48,6.225753424657534,454.48,0,0,High-Value Active Customers
15472.0,113,76,371.56,4.888947368421053,371.56,0,1,At-Risk / Low-Engagement Customers
15473.0,14,11,1771.2,161.01818181818183,1771.2,0,0,High-Value Active Customers
15475.0,77,29,454.10999999999996,15.658965517241377,454.10999999999996,0,1,At-Risk / Low-Engagement Customers
15478.0,40,44,1399.92,31.816363636363636,1399.92,0,0,High-Value Active Customers
15480.0,116,45,905.5,20.122222222222224,905.5,0,1,At-Risk / Low-Engagement Customers
15482.0,16,97,10879.76,112.16247422680412,10879.76,0,0,High-Value Active Customers
15483.0,161,84,225.26,2.6816666666666666,225.26,0,1,At-Risk / Low-Engagement Customers
15484.0,1,187,3590.41,19.200053475935828,3590.41,0,0,High-Value Active Customers
15485.0,30,85,2564.5,30.17058823529412,2564.5,0,0,High-Value Active Customers
15488.0,93,2,91.32000000000001,45.660000000000004,91.32000000000001,0,1,At-Risk / Low-Engagement Customers
15489.0,23,50,1134.28,22.6856,1134.28,0,0,High-Value Active Customers
15491.0,95,154,3100.09,20.130454545454548,3100.09,0,0,High-Value Active Customers
15492.0,28,35,659.4599999999999,18.841714285714282,659.4599999999999,0,1,At-Risk / Low-Engagement Customers
15493.0,33,289,1953.41,6.7592041522491355,1953.41,0,0,High-Value Active Customers
15494.0,21,122,1280.58,10.49655737704918,1280.58,0,0,High-Value Active Customers
15497.0,18,15,1262.2,84.14666666666668,1262.2,0,1,At-Risk / Low-Engagement Customers
15498.0,3,512,13316.4,26.00859375,13316.4,0,0,High-Value Active Customers
15500.0,8,68,1131.56,16.640588235294118,1131.56,0,0,High-Value Active Customers
15502.0,16,213,10384.93,48.75553990610329,10384.93,0,0,High-Value Active Customers
15503.0,363,66,141.04,2.1369696969696967,141.04,0,1,At-Risk / Low-Engagement Customers
15504.0,81,13,52.83,4.063846153846153,52.83,0,1,At-Risk / Low-Engagement Customers
15505.0,53,97,3610.96,37.22639175257732,3610.96,0,0,High-Value Active Customers
15506.0,23,161,972.08,6.03776397515528,972.08,0,0,High-Value Active Customers
15507.0,172,45,475.86,10.574666666666667,475.86,0,1,At-Risk / Low-Engagement Customers
15508.0,189,92,1000.27,10.8725,1000.27,0,1,At-Risk / Low-Engagement Customers
15510.0,331,1,250.0,250.0,250.0,0,1,At-Risk / Low-Engagement Customers
15511.0,12,158,900.53,5.699556962025317,900.53,0,0,High-Value Active Customers
15512.0,156,7,121.0,17.285714285714285,121.0,0,1,At-Risk / Low-Engagement Customers
15513.0,33,308,14758.220000000001,47.91629870129871,14758.220000000001,0,0,High-Value Active Customers
15514.0,12,166,4023.7200000000003,24.239277108433736,4023.7200000000003,0,0,High-Value Active Customers
15516.0,45,15,62.43,4.162,62.43,0,1,At-Risk / Low-Engagement Customers
15517.0,233,27,267.03,9.889999999999999,267.03,0,1,At-Risk / Low-Engagement Customers
15518.0,64,210,1921.55,9.150238095238095,1921.55,0,0,High-Value Active Customers
15520.0,2,18,343.5,19.083333333333332,343.5,0,0,High-Value Active Customers
15521.0,40,185,3000.2,16.217297297297296,3000.2,0,0,High-Value Active Customers
15522.0,33,56,397.99,7.106964285714286,397.99,0,1,At-Risk / Low-Engagement Customers
15523.0,84,10,412.01000000000005,41.20100000000001,412.01000000000005,0,1,At-Risk / Low-Engagement Customers
15524.0,25,1,440.0,440.0,440.0,0,1,At-Risk / Low-Engagement Customers
15525.0,2,156,734.37,4.7075000000000005,734.37,0,0,High-Value Active Customers
15526.0,33,4,148.44,37.11,148.44,0,1,At-Risk / Low-Engagement Customers
15527.0,19,162,2428.53,14.990925925925927,2428.53,0,0,High-Value Active Customers
15528.0,254,26,229.33,8.820384615384615,229.33,0,1,At-Risk / Low-Engagement Customers
15529.0,23,662,3962.6,5.985800604229607,3962.6,0,0,High-Value Active Customers
15530.0,22,107,1497.31,13.993551401869158,1497.31,0,0,High-Value Active Customers
15531.0,8,219,1972.39,9.00634703196347,1972.39,0,0,High-Value Active Customers
15532.0,25,251,1564.73,6.23398406374502,1564.73,0,0,High-Value Active Customers
15533.0,19,83,807.57,9.729759036144578,807.57,0,0,High-Value Active Customers
15535.0,173,72,502.9,6.984722222222222,502.9,0,1,At-Risk / Low-Engagement Customers
15537.0,163,24,110.92,4.621666666666667,110.92,0,1,At-Risk / Low-Engagement Customers
15539.0,7,41,538.46,13.133170731707319,538.46,0,0,High-Value Active Customers
15540.0,11,15,213.3,14.22,213.3,0,1,At-Risk / Low-Engagement Customers
15541.0,114,29,85.13000000000001,2.9355172413793107,85.13000000000001,0,1,At-Risk / Low-Engagement Customers
15543.0,288,28,127.86,4.566428571428571,127.86,0,1,At-Risk / Low-Engagement Customers
15544.0,9,259,3546.71,13.693861003861004,3546.71,0,0,High-Value Active Customers
15545.0,54,80,288.96999999999997,3.612125,288.96999999999997,0,1,At-Risk / Low-Engagement Customers
15547.0,7,695,4910.6,7.065611510791367,4910.6,0,0,High-Value Active Customers
15549.0,77,114,1681.46,14.749649122807018,1681.46,0,0,High-Value Active Customers
15550.0,4,61,575.63,9.43655737704918,575.63,0,0,High-Value Active Customers
15551.0,37,29,436.06,15.036551724137931,436.06,0,1,At-Risk / Low-Engagement Customers
15552.0,217,17,90.12,5.301176470588236,90.12,0,1,At-Risk / Low-Engagement Customers
15553.0,60,55,428.93,7.798727272727273,428.93,0,1,At-Risk / Low-Engagement Customers
15554.0,278,14,217.2,15.514285714285714,217.2,0,1,At-Risk / Low-Engagement Customers
15555.0,12,887,4794.86,5.4057046223224345,4794.86,0,0,High-Value Active Customers
15556.0,24,31,279.77,9.024838709677418,279.77,0,1,At-Risk / Low-Engagement Customers
15557.0,29,19,468.91,24.679473684210528,468.91,0,1,At-Risk / Low-Engagement Customers
15561.0,12,27,800.59,29.651481481481483,800.59,0,0,High-Value Active Customers
15562.0,352,1,134.55,134.55,134.55,0,1,At-Risk / Low-Engagement Customers
15563.0,22,113,1400.44,12.393274336283186,1400.44,0,0,High-Value Active Customers
15565.0,50,8,173.16,21.645,173.16,0,1,At-Risk / Low-Engagement Customers
15567.0,19,7,186.01,26.572857142857142,186.01,0,1,At-Risk / Low-Engagement Customers
15568.0,3,53,758.29,14.307358490566036,758.29,0,0,High-Value Active Customers
15569.0,104,31,1375.71,44.377741935483876,1375.71,0,1,At-Risk / Low-Engagement Customers
15570.0,7,319,4148.82,13.005705329153605,4148.82,0,0,High-Value Active Customers
15571.0,12,57,650.4300000000001,11.411052631578949,650.4300000000001,0,0,High-Value Active Customers
15572.0,5,212,2533.42,11.950094339622641,2533.42,0,0,High-Value Active Customers
15573.0,32,97,591.1899999999999,6.094742268041236,591.1899999999999,0,0,High-Value Active Customers
15574.0,178,152,675.64,4.445,675.64,0,1,At-Risk / Low-Engagement Customers
15576.0,38,43,921.37,21.427209302325583,921.37,0,0,High-Value Active Customers
15577.0,151,39,258.88,6.637948717948718,258.88,0,1,At-Risk / Low-Engagement Customers
15578.0,162,13,127.1,9.776923076923076,127.1,0,1,At-Risk / Low-Engagement Customers
15579.0,69,48,327.6,6.825,327.6,0,1,At-Risk / Low-Engagement Customers
15581.0,121,146,3675.77,25.176506849315068,3675.77,0,0,High-Value Active Customers
15582.0,25,44,682.9100000000001,15.52068181818182,682.9100000000001,0,0,High-Value Active Customers
15584.0,24,122,720.86,5.908688524590164,720.86,0,0,High-Value Active Customers
15585.0,177,31,455.3,14.687096774193549,455.3,0,1,At-Risk / Low-Engagement Customers
15587.0,50,9,913.6800000000001,101.52000000000001,913.6800000000001,0,1,At-Risk / Low-Engagement Customers
15589.0,256,29,478.53000000000003,16.501034482758623,478.53000000000003,0,1,At-Risk / Low-Engagement Customers
15592.0,47,24,388.58,16.190833333333334,388.58,0,1,At-Risk / Low-Engagement Customers
15593.0,71,5,199.8,39.96,199.8,0,1,At-Risk / Low-Engagement Customers
15594.0,16,103,1771.78,17.201747572815535,1771.78,0,0,High-Value Active Customers
15596.0,101,77,1406.59,18.267402597402597,1406.59,0,0,High-Value Active Customers
15597.0,35,22,324.57,14.753181818181817,324.57,0,1,At-Risk / Low-Engagement Customers
15598.0,53,14,240.68,17.19142857142857,240.68,0,1,At-Risk / Low-Engagement Customers
15599.0,27,52,761.74,14.648846153846154,761.74,0,0,High-Value Active Customers
15601.0,11,410,6776.56,16.52819512195122,6776.56,0,0,High-Value Active Customers
15602.0,8,46,1297.8700000000001,28.214565217391307,1297.8700000000001,0,0,High-Value Active Customers
15603.0,79,2,48.480000000000004,24.240000000000002,48.480000000000004,0,1,At-Risk / Low-Engagement Customers
15604.0,52,17,216.39,12.728823529411764,216.39,0,1,At-Risk / Low-Engagement Customers
15605.0,36,67,1198.23,17.88402985074627,1198.23,0,0,High-Value Active Customers
15606.0,61,77,2920.16,37.92415584415584,2920.16,0,0,High-Value Active Customers
15607.0,337,13,104.76,8.05846153846154,104.76,0,1,At-Risk / Low-Engagement Customers
15608.0,28,60,1093.68,18.228,1093.68,0,0,High-Value Active Customers
15609.0,184,16,298.48,18.655,298.48,0,1,At-Risk / Low-Engagement Customers
15610.0,52,6,112.46000000000001,18.743333333333336,112.46000000000001,0,1,At-Risk / Low-Engagement Customers
15611.0,10,43,1591.45,37.01046511627907,1591.45,0,0,High-Value Active Customers
15612.0,36,6,195.15,32.525,195.15,0,1,At-Risk / Low-Engagement Customers
15615.0,10,423,10399.74,24.585673758865248,10399.74,0,0,High-Value Active Customers
15618.0,33,45,776.851,17.263355555555556,776.851,0,0,High-Value Active Customers
15619.0,11,3,336.40000000000003,112.13333333333334,336.40000000000003,0,1,At-Risk / Low-Engagement Customers
15620.0,57,100,1553.18,15.5318,1553.18,0,0,High-Value Active Customers
15621.0,4,16,1293.03,80.814375,1293.03,0,0,High-Value Active Customers
15622.0,43,185,3709.56,20.051675675675675,3709.56,0,0,High-Value Active Customers
15623.0,141,19,301.03,15.843684210526314,301.03,0,1,At-Risk / Low-Engagement Customers
15624.0,117,34,588.13,17.297941176470587,588.13,0,1,At-Risk / Low-Engagement Customers
15625.0,104,64,1534.26,23.9728125,1534.26,0,0,High-Value Active Customers
15626.0,75,49,675.8,13.791836734693877,675.8,0,1,At-Risk / Low-Engagement Customers
15628.0,5,155,2870.2400000000002,18.51767741935484,2870.2400000000002,0,0,High-Value Active Customers
15630.0,45,60,1186.35,19.772499999999997,1186.35,0,0,High-Value Active Customers
15632.0,16,167,3285.31,19.67251497005988,3285.31,0,0,High-Value Active Customers
15634.0,17,15,243.55,16.236666666666668,243.55,0,1,At-Risk / Low-Engagement Customers
15636.0,90,25,724.76,28.9904,724.76,0,1,At-Risk / Low-Engagement Customers
15637.0,53,15,223.36,14.890666666666668,223.36,0,1,At-Risk / Low-Engagement Customers
15639.0,134,25,425.32,17.0128,425.32,0,1,At-Risk / Low-Engagement Customers
15640.0,4,476,12416.11,26.084264705882354,12416.11,0,0,High-Value Active Customers
15641.0,105,118,1878.8,15.922033898305084,1878.8,0,0,High-Value Active Customers
15643.0,192,33,664.0,20.12121212121212,664.0,0,1,At-Risk / Low-Engagement Customers
15644.0,166,232,803.54,3.4635344827586207,803.54,0,0,High-Value Active Customers
15645.0,19,52,612.01,11.769423076923077,612.01,0,0,High-Value Active Customers
15646.0,158,35,447.64000000000004,12.789714285714288,447.64000000000004,0,1,At-Risk / Low-Engagement Customers
15648.0,204,24,639.5,26.645833333333332,639.5,0,1,At-Risk / Low-Engagement Customers
15649.0,336,2,816.0,408.0,816.0,0,1,At-Risk / Low-Engagement Customers
15651.0,37,32,646.3,20.196875,646.3,0,1,At-Risk / Low-Engagement Customers
15652.0,91,21,337.74,16.082857142857144,337.74,0,1,At-Risk / Low-Engagement Customers
15653.0,93,6,877.4399999999999,146.23999999999998,877.4399999999999,0,1,At-Risk / Low-Engagement Customers
15654.0,9,21,922.53,43.93,922.53,0,0,High-Value Active Customers
15655.0,243,34,560.67,16.490294117647057,560.67,0,1,At-Risk / Low-Engagement Customers
15656.0,45,47,748.5,15.925531914893616,748.5,0,1,At-Risk / Low-Engagement Customers
15657.0,23,1,30.0,30.0,30.0,0,1,At-Risk / Low-Engagement Customers
15658.0,190,48,1024.1000000000001,21.33541666666667,1024.1000000000001,0,1,At-Risk / Low-Engagement Customers
15659.0,44,11,306.45,27.85909090909091,306.45,0,1,At-Risk / Low-Engagement Customers
15660.0,25,90,1600.86,17.787333333333333,1600.86,0,0,High-Value Active Customers
15661.0,317,5,309.8,61.96,309.8,0,1,At-Risk / Low-Engagement Customers
15663.0,106,9,138.14,15.348888888888887,138.14,0,1,At-Risk / Low-Engagement Customers
15664.0,51,17,386.43,22.731176470588235,386.43,0,1,At-Risk / Low-Engagement Customers
15665.0,168,115,2222.21,19.323565217391305,2222.21,0,0,High-Value Active Customers
15667.0,40,13,301.32,23.178461538461537,301.32,0,1,At-Risk / Low-Engagement Customers
15668.0,218,1,76.32000000000001,76.32000000000001,76.32000000000001,0,1,At-Risk / Low-Engagement Customers
15669.0,40,33,684.34,20.737575757575758,684.34,0,1,At-Risk / Low-Engagement Customers
15670.0,297,12,173.05,14.420833333333334,173.05,0,1,At-Risk / Low-Engagement Customers
15671.0,19,78,2657.13,34.065769230769234,2657.13,0,0,High-Value Active Customers
15673.0,88,138,2726.23,19.755289855072466,2726.23,0,0,High-Value Active Customers
15674.0,73,114,2446.6,21.46140350877193,2446.6,0,0,High-Value Active Customers
15675.0,81,21,323.69,15.413809523809524,323.69,0,1,At-Risk / Low-Engagement Customers
15676.0,19,202,3435.76,17.00871287128713,3435.76,0,0,High-Value Active Customers
15677.0,49,33,657.23,19.916060606060608,657.23,0,1,At-Risk / Low-Engagement Customers
15678.0,53,12,352.7,29.391666666666666,352.7,0,1,At-Risk / Low-Engagement Customers
15679.0,24,110,781.28,7.102545454545455,781.28,0,0,High-Value Active Customers
15680.0,9,78,1333.68,17.09846153846154,1333.68,0,0,High-Value Active Customers
15681.0,25,53,1426.16,26.90867924528302,1426.16,0,0,High-Value Active Customers
15683.0,117,10,193.75,19.375,193.75,0,1,At-Risk / Low-Engagement Customers
15687.0,9,166,2993.1,18.030722891566263,2993.1,0,0,High-Value Active Customers
15689.0,120,9,254.1,28.233333333333334,254.1,0,1,At-Risk / Low-Engagement Customers
15690.0,4,19,239.76,12.618947368421052,239.76,0,1,At-Risk / Low-Engagement Customers
15691.0,252,2,136.8,68.4,136.8,0,1,At-Risk / Low-Engagement Customers
15692.0,28,12,191.04,15.92,191.04,0,1,At-Risk / Low-Engagement Customers
15694.0,1,78,6479.4,83.06923076923077,6479.4,0,0,High-Value Active Customers
15695.0,267,22,409.98,18.635454545454547,409.98,0,1,At-Risk / Low-Engagement Customers
15696.0,33,168,2711.11,16.137559523809525,2711.11,0,0,High-Value Active Customers
15699.0,18,18,309.65,17.202777777777776,309.65,0,1,At-Risk / Low-Engagement Customers
15700.0,172,86,696.68,8.10093023255814,696.68,0,1,At-Risk / Low-Engagement Customers
15701.0,2,230,1529.0,6.647826086956521,1529.0,0,0,High-Value Active Customers
15703.0,265,5,211.5,42.3,211.5,0,1,At-Risk / Low-Engagement Customers
15704.0,140,117,2293.62,19.603589743589744,2293.62,0,0,High-Value Active Customers
15705.0,201,6,143.1,23.849999999999998,143.1,0,1,At-Risk / Low-Engagement Customers
15706.0,64,55,1060.56,19.28290909090909,1060.56,0,0,High-Value Active Customers
15707.0,35,205,916.98,4.473073170731707,916.98,0,0,High-Value Active Customers
15708.0,41,273,3235.25,11.8507326007326,3235.25,0,0,High-Value Active Customers
15709.0,284,6,133.25,22.208333333333332,133.25,0,1,At-Risk / Low-Engagement Customers
15712.0,9,53,1072.3600000000001,20.233207547169815,1072.3600000000001,0,0,High-Value Active Customers
15713.0,143,19,356.7,18.773684210526316,356.7,0,1,At-Risk / Low-Engagement Customers
15714.0,12,34,330.03000000000003,9.706764705882353,330.03000000000003,0,1,At-Risk / Low-Engagement Customers
15716.0,146,117,1101.1100000000001,9.411196581196583,1101.1100000000001,0,0,High-Value Active Customers
15717.0,234,7,150.3,21.47142857142857,150.3,0,1,At-Risk / Low-Engagement Customers
15719.0,33,931,5030.07,5.402867883995703,5030.07,0,0,High-Value Active Customers
15720.0,24,128,598.73,4.677578125,598.73,0,0,High-Value Active Customers
15721.0,12,84,471.40000000000003,5.611904761904762,471.40000000000003,0,0,High-Value Active Customers
15722.0,36,67,2211.21,33.00313432835821,2211.21,0,0,High-Value Active Customers
15723.0,365,38,190.7,5.018421052631578,190.7,0,1,At-Risk / Low-Engagement Customers
15724.0,201,11,218.25,19.84090909090909,218.25,0,1,At-Risk / Low-Engagement Customers
15725.0,15,32,415.25,12.9765625,415.25,0,1,At-Risk / Low-Engagement Customers
15727.0,17,301,5159.06,17.139734219269105,5159.06,0,0,High-Value Active Customers
15729.0,213,5,85.0,17.0,85.0,0,1,At-Risk / Low-Engagement Customers
15730.0,66,70,1120.88,16.01257142857143,1120.88,0,0,High-Value Active Customers
15732.0,212,14,294.12,21.00857142857143,294.12,0,1,At-Risk / Low-Engagement Customers
15733.0,283,10,162.3,16.23,162.3,0,1,At-Risk / Low-Engagement Customers
15734.0,115,26,1339.45,51.517307692307696,1339.45,0,1,At-Risk / Low-Engagement Customers
15737.0,15,71,1188.1200000000001,16.734084507042255,1188.1200000000001,0,0,High-Value Active Customers
15738.0,19,173,4812.42,27.817456647398846,4812.42,0,0,High-Value Active Customers
15739.0,66,8,449.12,56.14,449.12,0,1,At-Risk / Low-Engagement Customers
15740.0,49,9,154.88,17.20888888888889,154.88,0,1,At-Risk / Low-Engagement Customers
15743.0,16,86,775.96,9.022790697674418,775.96,0,0,High-Value Active Customers
15744.0,78,3,34.8,11.6,34.8,0,1,At-Risk / Low-Engagement Customers
15745.0,19,62,1094.59,17.654677419354837,1094.59,0,0,High-Value Active Customers
15746.0,134,28,196.88,7.031428571428571,196.88,0,1,At-Risk / Low-Engagement Customers
15747.0,13,90,946.64,10.518222222222223,946.64,0,0,High-Value Active Customers
15748.0,40,20,144.36,7.218000000000001,144.36,0,1,At-Risk / Low-Engagement Customers
15749.0,235,10,44534.3,4453.43,44534.3,0,0,High-Value Active Customers
15750.0,3,291,2463.05,8.464089347079039,2463.05,0,0,High-Value Active Customers
15752.0,40,405,2626.6,6.485432098765432,2626.6,0,0,High-Value Active Customers
15753.0,305,1,79.2,79.2,79.2,0,1,At-Risk / Low-Engagement Customers
15754.0,51,28,458.57,16.3775,458.57,0,1,At-Risk / Low-Engagement Customers
15755.0,10,141,2364.25,16.7677304964539,2364.25,0,0,High-Value Active Customers
15756.0,61,191,528.01,2.764450261780105,528.01,0,0,High-Value Active Customers
15757.0,66,45,714.42,15.876,714.42,0,1,At-Risk / Low-Engagement Customers
15758.0,25,9,205.25,22.805555555555557,205.25,0,1,At-Risk / Low-Engagement Customers
15759.0,218,7,253.04,36.14857142857143,253.04,0,1,At-Risk / Low-Engagement Customers
15762.0,65,37,583.75,15.777027027027026,583.75,0,1,At-Risk / Low-Engagement Customers
15763.0,32,61,1086.92,17.818360655737706,1086.92,0,0,High-Value Active Customers
15764.0,88,180,3279.97,18.222055555555553,3279.97,0,0,High-Value Active Customers
15766.0,64,11,315.06,28.64181818181818,315.06,0,1,At-Risk / Low-Engagement Customers
15768.0,116,27,621.8299999999999,23.03074074074074,621.8299999999999,0,1,At-Risk / Low-Engagement Customers
15769.0,7,130,56252.72,432.7132307692308,56252.72,0,0,High-Value Active Customers
15773.0,6,10,635.6800000000001,63.568000000000005,635.6800000000001,0,1,At-Risk / Low-Engagement Customers
15774.0,69,25,270.8,10.832,270.8,0,1,At-Risk / Low-Engagement Customers
15775.0,245,7,104.9,14.985714285714286,104.9,0,1,At-Risk / Low-Engagement Customers
15776.0,133,18,241.62,13.423333333333334,241.62,0,1,At-Risk / Low-Engagement Customers
15777.0,241,21,1047.11,49.862380952380946,1047.11,0,1,At-Risk / Low-Engagement Customers
15780.0,184,29,475.28000000000003,16.38896551724138,475.28000000000003,0,1,At-Risk / Low-Engagement Customers
15781.0,25,20,345.46,17.273,345.46,0,1,At-Risk / Low-Engagement Customers
15782.0,10,43,2614.7400000000002,60.80790697674419,2614.7400000000002,0,0,High-Value Active Customers
15783.0,11,14,246.3,17.592857142857145,246.3,0,1,At-Risk / Low-Engagement Customers
15785.0,33,83,2328.9700000000003,28.059879518072293,2328.9700000000003,0,0,High-Value Active Customers
15786.0,46,266,4919.0,18.492481203007518,4919.0,0,0,High-Value Active Customers
15787.0,26,200,933.26,4.6663,933.26,0,0,High-Value Active Customers
15789.0,358,25,351.3,14.052,351.3,0,1,At-Risk / Low-Engagement Customers
15790.0,10,34,218.75,6.4338235294117645,218.75,0,1,At-Risk / Low-Engagement Customers
15791.0,44,75,1612.69,21.502533333333336,1612.69,0,0,High-Value Active Customers
15793.0,15,12,965.61,80.4675,965.61,0,1,At-Risk / Low-Engagement Customers
15795.0,150,42,610.01,14.524047619047618,610.01,0,1,At-Risk / Low-Engagement Customers
15796.0,1,132,2708.61,20.519772727272727,2708.61,0,0,High-Value Active Customers
15797.0,113,8,2207.4,275.925,2207.4,0,1,At-Risk / Low-Engagement Customers
15799.0,76,98,884.14,9.021836734693878,884.14,0,0,High-Value Active Customers
15800.0,107,117,696.89,5.956324786324786,696.89,0,0,High-Value Active Customers
15801.0,46,64,1063.95,16.62421875,1063.95,0,0,High-Value Active Customers
15802.0,143,1,451.42,451.42,451.42,0,1,At-Risk / Low-Engagement Customers
15803.0,51,8,415.82000000000005,51.977500000000006,415.82000000000005,0,1,At-Risk / Low-Engagement Customers
15804.0,1,262,4206.39,16.05492366412214,4206.39,0,0,High-Value Active Customers
15805.0,23,299,5488.18,18.355117056856187,5488.18,0,0,High-Value Active Customers
15806.0,46,31,784.58,25.309032258064516,784.58,0,1,At-Risk / Low-Engagement Customers
15807.0,50,48,903.9,18.83125,903.9,0,1,At-Risk / Low-Engagement Customers
15808.0,306,195,3651.27,18.72446153846154,3651.27,0,0,High-Value Active Customers
15809.0,36,35,515.77,14.736285714285714,515.77,0,1,At-Risk / Low-Engagement Customers
15810.0,79,89,1391.98,15.640224719101123,1391.98,0,0,High-Value Active Customers
15811.0,22,133,2218.62,16.681353383458646,2218.62,0,0,High-Value Active Customers
15812.0,107,41,1801.14,43.930243902439024,1801.14,0,1,At-Risk / Low-Engagement Customers
15813.0,208,40,1303.9099999999999,32.59775,1303.9099999999999,0,1,At-Risk / Low-Engagement Customers
15814.0,17,72,1945.33,27.018472222222222,1945.33,0,0,High-Value Active Customers
15815.0,64,49,2100.6,42.86938775510204,2100.6,0,0,High-Value Active Customers
15819.0,49,123,1905.45,15.491463414634147,1905.45,0,0,High-Value Active Customers
15820.0,320,17,206.98,12.175294117647057,206.98,0,1,At-Risk / Low-Engagement Customers
15821.0,44,62,570.96,9.209032258064516,570.96,0,1,At-Risk / Low-Engagement Customers
15822.0,3,33,885.47,26.832424242424242,885.47,0,0,High-Value Active Customers
15823.0,372,1,15.0,15.0,15.0,0,1,At-Risk / Low-Engagement Customers
15825.0,172,20,532.94,26.647000000000002,532.94,0,1,At-Risk / Low-Engagement Customers
15826.0,56,68,1654.31,24.328088235294118,1654.31,0,0,High-Value Active Customers
15827.0,73,115,1836.0900000000001,15.966000000000001,1836.0900000000001,0,0,High-Value Active Customers
15829.0,99,51,636.14,12.473333333333333,636.14,0,1,At-Risk / Low-Engagement Customers
15830.0,38,39,576.0,14.76923076923077,576.0,0,1,At-Risk / Low-Engagement Customers
15831.0,58,66,794.64,12.04,794.64,0,0,High-Value Active Customers
15832.0,254,54,836.79,15.49611111111111,836.79,0,1,At-Risk / Low-Engagement Customers
15834.0,70,269,2225.15,8.271933085501859,2225.15,0,0,High-Value Active Customers
15835.0,44,50,954.09,19.0818,954.09,0,0,High-Value Active Customers
15836.0,50,10,137.37,13.737,137.37,0,1,At-Risk / Low-Engagement Customers
15837.0,65,24,391.98,16.3325,391.98,0,1,At-Risk / Low-Engagement Customers
15838.0,11,167,33643.08,201.45556886227547,33643.08,0,0,High-Value Active Customers
15839.0,33,62,1048.49,16.911129032258064,1048.49,0,0,High-Value Active Customers
15840.0,59,27,355.56,13.168888888888889,355.56,0,1,At-Risk / Low-Engagement Customers
15841.0,73,47,1224.06,26.043829787234042,1224.06,0,1,At-Risk / Low-Engagement Customers
15843.0,304,8,118.95000000000002,14.868750000000002,118.95000000000002,0,1,At-Risk / Low-Engagement Customers
15844.0,46,11,130.73999999999998,11.885454545454543,130.73999999999998,0,1,At-Risk / Low-Engagement Customers
15845.0,18,138,3711.77,26.896884057971015,3711.77,0,0,High-Value Active Customers
15847.0,38,22,389.27,17.694090909090907,389.27,0,1,At-Risk / Low-Engagement Customers
15850.0,19,93,234.88,2.525591397849462,234.88,0,0,High-Value Active Customers
15852.0,187,22,160.71,7.305000000000001,160.71,0,1,At-Risk / Low-Engagement Customers
15853.0,52,30,110.8,3.6933333333333334,110.8,0,1,At-Risk / Low-Engagement Customers
15854.0,4,138,2969.12,21.51536231884058,2969.12,0,0,High-Value Active Customers
15855.0,137,80,712.24,8.903,712.24,0,1,At-Risk / Low-Engagement Customers
15856.0,4,628,16143.64,25.706433121019106,16143.64,0,0,High-Value Active Customers
15857.0,19,14,297.0,21.214285714285715,297.0,0,1,At-Risk / Low-Engagement Customers
15858.0,16,188,1427.57,7.59345744680851,1427.57,0,0,High-Value Active Customers
15860.0,41,139,965.16,6.943597122302158,965.16,0,0,High-Value Active Customers
15861.0,12,540,3146.92,5.82762962962963,3146.92,0,0,High-Value Active Customers
15862.0,8,147,832.88,5.665850340136054,832.88,0,0,High-Value Active Customers
15863.0,26,18,68.84,3.8244444444444445,68.84,0,1,At-Risk / Low-Engagement Customers
15864.0,22,20,1936.3200000000002,96.816,1936.3200000000002,0,0,High-Value Active Customers
15865.0,41,40,895.13,22.37825,895.13,0,1,At-Risk / Low-Engagement Customers
15866.0,101,43,211.89,4.927674418604651,211.89,0,1,At-Risk / Low-Engagement Customers
15867.0,5,459,3810.14,8.300958605664487,3810.14,0,0,High-Value Active Customers
15869.0,277,15,149.64,9.975999999999999,149.64,0,1,At-Risk / Low-Engagement Customers
15870.0,33,74,351.44,4.749189189189189,351.44,0,1,At-Risk / Low-Engagement Customers
15872.0,15,108,316.25,2.928240740740741,316.25,0,0,High-Value Active Customers
15874.0,64,120,4405.88,36.71566666666667,4405.88,0,0,High-Value Active Customers
15877.0,2,126,490.33,3.8915079365079364,490.33,0,0,High-Value Active Customers
15880.0,369,96,329.03000000000003,3.4273958333333336,329.03000000000003,0,1,At-Risk / Low-Engagement Customers
15881.0,312,29,501.39000000000004,17.289310344827587,501.39000000000004,0,1,At-Risk / Low-Engagement Customers
15882.0,199,23,516.36,22.450434782608696,516.36,0,1,At-Risk / Low-Engagement Customers
15883.0,2,49,396.48,8.091428571428573,396.48,0,0,High-Value Active Customers
15885.0,93,18,379.35,21.075000000000003,379.35,0,1,At-Risk / Low-Engagement Customers
15886.0,60,12,181.09,15.090833333333334,181.09,0,1,At-Risk / Low-Engagement Customers
15888.0,81,12,168.31,14.025833333333333,168.31,0,1,At-Risk / Low-Engagement Customers
15889.0,157,85,420.07,4.942,420.07,0,1,At-Risk / Low-Engagement Customers
15891.0,227,60,511.68,8.528,511.68,0,1,At-Risk / Low-Engagement Customers
15894.0,253,37,258.25,6.97972972972973,258.25,0,1,At-Risk / Low-Engagement Customers
15895.0,150,11,179.17,16.288181818181815,179.17,0,1,At-Risk / Low-Engagement Customers
15897.0,194,22,208.59,9.481363636363637,208.59,0,1,At-Risk / Low-Engagement Customers
15898.0,1,84,1383.83,16.474166666666665,1383.83,0,0,High-Value Active Customers
15899.0,369,4,56.25,14.0625,56.25,0,1,At-Risk / Low-Engagement Customers
15900.0,24,47,337.28,7.176170212765957,337.28,0,1,At-Risk / Low-Engagement Customers
15901.0,17,111,351.73,3.168738738738739,351.73,0,0,High-Value Active Customers
15903.0,10,74,5126.76,69.28054054054054,5126.76,0,0,High-Value Active Customers
15904.0,8,30,164.68,5.489333333333334,164.68,0,1,At-Risk / Low-Engagement Customers
15906.0,20,150,1567.69,10.451266666666667,1567.69,0,0,High-Value Active Customers
15907.0,4,226,882.72,3.905840707964602,882.72,0,0,High-Value Active Customers
15909.0,174,7,191.94,27.419999999999998,191.94,0,1,At-Risk / Low-Engagement Customers
15910.0,1,266,1228.88,4.6198496240601505,1228.88,0,0,High-Value Active Customers
15912.0,178,19,264.62,13.927368421052632,264.62,0,1,At-Risk / Low-Engagement Customers
15916.0,16,151,1502.8600000000001,9.95271523178808,1502.8600000000001,0,0,High-Value Active Customers
15917.0,248,12,123.1,10.258333333333333,123.1,0,1,At-Risk / Low-Engagement Customers
15918.0,191,40,334.23,8.35575,334.23,0,1,At-Risk / Low-Engagement Customers
15919.0,20,122,525.69,4.308934426229508,525.69,0,0,High-Value Active Customers
15920.0,154,60,167.5,2.7916666666666665,167.5,0,1,At-Risk / Low-Engagement Customers
15921.0,173,24,323.03000000000003,13.459583333333335,323.03000000000003,0,1,At-Risk / Low-Engagement Customers
15922.0,373,11,369.5,33.59090909090909,369.5,0,1,At-Risk / Low-Engagement Customers
15923.0,373,21,127.08,6.051428571428572,127.08,0,1,At-Risk / Low-Engagement Customers
15925.0,194,12,207.15,17.2625,207.15,0,1,At-Risk / Low-Engagement Customers
15930.0,67,21,426.63,20.315714285714286,426.63,0,1,At-Risk / Low-Engagement Customers
15932.0,4,115,2495.87,21.703217391304346,2495.87,0,0,High-Value Active Customers
15933.0,21,74,1107.46,14.965675675675676,1107.46,0,0,High-Value Active Customers
15935.0,239,12,416.86,34.73833333333334,416.86,0,1,At-Risk / Low-Engagement Customers
15937.0,64,7,145.35,20.764285714285712,145.35,0,1,At-Risk / Low-Engagement Customers
15938.0,112,18,404.58,22.476666666666667,404.58,0,1,At-Risk / Low-Engagement Customers
15939.0,90,76,6115.01,80.46065789473684,6115.01,0,0,High-Value Active Customers
15940.0,311,1,35.8,35.8,35.8,0,1,At-Risk / Low-Engagement Customers
15942.0,134,14,337.44,24.102857142857143,337.44,0,1,At-Risk / Low-Engagement Customers
15944.0,277,6,325.1,54.18333333333334,325.1,0,1,At-Risk / Low-Engagement Customers
15945.0,365,2,181.0,90.5,181.0,0,1,At-Risk / Low-Engagement Customers
15947.0,83,29,1708.24,58.9048275862069,1708.24,0,1,At-Risk / Low-Engagement Customers
15948.0,8,60,955.24,15.920666666666667,955.24,0,0,High-Value Active Customers
15949.0,17,19,364.72,19.19578947368421,364.72,0,1,At-Risk / Low-Engagement Customers
15950.0,32,97,1744.71,17.986701030927836,1744.71,0,0,High-Value Active Customers
15951.0,9,41,708.22,17.273658536585366,708.22,0,0,High-Value Active Customers
15952.0,34,84,781.91,9.30845238095238,781.91,0,0,High-Value Active Customers
15953.0,15,97,1657.28,17.085360824742267,1657.28,0,0,High-Value Active Customers
15955.0,24,183,4416.26,24.13256830601093,4416.26,0,0,High-Value Active Customers
15957.0,32,42,428.89,10.211666666666666,428.89,0,1,At-Risk / Low-Engagement Customers
15958.0,74,7,104.35,14.907142857142857,104.35,0,1,At-Risk / Low-Engagement Customers
15963.0,20,28,470.76,16.812857142857144,470.76,0,1,At-Risk / Low-Engagement Customers
15965.0,17,111,808.87,7.287117117117117,808.87,0,0,High-Value Active Customers
15967.0,23,80,397.68,4.971,397.68,0,0,High-Value Active Customers
15969.0,3,20,666.1,33.305,666.1,0,0,High-Value Active Customers
15970.0,304,11,314.1,28.55454545454546,314.1,0,1,At-Risk / Low-Engagement Customers
15971.0,18,35,4199.85,119.9957142857143,4199.85,0,0,High-Value Active Customers
15973.0,367,4,307.82000000000005,76.95500000000001,307.82000000000005,0,1,At-Risk / Low-Engagement Customers
15974.0,39,176,3442.15,19.557670454545455,3442.15,0,0,High-Value Active Customers
15975.0,84,24,371.01,15.45875,371.01,0,1,At-Risk / Low-Engagement Customers
15976.0,165,96,427.64,4.454583333333333,427.64,0,1,At-Risk / Low-Engagement Customers
15977.0,17,65,1054.73,16.226615384615386,1054.73,0,0,High-Value Active Customers
15978.0,77,49,1098.78,22.42408163265306,1098.78,0,1,At-Risk / Low-Engagement Customers
15980.0,89,43,2398.86,55.78744186046512,2398.86,0,0,High-Value Active Customers
15981.0,25,97,3408.48,35.13896907216495,3408.48,0,0,High-Value Active Customers
15983.0,22,112,1465.12,13.081428571428571,1465.12,0,0,High-Value Active Customers
15984.0,3,258,2780.63,10.777635658914729,2780.63,0,0,High-Value Active Customers
15985.0,123,37,1142.42,30.876216216216218,1142.42,0,1,At-Risk / Low-Engagement Customers
15986.0,30,14,168.12,12.008571428571429,168.12,0,1,At-Risk / Low-Engagement Customers
15987.0,12,128,1432.77,11.193515625,1432.77,0,0,High-Value Active Customers
15988.0,19,26,156.78,6.03,156.78,0,1,At-Risk / Low-Engagement Customers
15990.0,44,52,792.11,15.232884615384616,792.11,0,0,High-Value Active Customers
15992.0,4,3,41.989999999999995,13.996666666666664,41.989999999999995,0,1,At-Risk / Low-Engagement Customers
15993.0,9,543,2777.67,5.115414364640884,2777.67,0,0,High-Value Active Customers
15994.0,55,32,414.27,12.9459375,414.27,0,1,At-Risk / Low-Engagement Customers
15996.0,88,127,1032.58,8.130551181102362,1032.58,0,0,High-Value Active Customers
15998.0,37,504,3080.22,6.111547619047618,3080.22,0,0,High-Value Active Customers
16000.0,3,9,12393.7,1377.0777777777778,12393.7,0,0,High-Value Active Customers
16003.0,30,103,2735.37,26.556990291262135,2735.37,0,0,High-Value Active Customers
16005.0,12,201,578.71,2.8791542288557217,578.71,0,0,High-Value Active Customers
16006.0,211,8,101.4,12.675,101.4,0,1,At-Risk / Low-Engagement Customers
16007.0,48,381,1693.81,4.445695538057743,1693.81,0,0,High-Value Active Customers
16008.0,24,33,478.78,14.508484848484848,478.78,0,1,At-Risk / Low-Engagement Customers
16009.0,22,82,972.11,11.855,972.11,0,0,High-Value Active Customers
16010.0,246,79,392.4,4.9670886075949365,392.4,0,1,At-Risk / Low-Engagement Customers
16011.0,8,210,3352.96,15.966476190476191,3352.96,0,0,High-Value Active Customers
16012.0,35,94,1415.29,15.05627659574468,1415.29,0,0,High-Value Active Customers
16013.0,4,139,37130.6,267.126618705036,37130.6,0,0,High-Value Active Customers
16014.0,38,138,646.83,4.687173913043479,646.83,0,0,High-Value Active Customers
16015.0,4,181,704.55,3.892541436464088,704.55,0,0,High-Value Active Customers
16016.0,3,224,1465.51,6.542455357142857,1465.51,0,0,High-Value Active Customers
16017.0,47,32,211.88,6.62125,211.88,0,1,At-Risk / Low-Engagement Customers
16018.0,39,28,408.90000000000003,14.60357142857143,408.90000000000003,0,1,At-Risk / Low-Engagement Customers
16019.0,47,160,3786.2400000000002,23.664,3786.2400000000002,0,0,High-Value Active Customers
16020.0,17,46,851.01,18.500217391304346,851.01,0,0,High-Value Active Customers
16022.0,260,71,602.63,8.48774647887324,602.63,0,1,At-Risk / Low-Engagement Customers
16023.0,46,101,719.81,7.126831683168317,719.81,0,0,High-Value Active Customers
16024.0,12,63,251.03,3.9846031746031745,251.03,0,0,High-Value Active Customers
16025.0,30,28,439.65999999999997,15.702142857142857,439.65999999999997,0,1,At-Risk / Low-Engagement Customers
16026.0,43,32,236.09,7.3778125,236.09,0,1,At-Risk / Low-Engagement Customers
16027.0,92,16,934.62,58.41375,934.62,0,1,At-Risk / Low-Engagement Customers
16029.0,39,240,80673.24,336.1385,80673.24,0,0,High-Value Active Customers
16030.0,310,29,331.24,11.422068965517242,331.24,0,1,At-Risk / Low-Engagement Customers
16031.0,92,98,547.9,5.590816326530612,547.9,0,1,At-Risk / Low-Engagement Customers
16033.0,6,1128,8778.82,7.782641843971631,8778.82,0,0,High-Value Active Customers
16034.0,196,22,437.7,19.895454545454545,437.7,0,1,At-Risk / Low-Engagement Customers
16036.0,87,55,758.92,13.798545454545454,758.92,0,1,At-Risk / Low-Engagement Customers
16037.0,270,39,855.02,21.923589743589744,855.02,0,1,At-Risk / Low-Engagement Customers
16038.0,8,26,471.78000000000003,18.145384615384618,471.78000000000003,0,0,High-Value Active Customers
16040.0,65,65,1313.55,20.20846153846154,1313.55,0,0,High-Value Active Customers
16041.0,31,6,3166.4,527.7333333333333,3166.4,0,1,At-Risk / Low-Engagement Customers
16042.0,22,70,1177.47,16.821,1177.47,0,0,High-Value Active Customers
16043.0,38,39,773.99,19.845897435897434,773.99,0,1,At-Risk / Low-Engagement Customers
16045.0,120,83,1340.7,16.15301204819277,1340.7,0,0,High-Value Active Customers
16048.0,373,8,256.44,32.055,256.44,0,1,At-Risk / Low-Engagement Customers
16049.0,40,299,1074.81,3.5946822742474915,1074.81,0,0,High-Value Active Customers
16050.0,174,10,137.9,13.790000000000001,137.9,0,1,At-Risk / Low-Engagement Customers
16052.0,54,34,362.06,10.648823529411764,362.06,0,1,At-Risk / Low-Engagement Customers
16053.0,33,84,1511.95,17.999404761904763,1511.95,0,0,High-Value Active Customers
16054.0,145,70,783.9,11.198571428571428,783.9,0,1,At-Risk / Low-Engagement Customers
16055.0,221,8,134.8,16.85,134.8,0,1,At-Risk / Low-Engagement Customers
16056.0,45,66,650.75,9.859848484848484,650.75,0,0,High-Value Active Customers
16057.0,16,121,2263.12,18.703471074380165,2263.12,0,0,High-Value Active Customers
16059.0,66,178,1453.16,8.163820224719101,1453.16,0,0,High-Value Active Customers
16062.0,10,64,1153.62,18.0253125,1153.62,0,0,High-Value Active Customers
16063.0,260,23,335.32,14.57913043478261,335.32,0,1,At-Risk / Low-Engagement Customers
16065.0,365,73,367.14,5.02931506849315,367.14,0,1,At-Risk / Low-Engagement Customers
16066.0,17,101,1521.04,15.059801980198019,1521.04,0,0,High-Value Active Customers
16070.0,22,33,852.15,25.82272727272727,852.15,0,0,High-Value Active Customers
16071.0,45,21,326.24,15.535238095238096,326.24,0,1,At-Risk / Low-Engagement Customers
16072.0,288,23,584.3199999999999,25.405217391304344,584.3199999999999,0,1,At-Risk / Low-Engagement Customers
16073.0,297,1,122.39999999999999,122.39999999999999,122.39999999999999,0,1,At-Risk / Low-Engagement Customers
16076.0,3,129,2234.73,17.323488372093024,2234.73,0,0,High-Value Active Customers
16078.0,284,1,79.2,79.2,79.2,0,1,At-Risk / Low-Engagement Customers
16079.0,17,21,1352.0,64.38095238095238,1352.0,0,0,High-Value Active Customers
16080.0,82,10,217.16,21.716,217.16,0,1,At-Risk / Low-Engagement Customers
16081.0,56,223,2799.42,12.553452914798207,2799.42,0,0,High-Value Active Customers
16083.0,101,31,1317.62,42.50387096774193,1317.62,0,1,At-Risk / Low-Engagement Customers
16084.0,299,38,436.18,11.47842105263158,436.18,0,1,At-Risk / Low-Engagement Customers
16085.0,23,167,981.51,5.877305389221557,981.51,0,0,High-Value Active Customers
16086.0,59,39,1121.39,28.753589743589746,1121.39,0,1,At-Risk / Low-Engagement Customers
16091.0,155,18,315.06,17.503333333333334,315.06,0,1,At-Risk / Low-Engagement Customers
16092.0,115,51,817.86,16.036470588235293,817.86,0,1,At-Risk / Low-Engagement Customers
16093.0,107,1,17.0,17.0,17.0,0,1,At-Risk / Low-Engagement Customers
16094.0,12,61,1047.63,17.17426229508197,1047.63,0,0,High-Value Active Customers
16096.0,264,12,320.62,26.718333333333334,320.62,0,1,At-Risk / Low-Engagement Customers
16097.0,240,10,185.04999999999998,18.505,185.04999999999998,0,1,At-Risk / Low-Engagement Customers
16098.0,88,67,2005.63,29.934776119402986,2005.63,0,0,High-Value Active Customers
16099.0,50,39,731.9,18.766666666666666,731.9,0,1,At-Risk / Low-Engagement Customers
16101.0,71,76,1290.7,16.982894736842105,1290.7,0,0,High-Value Active Customers
16102.0,42,57,1842.14,32.31824561403509,1842.14,0,0,High-Value Active Customers
16103.0,7,48,1429.64,29.784166666666668,1429.64,0,0,High-Value Active Customers
16104.0,62,28,298.21,10.650357142857143,298.21,0,1,At-Risk / Low-Engagement Customers
16105.0,249,13,336.96,25.919999999999998,336.96,0,1,At-Risk / Low-Engagement Customers
16106.0,66,6,108.38,18.063333333333333,108.38,0,1,At-Risk / Low-Engagement Customers
16107.0,18,31,3204.1600000000003,103.36000000000001,3204.1600000000003,0,0,High-Value Active Customers
16108.0,85,48,842.5,17.552083333333332,842.5,0,1,At-Risk / Low-Engagement Customers
16109.0,219,18,611.88,33.99333333333333,611.88,0,1,At-Risk / Low-Engagement Customers
16110.0,45,342,1320.95,3.8624269005847953,1320.95,0,0,High-Value Active Customers
16112.0,143,16,195.73999999999998,12.233749999999999,195.73999999999998,0,1,At-Risk / Low-Engagement Customers
16113.0,183,30,161.38,5.379333333333333,161.38,0,1,At-Risk / Low-Engagement Customers
16114.0,171,8,135.75000000000003,16.968750000000004,135.75000000000003,0,1,At-Risk / Low-Engagement Customers
16115.0,10,279,1660.8799999999999,5.952974910394265,1660.8799999999999,0,0,High-Value Active Customers
16116.0,212,34,612.78,18.02294117647059,612.78,0,1,At-Risk / Low-Engagement Customers
16117.0,190,30,232.21,7.740333333333334,232.21,0,1,At-Risk / Low-Engagement Customers
16119.0,8,16,423.36,26.46,423.36,0,1,At-Risk / Low-Engagement Customers
16120.0,59,30,1309.14,43.638000000000005,1309.14,0,1,At-Risk / Low-Engagement Customers
16121.0,57,204,854.66,4.189509803921569,854.66,0,0,High-Value Active Customers
16122.0,73,38,684.4200000000001,18.01105263157895,684.4200000000001,0,1,At-Risk / Low-Engagement Customers
16123.0,52,16,307.78,19.23625,307.78,0,1,At-Risk / Low-Engagement Customers
16124.0,317,11,249.0,22.636363636363637,249.0,0,1,At-Risk / Low-Engagement Customers
16125.0,367,13,289.35,22.25769230769231,289.35,0,1,At-Risk / Low-Engagement Customers
16126.0,29,117,6287.77,53.741623931623934,6287.77,0,0,High-Value Active Customers
16127.0,39,40,656.25,16.40625,656.25,0,1,At-Risk / Low-Engagement Customers
16128.0,18,89,1880.22,21.126067415730336,1880.22,0,0,High-Value Active Customers
16131.0,52,78,3506.54,44.95564102564102,3506.54,0,0,High-Value Active Customers
16133.0,4,338,14589.04,43.16284023668639,14589.04,0,0,High-Value Active Customers
16134.0,22,35,618.09,17.659714285714287,618.09,0,1,At-Risk / Low-Engagement Customers
16135.0,263,21,517.55,24.645238095238092,517.55,0,1,At-Risk / Low-Engagement Customers
16136.0,60,37,709.38,19.172432432432434,709.38,0,1,At-Risk / Low-Engagement Customers
16139.0,19,31,635.41,20.497096774193547,635.41,0,1,At-Risk / Low-Engagement Customers
16140.0,66,35,725.18,20.71942857142857,725.18,0,1,At-Risk / Low-Engagement Customers
16141.0,88,30,620.4,20.68,620.4,0,1,At-Risk / Low-Engagement Customers
16142.0,250,37,535.34,14.46864864864865,535.34,0,1,At-Risk / Low-Engagement Customers
16143.0,3,117,2424.94,20.725982905982907,2424.94,0,0,High-Value Active Customers
16144.0,247,1,175.2,175.2,175.2,0,1,At-Risk / Low-Engagement Customers
16145.0,9,224,3799.4900000000002,16.96200892857143,3799.4900000000002,0,0,High-Value Active Customers
16146.0,157,29,734.13,25.314827586206896,734.13,0,1,At-Risk / Low-Engagement Customers
16147.0,134,22,375.0,17.045454545454547,375.0,0,1,At-Risk / Low-Engagement Customers
16148.0,296,1,76.32000000000001,76.32000000000001,76.32000000000001,0,1,At-Risk / Low-Engagement Customers
16149.0,5,18,280.52,15.584444444444443,280.52,0,1,At-Risk / Low-Engagement Customers
16150.0,43,117,2053.02,17.547179487179488,2053.02,0,0,High-Value Active Customers
16152.0,269,29,1829.04,63.070344827586204,1829.04,0,1,At-Risk / Low-Engagement Customers
16153.0,50,89,1824.23,20.496966292134832,1824.23,0,0,High-Value Active Customers
16156.0,9,128,3092.04,24.1565625,3092.04,0,0,High-Value Active Customers
16157.0,16,18,656.69,36.482777777777784,656.69,0,1,At-Risk / Low-Engagement Customers
16159.0,282,14,348.2,24.87142857142857,348.2,0,1,At-Risk / Low-Engagement Customers
16160.0,65,20,1025.44,51.272000000000006,1025.44,0,1,At-Risk / Low-Engagement Customers
16161.0,2,471,5533.67,11.748768577494692,5533.67,0,0,High-Value Active Customers
16162.0,252,2,37.4,18.7,37.4,0,1,At-Risk / Low-Engagement Customers
16163.0,232,6,856.6,142.76666666666668,856.6,0,1,At-Risk / Low-Engagement Customers
16164.0,17,34,822.48,24.19058823529412,822.48,0,0,High-Value Active Customers
16168.0,11,98,3787.6,38.648979591836735,3787.6,0,0,High-Value Active Customers
16169.0,8,85,1822.97,21.44670588235294,1822.97,0,0,High-Value Active Customers
16170.0,51,125,1885.05,15.0804,1885.05,0,0,High-Value Active Customers
16171.0,59,3,73.2,24.400000000000002,73.2,0,1,At-Risk / Low-Engagement Customers
16172.0,95,69,1140.21,16.524782608695652,1140.21,0,0,High-Value Active Customers
16173.0,16,84,1418.32,16.884761904761906,1418.32,0,0,High-Value Active Customers
16174.0,126,23,1009.5500000000001,43.89347826086957,1009.5500000000001,0,1,At-Risk / Low-Engagement Customers
16175.0,94,58,1037.59,17.889482758620687,1037.59,0,1,At-Risk / Low-Engagement Customers
16177.0,50,15,331.95,22.13,331.95,0,1,At-Risk / Low-Engagement Customers
16178.0,138,8,197.9,24.7375,197.9,0,1,At-Risk / Low-Engagement Customers
16179.0,61,11,215.83,19.62090909090909,215.83,0,1,At-Risk / Low-Engagement Customers
16180.0,100,162,10254.18,63.29740740740741,10254.18,0,0,High-Value Active Customers
16181.0,73,11,305.54,27.776363636363637,305.54,0,1,At-Risk / Low-Engagement Customers
16182.0,72,28,6617.65,236.34464285714284,6617.65,0,0,High-Value Active Customers
16183.0,67,15,338.71000000000004,22.58066666666667,338.71000000000004,0,1,At-Risk / Low-Engagement Customers
16184.0,64,45,1158.79,25.750888888888888,1158.79,0,1,At-Risk / Low-Engagement Customers
16185.0,17,31,529.41,17.07774193548387,529.41,0,1,At-Risk / Low-Engagement Customers
16186.0,23,218,4006.94,18.38045871559633,4006.94,0,0,High-Value Active Customers
16187.0,32,295,6911.4400000000005,23.428610169491527,6911.4400000000005,0,0,High-Value Active Customers
16188.0,45,67,981.86,14.654626865671641,981.86,0,0,High-Value Active Customers
16189.0,16,11,215.48,19.58909090909091,215.48,0,1,At-Risk / Low-Engagement Customers
16190.0,40,6,215.08,35.84666666666667,215.08,0,1,At-Risk / Low-Engagement Customers
16191.0,3,134,5180.52,38.66059701492538,5180.52,0,0,High-Value Active Customers
16193.0,237,19,314.45,16.55,314.45,0,1,At-Risk / Low-Engagement Customers
16198.0,75,15,400.68100000000004,26.71206666666667,400.68100000000004,0,1,At-Risk / Low-Engagement Customers
16200.0,4,172,1068.8700000000001,6.21436046511628,1068.8700000000001,0,0,High-Value Active Customers
16201.0,3,111,1863.47,16.78801801801802,1863.47,0,0,High-Value Active Customers
16202.0,361,18,365.27,20.292777777777776,365.27,0,1,At-Risk / Low-Engagement Customers
16203.0,59,35,592.9,16.939999999999998,592.9,0,1,At-Risk / Low-Engagement Customers
16204.0,23,50,384.18,7.6836,384.18,0,1,At-Risk / Low-Engagement Customers
16205.0,31,97,757.63,7.810618556701031,757.63,0,0,High-Value Active Customers
16206.0,55,63,537.0600000000001,8.524761904761906,537.0600000000001,0,1,At-Risk / Low-Engagement Customers
16207.0,25,19,394.38,20.756842105263157,394.38,0,1,At-Risk / Low-Engagement Customers
16208.0,45,66,664.26,10.064545454545454,664.26,0,0,High-Value Active Customers
16209.0,89,46,2262.62,49.18739130434783,2262.62,0,0,High-Value Active Customers
16210.0,2,123,21086.3,171.43333333333334,21086.3,0,0,High-Value Active Customers
16211.0,89,23,547.02,23.783478260869565,547.02,0,1,At-Risk / Low-Engagement Customers
16212.0,19,41,690.34,16.837560975609758,690.34,0,0,High-Value Active Customers
16213.0,79,6,159.0,26.5,159.0,0,1,At-Risk / Low-Engagement Customers
16214.0,171,44,1062.75,24.15340909090909,1062.75,0,1,At-Risk / Low-Engagement Customers
16215.0,81,14,242.35,17.310714285714287,242.35,0,1,At-Risk / Low-Engagement Customers
16216.0,267,37,914.9300000000001,24.72783783783784,914.9300000000001,0,1,At-Risk / Low-Engagement Customers
16217.0,235,15,304.25,20.283333333333335,304.25,0,1,At-Risk / Low-Engagement Customers
16218.0,30,84,3084.68,36.72238095238095,3084.68,0,0,High-Value Active Customers
16221.0,37,95,860.86,9.061684210526316,860.86,0,0,High-Value Active Customers
16222.0,318,122,773.5500000000001,6.340573770491804,773.5500000000001,0,1,At-Risk / Low-Engagement Customers
16224.0,57,96,1295.3,13.492708333333333,1295.3,0,0,High-Value Active Customers
16225.0,45,134,1096.32,8.181492537313432,1096.32,0,0,High-Value Active Customers
16226.0,203,8,255.12,31.89,255.12,0,1,At-Risk / Low-Engagement Customers
16227.0,225,6,314.22,52.370000000000005,314.22,0,1,At-Risk / Low-Engagement Customers
16229.0,87,47,1010.6,21.50212765957447,1010.6,0,1,At-Risk / Low-Engagement Customers
16230.0,190,35,542.03,15.486571428571429,542.03,0,1,At-Risk / Low-Engagement Customers
16232.0,44,37,990.88,26.78054054054054,990.88,0,1,At-Risk / Low-Engagement Customers
16233.0,71,22,536.6800000000001,24.394545454545458,536.6800000000001,0,1,At-Risk / Low-Engagement Customers
16235.0,41,46,867.31,18.854565217391304,867.31,0,0,High-Value Active Customers
16236.0,78,20,432.2,21.61,432.2,0,1,At-Risk / Low-Engagement Customers
16239.0,57,19,414.2,21.8,414.2,0,1,At-Risk / Low-Engagement Customers
16240.0,24,135,3718.8,27.546666666666667,3718.8,0,0,High-Value Active Customers
16241.0,10,655,2590.31,3.9546717557251907,2590.31,0,0,High-Value Active Customers
16242.0,8,292,3579.86,12.259794520547945,3579.86,0,0,High-Value Active Customers
16243.0,34,51,409.1,8.02156862745098,409.1,0,1,At-Risk / Low-Engagement Customers
16244.0,212,91,1522.75,16.733516483516482,1522.75,0,1,At-Risk / Low-Engagement Customers
16245.0,24,90,1413.66,15.707333333333334,1413.66,0,0,High-Value Active Customers
16247.0,170,16,114.56,7.16,114.56,0,1,At-Risk / Low-Engagement Customers
16248.0,62,7,152.94,21.84857142857143,152.94,0,1,At-Risk / Low-Engagement Customers
16249.0,53,69,1800.07,26.08797101449275,1800.07,0,0,High-Value Active Customers
16250.0,261,24,389.44,16.226666666666667,389.44,0,1,At-Risk / Low-Engagement Customers
16253.0,67,123,3683.86,29.95008130081301,3683.86,0,0,High-Value Active Customers
16255.0,17,270,2619.91,9.70337037037037,2619.91,0,0,High-Value Active Customers
16256.0,267,13,752.4300000000001,57.87923076923077,752.4300000000001,0,1,At-Risk / Low-Engagement Customers
16257.0,177,2,46.95,23.475,46.95,0,1,At-Risk / Low-Engagement Customers
16258.0,45,135,5203.51,38.54451851851852,5203.51,0,0,High-Value Active Customers
16260.0,51,18,1035.45,57.525000000000006,1035.45,0,1,At-Risk / Low-Engagement Customers
16261.0,17,117,726.04,6.205470085470085,726.04,0,0,High-Value Active Customers
16265.0,9,258,5447.0,21.112403100775193,5447.0,0,0,High-Value Active Customers
16266.0,74,61,861.89,14.129344262295081,861.89,0,1,At-Risk / Low-Engagement Customers
16268.0,71,45,667.65,14.836666666666666,667.65,0,1,At-Risk / Low-Engagement Customers
16270.0,353,54,1141.24,21.134074074074075,1141.24,0,1,At-Risk / Low-Engagement Customers
16271.0,3,130,1404.64,10.804923076923078,1404.64,0,0,High-Value Active Customers
16272.0,117,25,411.7,16.468,411.7,0,1,At-Risk / Low-Engagement Customers
16274.0,373,65,351.75,5.411538461538462,351.75,0,1,At-Risk / Low-Engagement Customers
16275.0,197,33,559.87,16.965757575757575,559.87,0,1,At-Risk / Low-Engagement Customers
16276.0,177,6,810.6000000000001,135.10000000000002,810.6000000000001,0,1,At-Risk / Low-Engagement Customers
16278.0,100,23,566.38,24.625217391304346,566.38,0,1,At-Risk / Low-Engagement Customers
16279.0,21,106,1502.78,14.177169811320754,1502.78,0,0,High-Value Active Customers
16281.0,72,17,2062.06,121.29764705882353,2062.06,0,1,At-Risk / Low-Engagement Customers
16282.0,340,11,168.3,15.3,168.3,0,1,At-Risk / Low-Engagement Customers
16283.0,6,166,1570.81,9.462710843373493,1570.81,0,0,High-Value Active Customers
16284.0,31,103,812.68,7.89009708737864,812.68,0,0,High-Value Active Customers
16287.0,170,8,142.5,17.8125,142.5,0,1,At-Risk / Low-Engagement Customers
16292.0,122,17,302.25,17.779411764705884,302.25,0,1,At-Risk / Low-Engagement Customers
16293.0,22,118,2248.9900000000002,19.059237288135595,2248.9900000000002,0,0,High-Value Active Customers
16295.0,10,79,1328.55,16.817088607594936,1328.55,0,0,High-Value Active Customers
16297.0,269,20,301.9,15.094999999999999,301.9,0,1,At-Risk / Low-Engagement Customers
16298.0,23,27,598.2,22.15555555555556,598.2,0,1,At-Risk / Low-Engagement Customers
16302.0,127,11,233.22,21.201818181818183,233.22,0,1,At-Risk / Low-Engagement Customers
16303.0,26,162,5360.63,33.09030864197531,5360.63,0,0,High-Value Active Customers
16305.0,139,22,361.21999999999997,16.419090909090908,361.21999999999997,0,1,At-Risk / Low-Engagement Customers
16306.0,214,41,632.27,15.42121951219512,632.27,0,1,At-Risk / Low-Engagement Customers
16308.0,38,4,2560.0,640.0,2560.0,0,1,At-Risk / Low-Engagement Customers
16309.0,106,42,706.57,16.823095238095238,706.57,0,1,At-Risk / Low-Engagement Customers
16311.0,18,37,616.26,16.655675675675674,616.26,0,0,High-Value Active Customers
16313.0,3,16,274.15000000000003,17.134375000000002,274.15000000000003,0,1,At-Risk / Low-Engagement Customers
16315.0,331,14,226.37,16.169285714285714,226.37,0,1,At-Risk / Low-Engagement Customers
16316.0,64,151,2938.91,19.46298013245033,2938.91,0,0,High-Value Active Customers
16317.0,120,69,1341.65,19.444202898550724,1341.65,0,0,High-Value Active Customers
16318.0,35,19,328.15,17.271052631578947,328.15,0,1,At-Risk / Low-Engagement Customers
16319.0,218,3,404.40000000000003,134.8,404.40000000000003,0,1,At-Risk / Low-Engagement Customers
16320.0,172,56,1038.46,18.543928571428573,1038.46,0,1,At-Risk / Low-Engagement Customers
16321.0,72,12,373.65000000000003,31.137500000000003,373.65000000000003,0,1,At-Risk / Low-Engagement Customers
16322.0,1,37,326.75,8.83108108108108,326.75,0,0,High-Value Active Customers
16323.0,196,1,207.50000000000003,207.50000000000003,207.50000000000003,0,1,At-Risk / Low-Engagement Customers
16324.0,128,111,408.59000000000003,3.6809909909909915,408.59000000000003,0,1,At-Risk / Low-Engagement Customers
16325.0,47,18,594.24,33.013333333333335,594.24,0,1,At-Risk / Low-Engagement Customers
16326.0,6,300,3039.2200000000003,10.130733333333334,3039.2200000000003,0,0,High-Value Active Customers
16327.0,14,317,3820.27,12.051324921135647,3820.27,0,0,High-Value Active Customers
16330.0,18,39,251.91,6.4592307692307696,251.91,0,1,At-Risk / Low-Engagement Customers
16332.0,28,151,1582.8,10.482119205298012,1582.8,0,0,High-Value Active Customers
16333.0,8,45,26626.8,591.7066666666667,26626.8,0,0,High-Value Active Customers
16337.0,37,10,151.05,15.105,151.05,0,1,At-Risk / Low-Engagement Customers
16338.0,157,11,214.79999999999998,19.527272727272727,214.79999999999998,0,1,At-Risk / Low-Engagement Customers
16339.0,284,18,94.05,5.225,94.05,0,1,At-Risk / Low-Engagement Customers
16340.0,107,141,534.31,3.789432624113475,534.31,0,1,At-Risk / Low-Engagement Customers
16341.0,25,77,1971.87,25.6087012987013,1971.87,0,0,High-Value Active Customers
16342.0,75,15,322.41,21.494000000000003,322.41,0,1,At-Risk / Low-Engagement Customers
16343.0,16,43,328.58,7.641395348837209,328.58,0,1,At-Risk / Low-Engagement Customers
16344.0,158,2,101.10000000000001,50.550000000000004,101.10000000000001,0,1,At-Risk / Low-Engagement Customers
16345.0,44,37,565.46,15.282702702702704,565.46,0,1,At-Risk / Low-Engagement Customers
16347.0,11,85,847.45,9.97,847.45,0,0,High-Value Active Customers
16348.0,32,222,1415.65,6.376801801801802,1415.65,0,0,High-Value Active Customers
16349.0,291,9,53.5,5.944444444444445,53.5,0,1,At-Risk / Low-Engagement Customers
16350.0,21,57,1116.47,19.58719298245614,1116.47,0,0,High-Value Active Customers
16351.0,333,8,153.9,19.2375,153.9,0,1,At-Risk / Low-Engagement Customers
16352.0,18,28,494.44,17.658571428571427,494.44,0,1,At-Risk / Low-Engagement Customers
16353.0,4,94,6675.71,71.0181914893617,6675.71,0,0,High-Value Active Customers
16354.0,63,39,395.8,10.148717948717948,395.8,0,1,At-Risk / Low-Engagement Customers
16356.0,198,31,211.77,6.831290322580646,211.77,0,1,At-Risk / Low-Engagement Customers
16357.0,33,34,658.88,19.378823529411765,658.88,0,1,At-Risk / Low-Engagement Customers
16358.0,1,109,2027.5,18.60091743119266,2027.5,0,0,High-Value Active Customers
16359.0,7,66,1750.92,26.52909090909091,1750.92,0,0,High-Value Active Customers
16360.0,5,636,3450.41,5.425172955974842,3450.41,0,0,High-Value Active Customers
16361.0,10,104,891.21,8.569326923076924,891.21,0,0,High-Value Active Customers
16362.0,32,77,709.99,9.220649350649351,709.99,0,0,High-Value Active Customers
16363.0,53,5,109.36000000000001,21.872000000000003,109.36000000000001,0,1,At-Risk / Low-Engagement Customers
16364.0,12,52,705.79,13.572884615384615,705.79,0,0,High-Value Active Customers
16365.0,18,51,1540.42,30.2043137254902,1540.42,0,0,High-Value Active Customers
16366.0,19,18,327.3,18.183333333333334,327.3,0,1,At-Risk / Low-Engagement Customers
16367.0,37,127,800.67,6.304488188976378,800.67,0,0,High-Value Active Customers
16368.0,2,69,479.91,6.955217391304348,479.91,0,0,High-Value Active Customers
16369.0,18,117,1545.41,13.20863247863248,1545.41,0,0,High-Value Active Customers
16370.0,82,221,1301.91,5.890995475113122,1301.91,0,0,High-Value Active Customers
16372.0,33,92,355.73,3.866630434782609,355.73,0,0,High-Value Active Customers
16374.0,66,109,466.73,4.281926605504587,466.73,0,1,At-Risk / Low-Engagement Customers
16376.0,9,122,974.96,7.991475409836066,974.96,0,0,High-Value Active Customers
16377.0,267,5,676.2,135.24,676.2,0,1,At-Risk / Low-Engagement Customers
16378.0,247,23,362.95,15.780434782608696,362.95,0,1,At-Risk / Low-Engagement Customers
16379.0,4,108,2157.4,19.975925925925928,2157.4,0,0,High-Value Active Customers
16380.0,61,31,1743.1499999999999,56.23064516129032,1743.1499999999999,0,0,High-Value Active Customers
16383.0,75,98,643.76,6.568979591836735,643.76,0,0,High-Value Active Customers
16384.0,90,33,584.5,17.71212121212121,584.5,0,1,At-Risk / Low-Engagement Customers
16385.0,60,57,554.86,9.734385964912281,554.86,0,1,At-Risk / Low-Engagement Customers
16386.0,29,81,302.57,3.735432098765432,302.57,0,1,At-Risk / Low-Engagement Customers
16387.0,323,4,94.36,23.59,94.36,0,1,At-Risk / Low-Engagement Customers
16389.0,53,34,1382.07,40.64911764705882,1382.07,0,0,High-Value Active Customers
16392.0,270,43,217.89,5.067209302325581,217.89,0,1,At-Risk / Low-Engagement Customers
16393.0,2,327,3040.96,9.299571865443426,3040.96,0,0,High-Value Active Customers
16394.0,57,83,1555.34,18.73903614457831,1555.34,0,0,High-Value Active Customers
16395.0,61,206,1482.06,7.194466019417476,1482.06,0,0,High-Value Active Customers
16398.0,154,82,1705.8,20.802439024390242,1705.8,0,0,High-Value Active Customers
16399.0,19,72,408.02,5.666944444444444,408.02,0,0,High-Value Active Customers
16400.0,95,29,303.93,10.480344827586206,303.93,0,1,At-Risk / Low-Engagement Customers
16401.0,1,186,4098.32,22.033978494623653,4098.32,0,0,High-Value Active Customers
16402.0,265,57,293.45,5.148245614035088,293.45,0,1,At-Risk / Low-Engagement Customers
16403.0,312,10,177.5,17.75,177.5,0,1,At-Risk / Low-Engagement Customers
16404.0,70,23,443.05,19.26304347826087,443.05,0,1,At-Risk / Low-Engagement Customers
16405.0,302,5,167.25,33.45,167.25,0,1,At-Risk / Low-Engagement Customers
16406.0,19,58,154.35,2.661206896551724,154.35,0,1,At-Risk / Low-Engagement Customers
16407.0,13,168,2079.68,12.379047619047618,2079.68,0,0,High-Value Active Customers
16409.0,36,231,2022.98,8.757489177489177,2022.98,0,0,High-Value Active Customers
16411.0,19,44,211.7,4.8113636363636365,211.7,0,1,At-Risk / Low-Engagement Customers
16412.0,54,30,135.99,4.533,135.99,0,1,At-Risk / Low-Engagement Customers
16413.0,57,31,262.2,8.458064516129031,262.2,0,1,At-Risk / Low-Engagement Customers
16414.0,22,7,126.25,18.035714285714285,126.25,0,1,At-Risk / Low-Engagement Customers
16415.0,44,47,200.27,4.2610638297872345,200.27,0,1,At-Risk / Low-Engagement Customers
16416.0,27,71,1051.4,14.808450704225354,1051.4,0,0,High-Value Active Customers
16418.0,45,95,631.12,6.643368421052632,631.12,0,0,High-Value Active Customers
16419.0,113,50,958.71,19.1742,958.71,0,1,At-Risk / Low-Engagement Customers
16422.0,17,369,34684.4,93.99566395663958,34684.4,0,0,High-Value Active Customers
16423.0,25,18,346.12,19.22888888888889,346.12,0,1,At-Risk / Low-Engagement Customers
16424.0,191,5,133.56,26.712,133.56,0,1,At-Risk / Low-Engagement Customers
16425.0,302,21,302.7,14.414285714285715,302.7,0,1,At-Risk / Low-Engagement Customers
16426.0,2,352,1862.51,5.291221590909091,1862.51,0,0,High-Value Active Customers
16427.0,263,9,241.06,26.784444444444446,241.06,0,1,At-Risk / Low-Engagement Customers
16429.0,106,2,284.55,142.275,284.55,0,1,At-Risk / Low-Engagement Customers
16430.0,57,6,300.85,50.14166666666667,300.85,0,1,At-Risk / Low-Engagement Customers
16431.0,213,76,623.28,8.201052631578946,623.28,0,1,At-Risk / Low-Engagement Customers
16432.0,64,8,287.4,35.925,287.4,0,1,At-Risk / Low-Engagement Customers
16433.0,28,17,184.26,10.838823529411764,184.26,0,1,At-Risk / Low-Engagement Customers
16434.0,29,107,1511.8,14.128971962616822,1511.8,0,0,High-Value Active Customers
16438.0,6,132,798.35,6.04810606060606,798.35,0,0,High-Value Active Customers
16440.0,8,282,3640.67,12.91017730496454,3640.67,0,0,High-Value Active Customers
16441.0,67,24,381.2,15.883333333333333,381.2,0,1,At-Risk / Low-Engagement Customers
16442.0,2,171,609.3,3.563157894736842,609.3,0,0,High-Value Active Customers
16444.0,46,84,654.67,7.793690476190475,654.67,0,0,High-Value Active Customers
16445.0,34,63,230.51,3.658888888888889,230.51,0,1,At-Risk / Low-Engagement Customers
16446.0,1,3,168472.5,56157.5,168472.5,1,0,High-Value Active Customers
16447.0,136,34,255.91,7.526764705882353,255.91,0,1,At-Risk / Low-Engagement Customers
16448.0,198,19,182.99,9.631052631578948,182.99,0,1,At-Risk / Low-Engagement Customers
16449.0,198,40,707.69,17.69225,707.69,0,1,At-Risk / Low-Engagement Customers
16450.0,150,11,311.92,28.35636363636364,311.92,0,1,At-Risk / Low-Engagement Customers
16451.0,88,14,266.97,19.069285714285716,266.97,0,1,At-Risk / Low-Engagement Customers
16454.0,45,2,6.9,3.45,6.9,0,1,At-Risk / Low-Engagement Customers
16455.0,64,99,1841.18,18.59777777777778,1841.18,0,0,High-Value Active Customers
16456.0,99,110,2158.18,19.61981818181818,2158.18,0,0,High-Value Active Customers
16457.0,218,9,208.36,23.151111111111113,208.36,0,1,At-Risk / Low-Engagement Customers
16458.0,3,202,3482.7400000000002,17.241287128712873,3482.7400000000002,0,0,High-Value Active Customers
16460.0,28,132,811.23,6.145681818181818,811.23,0,0,High-Value Active Customers
16461.0,178,32,142.92,4.46625,142.92,0,1,At-Risk / Low-Engagement Customers
16462.0,74,3,136.0,45.333333333333336,136.0,0,1,At-Risk / Low-Engagement Customers
16463.0,21,82,1422.4,17.346341463414635,1422.4,0,0,High-Value Active Customers
16464.0,20,230,1298.66,5.646347826086957,1298.66,0,0,High-Value Active Customers
16466.0,34,146,1595.96,10.931232876712329,1595.96,0,0,High-Value Active Customers
16468.0,74,2,74.9,37.45,74.9,0,1,At-Risk / Low-Engagement Customers
16469.0,24,171,625.42,3.6574269005847952,625.42,0,0,High-Value Active Customers
16470.0,52,164,752.77,4.590060975609756,752.77,0,0,High-Value Active Customers
16471.0,275,13,223.95000000000002,17.22692307692308,223.95000000000002,0,1,At-Risk / Low-Engagement Customers
16473.0,165,18,316.11,17.561666666666667,316.11,0,1,At-Risk / Low-Engagement Customers
16474.0,7,337,1810.65,5.372848664688427,1810.65,0,0,High-Value Active Customers
16475.0,88,28,544.3,19.439285714285713,544.3,0,1,At-Risk / Low-Engagement Customers
16477.0,64,146,2494.46,17.085342465753424,2494.46,0,0,High-Value Active Customers
16478.0,25,17,331.0,19.470588235294116,331.0,0,1,At-Risk / Low-Engagement Customers
16479.0,10,35,300.83,8.595142857142857,300.83,0,1,At-Risk / Low-Engagement Customers
16480.0,76,53,769.29,14.514905660377357,769.29,0,1,At-Risk / Low-Engagement Customers
16482.0,16,18,220.62,12.256666666666668,220.62,0,1,At-Risk / Low-Engagement Customers
16483.0,192,19,139.35,7.334210526315789,139.35,0,1,At-Risk / Low-Engagement Customers
16484.0,174,25,404.3,16.172,404.3,0,1,At-Risk / Low-Engagement Customers
16485.0,77,42,363.65,8.658333333333333,363.65,0,1,At-Risk / Low-Engagement Customers
16488.0,33,29,498.8,17.2,498.8,0,1,At-Risk / Low-Engagement Customers
16491.0,47,39,731.5,18.756410256410255,731.5,0,1,At-Risk / Low-Engagement Customers
16493.0,80,56,1351.63,24.13625,1351.63,0,0,High-Value Active Customers
16494.0,297,50,826.53,16.5306,826.53,0,1,At-Risk / Low-Engagement Customers
16495.0,3,88,648.26,7.366590909090909,648.26,0,0,High-Value Active Customers
16496.0,9,95,1599.52,16.837052631578945,1599.52,0,0,High-Value Active Customers
16497.0,50,136,2965.69,21.80654411764706,2965.69,0,0,High-Value Active Customers
16498.0,161,15,100.97,6.731333333333334,100.97,0,1,At-Risk / Low-Engagement Customers
16499.0,360,19,365.45,19.23421052631579,365.45,0,1,At-Risk / Low-Engagement Customers
16500.0,5,11,400.86,36.441818181818185,400.86,0,1,At-Risk / Low-Engagement Customers
16503.0,107,84,1431.93,17.046785714285715,1431.93,0,0,High-Value Active Customers
16504.0,25,83,465.88,5.613012048192771,465.88,0,0,High-Value Active Customers
16505.0,32,4,777.6,194.4,777.6,0,1,At-Risk / Low-Engagement Customers
16506.0,20,3,90.30000000000001,30.100000000000005,90.30000000000001,0,1,At-Risk / Low-Engagement Customers
16509.0,297,13,363.7,27.976923076923075,363.7,0,1,At-Risk / Low-Engagement Customers
16510.0,372,13,248.1,19.084615384615383,248.1,0,1,At-Risk / Low-Engagement Customers
16511.0,22,159,918.33,5.7756603773584905,918.33,0,0,High-Value Active Customers
16513.0,5,35,874.59,24.988285714285716,874.59,0,0,High-Value Active Customers
16515.0,52,111,1624.14,14.631891891891893,1624.14,0,0,High-Value Active Customers
16516.0,30,6,101.69999999999999,16.95,101.69999999999999,0,1,At-Risk / Low-Engagement Customers
16517.0,277,17,162.7,9.570588235294117,162.7,0,1,At-Risk / Low-Engagement Customers
16518.0,61,40,484.32,12.108,484.32,0,1,At-Risk / Low-Engagement Customers
16519.0,25,13,215.07999999999998,16.544615384615383,215.07999999999998,0,1,At-Risk / Low-Engagement Customers
16520.0,186,156,1046.57,6.708782051282051,1046.57,0,0,High-Value Active Customers
16523.0,2,289,9408.470000000001,32.55525951557094,9408.470000000001,0,0,High-Value Active Customers
16525.0,2,183,13027.45,71.18825136612023,13027.45,0,0,High-Value Active Customers
16526.0,172,15,290.36,19.357333333333333,290.36,0,1,At-Risk / Low-Engagement Customers
16527.0,81,14,228.06,16.29,228.06,0,1,At-Risk / Low-Engagement Customers
16528.0,4,17,244.41,14.377058823529412,244.41,0,1,At-Risk / Low-Engagement Customers
16529.0,190,30,455.25,15.175,455.25,0,1,At-Risk / Low-Engagement Customers
16531.0,22,77,1244.59,16.163506493506492,1244.59,0,0,High-Value Active Customers
16532.0,18,4,6748.8,1687.2,6748.8,0,0,High-Value Active Customers
16533.0,19,176,1082.81,6.1523295454545455,1082.81,0,0,High-Value Active Customers
16535.0,5,31,593.75,19.153225806451612,593.75,0,0,High-Value Active Customers
16536.0,110,54,548.12,10.15037037037037,548.12,0,1,At-Risk / Low-Engagement Customers
16539.0,3,45,1388.81,30.862444444444442,1388.81,0,0,High-Value Active Customers
16542.0,54,5,119.62,23.924,119.62,0,1,At-Risk / Low-Engagement Customers
16545.0,165,3,339.3,113.10000000000001,339.3,0,1,At-Risk / Low-Engagement Customers
16546.0,291,25,787.15,31.486,787.15,0,1,At-Risk / Low-Engagement Customers
16549.0,10,925,4034.9,4.362054054054054,4034.9,0,0,High-Value Active Customers
16550.0,109,251,2298.97,9.159243027888445,2298.97,0,0,High-Value Active Customers
16551.0,96,32,922.12,28.81625,922.12,0,1,At-Risk / Low-Engagement Customers
16552.0,243,17,379.73,22.337058823529414,379.73,0,1,At-Risk / Low-Engagement Customers
16553.0,163,84,5719.82,68.09309523809523,5719.82,0,0,High-Value Active Customers
16554.0,42,52,837.1,16.098076923076924,837.1,0,0,High-Value Active Customers
16555.0,35,17,285.89,16.81705882352941,285.89,0,1,At-Risk / Low-Engagement Customers
16556.0,67,207,3313.79,16.008647342995168,3313.79,0,0,High-Value Active Customers
16557.0,24,11,281.85,25.622727272727275,281.85,0,1,At-Risk / Low-Engagement Customers
16558.0,1,460,8338.49,18.127152173913043,8338.49,0,0,High-Value Active Customers
16560.0,27,56,841.41,15.02517857142857,841.41,0,0,High-Value Active Customers
16561.0,6,31,511.12,16.48774193548387,511.12,0,0,High-Value Active Customers
16563.0,54,19,1077.74,56.72315789473684,1077.74,0,1,At-Risk / Low-Engagement Customers
16565.0,364,3,173.7,57.9,173.7,0,1,At-Risk / Low-Engagement Customers
16566.0,15,18,614.66,34.147777777777776,614.66,0,1,At-Risk / Low-Engagement Customers
16567.0,194,35,865.6,24.731428571428573,865.6,0,1,At-Risk / Low-Engagement Customers
16569.0,3,5,124.2,24.84,124.2,0,1,At-Risk / Low-Engagement Customers
16570.0,15,126,3738.4,29.66984126984127,3738.4,0,0,High-Value Active Customers
16571.0,27,87,1421.69,16.34126436781609,1421.69,0,0,High-Value Active Customers
16572.0,127,57,1009.6,17.712280701754388,1009.6,0,1,At-Risk / Low-Engagement Customers
16573.0,85,42,663.61,15.800238095238095,663.61,0,1,At-Risk / Low-Engagement Customers
16574.0,71,28,451.44,16.122857142857143,451.44,0,1,At-Risk / Low-Engagement Customers
16581.0,183,9,105.84,11.76,105.84,0,1,At-Risk / Low-Engagement Customers
16582.0,113,6,313.62,52.27,313.62,0,1,At-Risk / Low-Engagement Customers
16583.0,374,14,233.45,16.675,233.45,0,1,At-Risk / Low-Engagement Customers
16584.0,80,28,936.08,33.431428571428576,936.08,0,1,At-Risk / Low-Engagement Customers
16586.0,249,8,463.95,57.99375,463.95,0,1,At-Risk / Low-Engagement Customers
16587.0,232,13,225.15,17.31923076923077,225.15,0,1,At-Risk / Low-Engagement Customers
16589.0,71,33,459.24,13.916363636363636,459.24,0,1,At-Risk / Low-Engagement Customers
16591.0,69,10,213.5,21.35,213.5,0,1,At-Risk / Low-Engagement Customers
16592.0,4,216,4113.68,19.044814814814817,4113.68,0,0,High-Value Active Customers
16593.0,51,27,330.03,12.223333333333333,330.03,0,1,At-Risk / Low-Engagement Customers
16594.0,75,53,181.09,3.416792452830189,181.09,0,1,At-Risk / Low-Engagement Customers
16595.0,61,85,360.16,4.237176470588236,360.16,0,1,At-Risk / Low-Engagement Customers
16596.0,16,12,250.15,20.845833333333335,250.15,0,1,At-Risk / Low-Engagement Customers
16597.0,4,7,90.04,12.862857142857143,90.04,0,1,At-Risk / Low-Engagement Customers
16598.0,286,10,145.04999999999998,14.504999999999999,145.04999999999998,0,1,At-Risk / Low-Engagement Customers
16600.0,4,62,813.52,13.121290322580645,813.52,0,0,High-Value Active Customers
16601.0,41,30,242.7,8.09,242.7,0,1,At-Risk / Low-Engagement Customers
16602.0,36,29,528.08,18.209655172413793,528.08,0,1,At-Risk / Low-Engagement Customers
16603.0,75,34,482.47,14.19029411764706,482.47,0,1,At-Risk / Low-Engagement Customers
16607.0,18,172,3347.71,19.46343023255814,3347.71,0,0,High-Value Active Customers
16609.0,15,276,5493.46,19.903840579710145,5493.46,0,0,High-Value Active Customers
16610.0,219,6,75.66,12.61,75.66,0,1,At-Risk / Low-Engagement Customers
16611.0,186,10,129.49,12.949000000000002,129.49,0,1,At-Risk / Low-Engagement Customers
16612.0,33,66,1187.66,17.994848484848486,1187.66,0,0,High-Value Active Customers
16613.0,70,30,618.59,20.619666666666667,618.59,0,1,At-Risk / Low-Engagement Customers
16614.0,183,26,506.19,19.468846153846155,506.19,0,1,At-Risk / Low-Engagement Customers
16616.0,15,33,500.42,15.164242424242424,500.42,0,1,At-Risk / Low-Engagement Customers
16617.0,236,5,151.85,30.369999999999997,151.85,0,1,At-Risk / Low-Engagement Customers
16618.0,31,96,2647.59,27.579062500000003,2647.59,0,0,High-Value Active Customers
16619.0,264,14,226.21,16.157857142857143,226.21,0,1,At-Risk / Low-Engagement Customers
16620.0,4,9,178.96,19.884444444444444,178.96,0,1,At-Risk / Low-Engagement Customers
16621.0,52,29,813.48,28.05103448275862,813.48,0,1,At-Risk / Low-Engagement Customers
16623.0,246,5,129.45,25.889999999999997,129.45,0,1,At-Risk / Low-Engagement Customers
16624.0,81,48,810.5699999999999,16.886875,810.5699999999999,0,1,At-Risk / Low-Engagement Customers
16625.0,275,23,333.08,14.481739130434782,333.08,0,1,At-Risk / Low-Engagement Customers
16626.0,1,179,4413.1,24.65418994413408,4413.1,0,0,High-Value Active Customers
16627.0,79,20,322.8,16.14,322.8,0,1,At-Risk / Low-Engagement Customers
16628.0,30,117,2188.05,18.701282051282053,2188.05,0,0,High-Value Active Customers
16629.0,74,60,408.63,6.8105,408.63,0,1,At-Risk / Low-Engagement Customers
16633.0,17,152,2883.1,18.967763157894737,2883.1,0,0,High-Value Active Customers
16634.0,223,9,217.9,24.211111111111112,217.9,0,1,At-Risk / Low-Engagement Customers
16637.0,32,69,1154.47,16.73144927536232,1154.47,0,0,High-Value Active Customers
16638.0,23,94,1680.72,17.88,1680.72,0,0,High-Value Active Customers
16639.0,31,50,1257.51,25.150199999999998,1257.51,0,0,High-Value Active Customers
16641.0,106,12,231.10000000000002,19.258333333333336,231.10000000000002,0,1,At-Risk / Low-Engagement Customers
16642.0,5,34,688.33,20.245,688.33,0,0,High-Value Active Customers
16643.0,246,27,487.51,18.055925925925926,487.51,0,1,At-Risk / Low-Engagement Customers
16644.0,178,62,833.78,13.448064516129032,833.78,0,1,At-Risk / Low-Engagement Customers
16647.0,170,14,214.06,15.290000000000001,214.06,0,1,At-Risk / Low-Engagement Customers
16648.0,43,19,290.65999999999997,15.297894736842103,290.65999999999997,0,1,At-Risk / Low-Engagement Customers
16650.0,72,24,518.42,21.60083333333333,518.42,0,1,At-Risk / Low-Engagement Customers
16652.0,59,118,6773.97,57.406525423728816,6773.97,0,0,High-Value Active Customers
16653.0,16,69,1212.66,17.574782608695653,1212.66,0,0,High-Value Active Customers
16654.0,141,29,601.27,20.733448275862067,601.27,0,1,At-Risk / Low-Engagement Customers
16655.0,18,258,3789.52,14.688062015503876,3789.52,0,0,High-Value Active Customers
16656.0,22,73,8625.8,118.16164383561643,8625.8,0,0,High-Value Active Customers
16657.0,10,192,874.43,4.554322916666666,874.43,0,0,High-Value Active Customers
16658.0,368,8,123.24,15.405,123.24,0,1,At-Risk / Low-Engagement Customers
16659.0,189,2,39.12,19.56,39.12,0,1,At-Risk / Low-Engagement Customers
16660.0,16,16,1267.6499999999999,79.22812499999999,1267.6499999999999,0,0,High-Value Active Customers
16665.0,362,9,135.39999999999998,15.044444444444443,135.39999999999998,0,1,At-Risk / Low-Engagement Customers
16666.0,19,32,118.98,3.718125,118.98,0,1,At-Risk / Low-Engagement Customers
16667.0,68,52,567.1800000000001,10.907307692307693,567.1800000000001,0,1,At-Risk / Low-Engagement Customers
16668.0,15,20,306.71999999999997,15.335999999999999,306.71999999999997,0,1,At-Risk / Low-Engagement Customers
16669.0,24,156,1348.88,8.646666666666667,1348.88,0,0,High-Value Active Customers
16670.0,17,252,4095.9,16.25357142857143,4095.9,0,0,High-Value Active Customers
16671.0,28,6,1692.27,282.045,1692.27,0,1,At-Risk / Low-Engagement Customers
16672.0,2,114,8134.9400000000005,71.35912280701754,8134.9400000000005,0,0,High-Value Active Customers
16674.0,55,93,304.24,3.2713978494623657,304.24,0,1,At-Risk / Low-Engagement Customers
16676.0,34,89,1592.1200000000001,17.888988764044946,1592.1200000000001,0,0,High-Value Active Customers
16678.0,3,163,3109.99,19.07969325153374,3109.99,0,0,High-Value Active Customers
16679.0,366,3,129.75,43.25,129.75,0,1,At-Risk / Low-Engagement Customers
16680.0,43,10,183.7,18.369999999999997,183.7,0,1,At-Risk / Low-Engagement Customers
16681.0,73,44,1770.34,40.235,1770.34,0,0,High-Value Active Customers
16682.0,5,30,1028.0,34.266666666666666,1028.0,0,0,High-Value Active Customers
16684.0,4,277,66653.56,240.6265703971119,66653.56,0,0,High-Value Active Customers
16685.0,61,62,324.24,5.2296774193548385,324.24,0,1,At-Risk / Low-Engagement Customers
16686.0,47,544,2959.88,5.440955882352942,2959.88,0,0,High-Value Active Customers
16688.0,1,62,1260.86,20.336451612903225,1260.86,0,0,High-Value Active Customers
16689.0,76,13,422.59999999999997,32.5076923076923,422.59999999999997,0,1,At-Risk / Low-Engagement Customers
16690.0,72,12,225.57999999999998,18.798333333333332,225.57999999999998,0,1,At-Risk / Low-Engagement Customers
16692.0,256,3,1276.0,425.3333333333333,1276.0,0,1,At-Risk / Low-Engagement Customers
16693.0,69,59,477.86,8.099322033898305,477.86,0,1,At-Risk / Low-Engagement Customers
16696.0,135,10,657.9000000000001,65.79,657.9000000000001,0,1,At-Risk / Low-Engagement Customers
16697.0,241,21,112.75,5.369047619047619,112.75,0,1,At-Risk / Low-Engagement Customers
16698.0,227,5,1998.0,399.6,1998.0,0,1,At-Risk / Low-Engagement Customers
16700.0,9,308,5076.55,16.482305194805196,5076.55,0,0,High-Value Active Customers
16701.0,9,144,5398.3,37.488194444444446,5398.3,0,0,High-Value Active Customers
16705.0,1,270,14034.99,51.98144444444444,14034.99,0,0,High-Value Active Customers
16706.0,37,123,531.35,4.319918699186992,531.35,0,0,High-Value Active Customers
16708.0,46,27,656.63,24.31962962962963,656.63,0,1,At-Risk / Low-Engagement Customers
16709.0,85,79,3029.87,38.35278481012658,3029.87,0,0,High-Value Active Customers
16710.0,19,394,2467.99,6.263934010152283,2467.99,0,0,High-Value Active Customers
16711.0,3,22,1651.03,75.04681818181818,1651.03,0,0,High-Value Active Customers
16712.0,9,435,3601.51,8.279333333333334,3601.51,0,0,High-Value Active Customers
16713.0,19,619,6910.78,11.164426494345719,6910.78,0,0,High-Value Active Customers
16714.0,219,87,1129.06,12.977701149425286,1129.06,0,1,At-Risk / Low-Engagement Customers
16715.0,78,19,301.71999999999997,15.879999999999999,301.71999999999997,0,1,At-Risk / Low-Engagement Customers
16716.0,267,2,901.2,450.6,901.2,0,1,At-Risk / Low-Engagement Customers
16717.0,24,198,3843.08,19.40949494949495,3843.08,0,0,High-Value Active Customers
16718.0,369,44,606.0500000000001,13.773863636363638,606.0500000000001,0,1,At-Risk / Low-Engagement Customers
16719.0,15,196,1770.22,9.031734693877551,1770.22,0,0,High-Value Active Customers
16720.0,26,25,152.95,6.117999999999999,152.95,0,1,At-Risk / Low-Engagement Customers
16721.0,262,37,292.47,7.904594594594595,292.47,0,1,At-Risk / Low-Engagement Customers
16722.0,17,225,4730.81,21.025822222222224,4730.81,0,0,High-Value Active Customers
16723.0,91,42,576.4,13.723809523809523,576.4,0,1,At-Risk / Low-Engagement Customers
16725.0,302,145,758.27,5.229448275862069,758.27,0,1,At-Risk / Low-Engagement Customers
16726.0,26,178,1358.74,7.633370786516854,1358.74,0,0,High-Value Active Customers
16727.0,364,44,256.32,5.825454545454545,256.32,0,1,At-Risk / Low-Engagement Customers
16728.0,46,263,1048.28,3.9858555133079845,1048.28,0,0,High-Value Active Customers
16729.0,38,654,7199.08,11.00776758409786,7199.08,0,0,High-Value Active Customers
16730.0,52,82,743.11,9.062317073170732,743.11,0,0,High-Value Active Customers
16732.0,32,28,603.75,21.5625,603.75,0,1,At-Risk / Low-Engagement Customers
16734.0,52,52,646.76,12.437692307692307,646.76,0,1,At-Risk / Low-Engagement Customers
16735.0,79,116,2247.41,19.374224137931034,2247.41,0,0,High-Value Active Customers
16737.0,53,1,417.59999999999997,417.59999999999997,417.59999999999997,0,1,At-Risk / Low-Engagement Customers
16738.0,298,1,3.75,3.75,3.75,0,1,At-Risk / Low-Engagement Customers
16739.0,177,13,323.0,24.846153846153847,323.0,0,1,At-Risk / Low-Engagement Customers
16742.0,47,1,464.9,464.9,464.9,0,1,At-Risk / Low-Engagement Customers
16743.0,29,190,2213.13,11.648052631578947,2213.13,0,0,High-Value Active Customers
16744.0,11,236,1291.91,5.4741949152542375,1291.91,0,0,High-Value Active Customers
16745.0,87,355,7180.7,20.227323943661972,7180.7,0,0,High-Value Active Customers
16746.0,5,444,6680.11,15.045292792792791,6680.11,0,0,High-Value Active Customers
16747.0,38,42,836.06,19.906190476190474,836.06,0,0,High-Value Active Customers
16748.0,18,69,1515.9,21.969565217391306,1515.9,0,0,High-Value Active Customers
16750.0,45,95,623.93,6.567684210526315,623.93,0,0,High-Value Active Customers
16751.0,31,25,1764.72,70.5888,1764.72,0,0,High-Value Active Customers
16752.0,373,9,207.5,23.055555555555557,207.5,0,1,At-Risk / Low-Engagement Customers
16753.0,58,34,223.92000000000002,6.5858823529411765,223.92000000000002,0,1,At-Risk / Low-Engagement Customers
16754.0,372,2,2002.4,1001.2,2002.4,0,1,At-Risk / Low-Engagement Customers
16755.0,114,165,1475.43,8.942,1475.43,0,0,High-Value Active Customers
16756.0,215,13,239.4,18.415384615384617,239.4,0,1,At-Risk / Low-Engagement Customers
16757.0,319,7,106.83000000000001,15.261428571428572,106.83000000000001,0,1,At-Risk / Low-Engagement Customers
16758.0,65,22,369.34000000000003,16.78818181818182,369.34000000000003,0,1,At-Risk / Low-Engagement Customers
16759.0,8,42,789.79,18.804523809523808,789.79,0,0,High-Value Active Customers
16761.0,97,13,316.62,24.355384615384615,316.62,0,1,At-Risk / Low-Engagement Customers
16762.0,20,63,1207.24,19.162539682539684,1207.24,0,0,High-Value Active Customers
16763.0,199,23,611.85,26.60217391304348,611.85,0,1,At-Risk / Low-Engagement Customers
16764.0,4,700,2790.9500000000003,3.987071428571429,2790.9500000000003,0,0,High-Value Active Customers
16765.0,294,1,34.0,34.0,34.0,0,1,At-Risk / Low-Engagement Customers
16766.0,273,34,1145.6,33.69411764705882,1145.6,0,1,At-Risk / Low-Engagement Customers
16767.0,31,221,5575.56,25.22877828054299,5575.56,0,0,High-Value Active Customers
16768.0,48,54,478.09000000000003,8.85351851851852,478.09000000000003,0,1,At-Risk / Low-Engagement Customers
16769.0,260,38,361.54,9.51421052631579,361.54,0,1,At-Risk / Low-Engagement Customers
16770.0,58,140,757.1,5.407857142857143,757.1,0,0,High-Value Active Customers
16771.0,33,254,2242.61,8.829173228346457,2242.61,0,0,High-Value Active Customers
16773.0,57,26,171.59,6.599615384615385,171.59,0,1,At-Risk / Low-Engagement Customers
16774.0,68,48,661.52,13.781666666666666,661.52,0,1,At-Risk / Low-Engagement Customers
16775.0,10,157,1691.51,10.773949044585986,1691.51,0,0,High-Value Active Customers
16776.0,60,71,371.54,5.232957746478873,371.54,0,1,At-Risk / Low-Engagement Customers
16777.0,80,48,222.62,4.6379166666666665,222.62,0,1,At-Risk / Low-Engagement Customers
16778.0,74,16,245.94,15.37125,245.94,0,1,At-Risk / Low-Engagement Customers
16779.0,2,331,10611.720000000001,32.05957703927493,10611.720000000001,0,0,High-Value Active Customers
16780.0,100,59,422.24,7.156610169491525,422.24,0,1,At-Risk / Low-Engagement Customers
16781.0,372,17,311.25,18.308823529411764,311.25,0,1,At-Risk / Low-Engagement Customers
16782.0,10,183,2267.9500000000003,12.393169398907105,2267.9500000000003,0,0,High-Value Active Customers
16784.0,20,3,107.6,35.86666666666667,107.6,0,1,At-Risk / Low-Engagement Customers
16788.0,123,148,594.39,4.016148648648649,594.39,0,1,At-Risk / Low-Engagement Customers
16789.0,8,5,80.8,16.16,80.8,0,1,At-Risk / Low-Engagement Customers
16790.0,4,93,1545.6200000000001,16.61956989247312,1545.6200000000001,0,0,High-Value Active Customers
16791.0,29,314,1705.78,5.432420382165605,1705.78,0,0,High-Value Active Customers
16792.0,282,12,110.38000000000001,9.198333333333334,110.38000000000001,0,1,At-Risk / Low-Engagement Customers
16793.0,57,16,243.84,15.24,243.84,0,1,At-Risk / Low-Engagement Customers
16794.0,1,278,1196.5,4.303956834532374,1196.5,0,0,High-Value Active Customers
16795.0,365,66,414.88,6.286060606060606,414.88,0,1,At-Risk / Low-Engagement Customers
16796.0,89,18,305.62,16.97888888888889,305.62,0,1,At-Risk / Low-Engagement Customers
16800.0,11,156,1162.65,7.452884615384616,1162.65,0,0,High-Value Active Customers
16801.0,163,75,1594.23,21.2564,1594.23,0,0,High-Value Active Customers
16803.0,65,24,332.3,13.845833333333333,332.3,0,1,At-Risk / Low-Engagement Customers
16804.0,23,60,536.99,8.949833333333334,536.99,0,0,High-Value Active Customers
16805.0,174,98,460.59,4.699897959183673,460.59,0,1,At-Risk / Low-Engagement Customers
16806.0,103,93,762.16,8.195268817204301,762.16,0,1,At-Risk / Low-Engagement Customers
16807.0,143,67,1121.59,16.740149253731342,1121.59,0,1,At-Risk / Low-Engagement Customers
16808.0,99,23,288.42,12.540000000000001,288.42,0,1,At-Risk / Low-Engagement Customers
16809.0,23,149,914.69,6.138859060402685,914.69,0,0,High-Value Active Customers
16810.0,192,15,309.54,20.636000000000003,309.54,0,1,At-Risk / Low-Engagement Customers
16811.0,5,28,547.07,19.538214285714286,547.07,0,0,High-Value Active Customers
16812.0,361,15,479.35,31.956666666666667,479.35,0,1,At-Risk / Low-Engagement Customers
16813.0,8,424,1649.68,3.890754716981132,1649.68,0,0,High-Value Active Customers
16814.0,14,319,6416.7,20.115047021943575,6416.7,0,0,High-Value Active Customers
16816.0,103,28,417.06,14.895,417.06,0,1,At-Risk / Low-Engagement Customers
16817.0,3,86,1604.75,18.65988372093023,1604.75,0,0,High-Value Active Customers
16818.0,11,188,3349.57,17.81686170212766,3349.57,0,0,High-Value Active Customers
16820.0,96,26,497.61,19.138846153846153,497.61,0,1,At-Risk / Low-Engagement Customers
16823.0,227,38,358.38,9.431052631578947,358.38,0,1,At-Risk / Low-Engagement Customers
16824.0,16,26,460.64,17.716923076923077,460.64,0,1,At-Risk / Low-Engagement Customers
16825.0,39,28,775.1800000000001,27.685000000000002,775.1800000000001,0,1,At-Risk / Low-Engagement Customers
16826.0,51,22,341.7,15.531818181818181,341.7,0,1,At-Risk / Low-Engagement Customers
16828.0,93,8,128.5,16.0625,128.5,0,1,At-Risk / Low-Engagement Customers
16829.0,157,11,197.22,17.92909090909091,197.22,0,1,At-Risk / Low-Engagement Customers
16830.0,39,23,325.91,14.170000000000002,325.91,0,1,At-Risk / Low-Engagement Customers
16832.0,184,12,199.15,16.595833333333335,199.15,0,1,At-Risk / Low-Engagement Customers
16833.0,1,47,1106.53,23.5431914893617,1106.53,0,0,High-Value Active Customers
16834.0,228,24,413.46,17.2275,413.46,0,1,At-Risk / Low-Engagement Customers
16835.0,128,10,180.85,18.085,180.85,0,1,At-Risk / Low-Engagement Customers
16836.0,40,11,251.87,22.89727272727273,251.87,0,1,At-Risk / Low-Engagement Customers
16837.0,31,165,3170.98,19.218060606060607,3170.98,0,0,High-Value Active Customers
16838.0,197,25,588.85,23.554000000000002,588.85,0,1,At-Risk / Low-Engagement Customers
16839.0,9,266,16594.35,62.38477443609022,16594.35,0,0,High-Value Active Customers
16841.0,37,116,1869.82,16.119137931034484,1869.82,0,0,High-Value Active Customers
16842.0,101,63,1264.19,20.066507936507936,1264.19,0,0,High-Value Active Customers
16843.0,43,378,10196.57,26.97505291005291,10196.57,0,0,High-Value Active Customers
16846.0,50,11,214.32,19.483636363636364,214.32,0,1,At-Risk / Low-Engagement Customers
16847.0,43,12,193.44,16.12,193.44,0,1,At-Risk / Low-Engagement Customers
16848.0,53,14,281.42,20.101428571428574,281.42,0,1,At-Risk / Low-Engagement Customers
16849.0,187,8,124.57,15.57125,124.57,0,1,At-Risk / Low-Engagement Customers
16850.0,334,19,332.41,17.495263157894737,332.41,0,1,At-Risk / Low-Engagement Customers
16851.0,4,20,342.45,17.1225,342.45,0,0,High-Value Active Customers
16852.0,10,9,144.91000000000003,16.101111111111113,144.91000000000003,0,1,At-Risk / Low-Engagement Customers
16855.0,24,19,328.4,17.28421052631579,328.4,0,1,At-Risk / Low-Engagement Customers
16856.0,15,2,35.400000000000006,17.700000000000003,35.400000000000006,0,1,At-Risk / Low-Engagement Customers
16858.0,369,10,375.69000000000005,37.569,375.69000000000005,0,1,At-Risk / Low-Engagement Customers
16859.0,145,52,747.81,14.380961538461538,747.81,0,1,At-Risk / Low-Engagement Customers
16861.0,60,6,173.76,28.959999999999997,173.76,0,1,At-Risk / Low-Engagement Customers
16863.0,31,26,502.8,19.338461538461537,502.8,0,1,At-Risk / Low-Engagement Customers
16866.0,141,11,207.73999999999998,18.885454545454543,207.73999999999998,0,1,At-Risk / Low-Engagement Customers
16869.0,23,127,817.12,6.434015748031496,817.12,0,0,High-Value Active Customers
16871.0,22,137,2812.34,20.528029197080293,2812.34,0,0,High-Value Active Customers
16872.0,77,7,680.02,97.14571428571428,680.02,0,1,At-Risk / Low-Engagement Customers
16873.0,5,279,7123.62,25.53268817204301,7123.62,0,0,High-Value Active Customers
16875.0,67,112,2095.53,18.710089285714286,2095.53,0,0,High-Value Active Customers
16877.0,12,156,846.62,5.427051282051282,846.62,0,0,High-Value Active Customers
16878.0,84,3,13.3,4.433333333333334,13.3,0,1,At-Risk / Low-Engagement Customers
16880.0,31,173,1488.93,8.606531791907514,1488.93,0,0,High-Value Active Customers
16881.0,67,1,432.0,432.0,432.0,0,1,At-Risk / Low-Engagement Customers
16882.0,67,39,705.12,18.080000000000002,705.12,0,1,At-Risk / Low-Engagement Customers
16883.0,187,37,272.48,7.364324324324325,272.48,0,1,At-Risk / Low-Engagement Customers
16884.0,38,26,429.84000000000003,16.532307692307693,429.84000000000003,0,1,At-Risk / Low-Engagement Customers
16885.0,15,96,450.41,4.691770833333334,450.41,0,0,High-Value Active Customers
16887.0,35,36,192.32999999999998,5.342499999999999,192.32999999999998,0,1,At-Risk / Low-Engagement Customers
16889.0,195,135,1578.67,11.693851851851852,1578.67,0,0,High-Value Active Customers
16891.0,2,186,742.43,3.991559139784946,742.43,0,0,High-Value Active Customers
16892.0,1,97,518.19,5.3421649484536085,518.19,0,0,High-Value Active Customers
16893.0,367,45,145.93,3.242888888888889,145.93,0,1,At-Risk / Low-Engagement Customers
16895.0,65,62,202.27,3.26241935483871,202.27,0,1,At-Risk / Low-Engagement Customers
16897.0,299,37,289.78,7.831891891891891,289.78,0,1,At-Risk / Low-Engagement Customers
16898.0,26,157,501.03,3.191273885350318,501.03,0,0,High-Value Active Customers
16899.0,8,123,1271.06,10.333821138211382,1271.06,0,0,High-Value Active Customers
16900.0,17,79,887.11,11.229240506329115,887.11,0,0,High-Value Active Customers
16902.0,116,44,1706.88,38.79272727272728,1706.88,0,1,At-Risk / Low-Engagement Customers
16903.0,29,56,363.2,6.485714285714286,363.2,0,1,At-Risk / Low-Engagement Customers
16904.0,4,662,3650.0,5.513595166163142,3650.0,0,0,High-Value Active Customers
16905.0,5,199,3037.6,15.2643216080402,3037.6,0,0,High-Value Active Customers
16906.0,82,86,559.59,6.506860465116279,559.59,0,1,At-Risk / Low-Engagement Customers
16907.0,29,140,928.76,6.634,928.76,0,0,High-Value Active Customers
16909.0,72,18,379.14,21.063333333333333,379.14,0,1,At-Risk / Low-Engagement Customers
16910.0,4,545,1508.96,2.7687339449541284,1508.96,0,0,High-Value Active Customers
16912.0,29,100,2555.58,25.555799999999998,2555.58,0,0,High-Value Active Customers
16913.0,290,8,113.44,14.18,113.44,0,1,At-Risk / Low-Engagement Customers
16914.0,36,30,183.76,6.125333333333333,183.76,0,1,At-Risk / Low-Engagement Customers
16915.0,9,57,621.6800000000001,10.906666666666668,621.6800000000001,0,0,High-Value Active Customers
16916.0,24,136,562.41,4.135367647058823,562.41,0,0,High-Value Active Customers
16917.0,277,9,391.52,43.50222222222222,391.52,0,1,At-Risk / Low-Engagement Customers
16918.0,50,128,1068.82,8.35015625,1068.82,0,0,High-Value Active Customers
16919.0,156,326,2592.25,7.951687116564417,2592.25,0,0,High-Value Active Customers
16921.0,61,55,154.18,2.8032727272727276,154.18,0,1,At-Risk / Low-Engagement Customers
16923.0,12,626,7069.08,11.292460063897764,7069.08,0,0,High-Value Active Customers
16924.0,21,81,829.89,10.245555555555555,829.89,0,0,High-Value Active Customers
16926.0,371,14,230.25,16.446428571428573,230.25,0,1,At-Risk / Low-Engagement Customers
16927.0,116,6,543.05,90.50833333333333,543.05,0,1,At-Risk / Low-Engagement Customers
16928.0,80,204,2814.7,13.797549019607843,2814.7,0,0,High-Value Active Customers
16929.0,4,77,1295.39,16.823246753246753,1295.39,0,0,High-Value Active Customers
16930.0,26,53,378.89,7.148867924528302,378.89,0,1,At-Risk / Low-Engagement Customers
16931.0,5,886,4554.87,5.140936794582393,4554.87,0,0,High-Value Active Customers
16932.0,53,48,150.23000000000002,3.129791666666667,150.23000000000002,0,1,At-Risk / Low-Engagement Customers
16933.0,1,44,563.23,12.800681818181818,563.23,0,0,High-Value Active Customers
16934.0,55,61,931.03,15.262786885245902,931.03,0,0,High-Value Active Customers
16936.0,26,56,261.9,4.676785714285714,261.9,0,1,At-Risk / Low-Engagement Customers
16938.0,9,235,2711.6800000000003,11.539063829787235,2711.6800000000003,0,0,High-Value Active Customers
16940.0,52,305,3049.88,9.99960655737705,3049.88,0,0,High-Value Active Customers
16942.0,13,277,1904.99,6.877220216606498,1904.99,0,0,High-Value Active Customers
16943.0,212,33,816.73,24.74939393939394,816.73,0,1,At-Risk / Low-Engagement Customers
16945.0,22,249,4345.5,17.451807228915662,4345.5,0,0,High-Value Active Customers
16947.0,236,21,406.48,19.356190476190477,406.48,0,1,At-Risk / Low-Engagement Customers
16948.0,139,19,435.02,22.89578947368421,435.02,0,1,At-Risk / Low-Engagement Customers
16949.0,4,60,1286.27,21.437833333333334,1286.27,0,0,High-Value Active Customers
16950.0,57,42,1178.56,28.06095238095238,1178.56,0,0,High-Value Active Customers
16951.0,135,86,1277.75,14.857558139534884,1277.75,0,0,High-Value Active Customers
16952.0,109,16,167.61,10.475625,167.61,0,1,At-Risk / Low-Engagement Customers
16953.0,30,1,20.8,20.8,20.8,0,1,At-Risk / Low-Engagement Customers
16954.0,1,54,2085.08,38.61259259259259,2085.08,0,0,High-Value Active Customers
16955.0,185,25,518.67,20.746799999999997,518.67,0,1,At-Risk / Low-Engagement Customers
16956.0,18,16,308.74,19.29625,308.74,0,1,At-Risk / Low-Engagement Customers
16957.0,239,16,416.64,26.04,416.64,0,1,At-Risk / Low-Engagement Customers
16959.0,87,7,117.35000000000001,16.764285714285716,117.35000000000001,0,1,At-Risk / Low-Engagement Customers
16960.0,39,101,507.05,5.02029702970297,507.05,0,0,High-Value Active Customers
16961.0,116,14,234.17,16.72642857142857,234.17,0,1,At-Risk / Low-Engagement Customers
16963.0,187,7,110.55000000000001,15.792857142857144,110.55000000000001,0,1,At-Risk / Low-Engagement Customers
16965.0,227,26,201.19,7.738076923076923,201.19,0,1,At-Risk / Low-Engagement Customers
16966.0,8,28,2154.97,76.96321428571427,2154.97,0,0,High-Value Active Customers
16967.0,189,21,319.02,15.19142857142857,319.02,0,1,At-Risk / Low-Engagement Customers
16968.0,4,31,439.43,14.175161290322581,439.43,0,0,High-Value Active Customers
16969.0,39,42,650.41,15.48595238095238,650.41,0,1,At-Risk / Low-Engagement Customers
16971.0,38,41,357.21,8.712439024390243,357.21,0,1,At-Risk / Low-Engagement Customers
16976.0,267,2,251.51999999999998,125.75999999999999,251.51999999999998,0,1,At-Risk / Low-Engagement Customers
16978.0,78,39,344.33,8.828974358974358,344.33,0,1,At-Risk / Low-Engagement Customers
16979.0,4,89,1852.0,20.808988764044944,1852.0,0,0,High-Value Active Customers
16980.0,255,81,1028.46,12.697037037037038,1028.46,0,1,At-Risk / Low-Engagement Customers
16982.0,61,22,384.06,17.457272727272727,384.06,0,1,At-Risk / Low-Engagement Customers
16983.0,13,143,1905.87,13.327762237762236,1905.87,0,0,High-Value Active Customers
16984.0,88,400,4459.52,11.148800000000001,4459.52,0,0,High-Value Active Customers
16985.0,17,120,5464.12,45.53433333333333,5464.12,0,0,High-Value Active Customers
16986.0,30,3,1873.2,624.4,1873.2,0,1,At-Risk / Low-Engagement Customers
16987.0,3,128,1616.8,12.63125,1616.8,0,0,High-Value Active Customers
16988.0,5,7,126.12,18.017142857142858,126.12,0,1,At-Risk / Low-Engagement Customers
16989.0,7,12,1133.25,94.4375,1133.25,0,0,High-Value Active Customers
16990.0,219,1,179.0,179.0,179.0,0,1,At-Risk / Low-Engagement Customers
16992.0,11,93,1614.31,17.358172043010754,1614.31,0,0,High-Value Active Customers
16996.0,30,37,1456.96,39.3772972972973,1456.96,0,0,High-Value Active Customers
16997.0,288,12,702.0,58.5,702.0,0,1,At-Risk / Low-Engagement Customers
16998.0,150,4,295.0,73.75,295.0,0,1,At-Risk / Low-Engagement Customers
16999.0,23,23,484.82,21.07913043478261,484.82,0,1,At-Risk / Low-Engagement Customers
17001.0,1,169,3989.57,23.606923076923078,3989.57,0,0,High-Value Active Customers
17002.0,86,49,1493.73,30.484285714285715,1493.73,0,0,High-Value Active Customers
17004.0,46,43,1312.1399999999999,30.51488372093023,1312.1399999999999,0,0,High-Value Active Customers
17006.0,5,44,781.78,17.76772727272727,781.78,0,0,High-Value Active Customers
17007.0,51,52,889.9300000000001,17.114038461538463,889.9300000000001,0,0,High-Value Active Customers
17010.0,18,11,195.36,17.76,195.36,0,1,At-Risk / Low-Engagement Customers
17011.0,30,15,270.9,18.06,270.9,0,1,At-Risk / Low-Engagement Customers
17014.0,8,72,583.4300000000001,8.103194444444446,583.4300000000001,0,0,High-Value Active Customers
17015.0,29,214,1838.6100000000001,8.591635514018693,1838.6100000000001,0,0,High-Value Active Customers
17017.0,3,252,8694.26,34.50103174603175,8694.26,0,0,High-Value Active Customers
17018.0,41,16,920.1,57.50625,920.1,0,1,At-Risk / Low-Engagement Customers
17019.0,11,228,1258.08,5.517894736842105,1258.08,0,0,High-Value Active Customers
17022.0,31,7,71.0,10.142857142857142,71.0,0,1,At-Risk / Low-Engagement Customers
17024.0,45,3,95.85,31.95,95.85,0,1,At-Risk / Low-Engagement Customers
17025.0,61,9,357.77,39.75222222222222,357.77,0,1,At-Risk / Low-Engagement Customers
17026.0,185,4,154.82999999999998,38.707499999999996,154.82999999999998,0,1,At-Risk / Low-Engagement Customers
17027.0,79,148,877.5600000000001,5.92945945945946,877.5600000000001,0,0,High-Value Active Customers
17029.0,111,2,716.0,358.0,716.0,0,1,At-Risk / Low-Engagement Customers
17030.0,64,11,146.87,13.351818181818182,146.87,0,1,At-Risk / Low-Engagement Customers
17031.0,12,22,380.35,17.288636363636364,380.35,0,1,At-Risk / Low-Engagement Customers
17033.0,86,28,1030.14,36.79071428571429,1030.14,0,1,At-Risk / Low-Engagement Customers
17034.0,16,30,745.52,24.850666666666665,745.52,0,0,High-Value Active Customers
17035.0,246,28,433.53000000000003,15.483214285714286,433.53000000000003,0,1,At-Risk / Low-Engagement Customers
17037.0,88,75,1267.32,16.8976,1267.32,0,0,High-Value Active Customers
17038.0,30,22,112.4,5.109090909090909,112.4,0,1,At-Risk / Low-Engagement Customers
17040.0,138,15,449.73,29.982000000000003,449.73,0,1,At-Risk / Low-Engagement Customers
17041.0,27,69,1071.49,15.528840579710145,1071.49,0,0,High-Value Active Customers
17042.0,3,97,1036.58,10.686391752577318,1036.58,0,0,High-Value Active Customers
17043.0,32,102,1735.18,17.01156862745098,1735.18,0,0,High-Value Active Customers
17044.0,25,6,948.48,158.08,948.48,0,1,At-Risk / Low-Engagement Customers
17045.0,113,22,339.44,15.42909090909091,339.44,0,1,At-Risk / Low-Engagement Customers
17046.0,157,22,642.02,29.182727272727274,642.02,0,1,At-Risk / Low-Engagement Customers
17047.0,85,65,1100.9,16.93692307692308,1100.9,0,0,High-Value Active Customers
17048.0,118,43,925.35,21.519767441860466,925.35,0,1,At-Risk / Low-Engagement Customers
17049.0,3,317,5655.03,17.839211356466876,5655.03,0,0,High-Value Active Customers
17050.0,96,308,3185.64,10.342987012987013,3185.64,0,0,High-Value Active Customers
17051.0,194,42,240.89000000000001,5.735476190476191,240.89000000000001,0,1,At-Risk / Low-Engagement Customers
17052.0,28,83,399.09,4.808313253012048,399.09,0,0,High-Value Active Customers
17053.0,131,13,498.48,38.34461538461539,498.48,0,1,At-Risk / Low-Engagement Customers
17054.0,28,83,1356.33,16.34132530120482,1356.33,0,0,High-Value Active Customers
17058.0,82,62,1179.89,19.030483870967743,1179.89,0,0,High-Value Active Customers
17059.0,30,514,3080.39,5.9929766536964975,3080.39,0,0,High-Value Active Customers
17060.0,266,5,234.24,46.848,234.24,0,1,At-Risk / Low-Engagement Customers
17061.0,74,99,5232.2300000000005,52.850808080808086,5232.2300000000005,0,0,High-Value Active Customers
17062.0,314,69,533.33,7.7294202898550735,533.33,0,1,At-Risk / Low-Engagement Customers
17063.0,21,78,1461.14,18.732564102564105,1461.14,0,0,High-Value Active Customers
17064.0,59,61,855.45,14.02377049180328,855.45,0,0,High-Value Active Customers
17068.0,12,296,4552.14,15.378851351351353,4552.14,0,0,High-Value Active Customers
17069.0,28,143,2709.7000000000003,18.948951048951052,2709.7000000000003,0,0,High-Value Active Customers
17070.0,114,62,304.24,4.9070967741935485,304.24,0,1,At-Risk / Low-Engagement Customers
17071.0,28,140,2429.03,17.350214285714287,2429.03,0,0,High-Value Active Customers
17073.0,18,174,1446.09,8.310862068965516,1446.09,0,0,High-Value Active Customers
17075.0,18,77,834.12,10.832727272727272,834.12,0,0,High-Value Active Customers
17076.0,36,25,841.0799999999999,33.6432,841.0799999999999,0,1,At-Risk / Low-Engagement Customers
17078.0,36,28,378.2,13.507142857142856,378.2,0,1,At-Risk / Low-Engagement Customers
17079.0,78,2,118.80000000000001,59.400000000000006,118.80000000000001,0,1,At-Risk / Low-Engagement Customers
17080.0,22,8,287.62,35.9525,287.62,0,1,At-Risk / Low-Engagement Customers
17081.0,25,63,288.91,4.585873015873016,288.91,0,1,At-Risk / Low-Engagement Customers
17082.0,33,81,2003.85,24.738888888888887,2003.85,0,0,High-Value Active Customers
17083.0,109,52,1405.78,27.034230769230767,1405.78,0,1,At-Risk / Low-Engagement Customers
17084.0,35,149,2747.9900000000002,18.44288590604027,2747.9900000000002,0,0,High-Value Active Customers
17085.0,123,186,1562.4,8.4,1562.4,0,0,High-Value Active Customers
17086.0,7,96,2050.08,21.355,2050.08,0,0,High-Value Active Customers
17088.0,28,115,1991.01,17.313130434782607,1991.01,0,0,High-Value Active Customers
17090.0,4,61,1974.65,32.37131147540984,1974.65,0,0,High-Value Active Customers
17091.0,3,195,3827.76,19.629538461538463,3827.76,0,0,High-Value Active Customers
17092.0,50,124,1774.03,14.306693548387097,1774.03,0,0,High-Value Active Customers
17094.0,322,14,302.0,21.571428571428573,302.0,0,1,At-Risk / Low-Engagement Customers
17095.0,23,74,1324.16,17.894054054054056,1324.16,0,0,High-Value Active Customers
17096.0,15,48,1022.13,21.294375,1022.13,0,0,High-Value Active Customers
17097.0,2,211,954.42,4.523317535545024,954.42,0,0,High-Value Active Customers
17100.0,18,65,971.74,14.949846153846154,971.74,0,0,High-Value Active Customers
17101.0,10,42,1621.73,38.61261904761905,1621.73,0,0,High-Value Active Customers
17102.0,262,1,25.5,25.5,25.5,0,1,At-Risk / Low-Engagement Customers
17105.0,159,90,665.78,7.397555555555555,665.78,0,1,At-Risk / Low-Engagement Customers
17107.0,33,416,10797.48,25.955480769230768,10797.48,0,0,High-Value Active Customers
17109.0,29,116,881.29,7.597327586206896,881.29,0,0,High-Value Active Customers
17110.0,165,12,163.29999999999998,13.608333333333333,163.29999999999998,0,1,At-Risk / Low-Engagement Customers
17111.0,47,29,231.61,7.986551724137931,231.61,0,1,At-Risk / Low-Engagement Customers
17114.0,6,123,801.12,6.5131707317073175,801.12,0,0,High-Value Active Customers
17115.0,8,39,837.5,21.474358974358974,837.5,0,0,High-Value Active Customers
17117.0,288,9,116.19999999999999,12.91111111111111,116.19999999999999,0,1,At-Risk / Low-Engagement Customers
17118.0,318,10,157.02,15.702000000000002,157.02,0,1,At-Risk / Low-Engagement Customers
17119.0,3,35,606.91,17.340285714285713,606.91,0,0,High-Value Active Customers
17120.0,233,18,307.46,17.08111111111111,307.46,0,1,At-Risk / Low-Engagement Customers
17122.0,119,7,138.32,19.759999999999998,138.32,0,1,At-Risk / Low-Engagement Customers
17123.0,162,9,345.29999999999995,38.36666666666666,345.29999999999995,0,1,At-Risk / Low-Engagement Customers
17124.0,185,31,294.24,9.491612903225807,294.24,0,1,At-Risk / Low-Engagement Customers
17125.0,50,35,230.5,6.585714285714285,230.5,0,1,At-Risk / Low-Engagement Customers
17126.0,152,248,989.45,3.989717741935484,989.45,0,0,High-Value Active Customers
17128.0,335,14,157.09,11.220714285714285,157.09,0,1,At-Risk / Low-Engagement Customers
17131.0,5,134,2463.17,18.38186567164179,2463.17,0,0,High-Value Active Customers
17133.0,16,27,4892.240000000001,181.1940740740741,4892.240000000001,0,0,High-Value Active Customers
17134.0,107,23,413.2,17.965217391304346,413.2,0,1,At-Risk / Low-Engagement Customers
17135.0,16,52,1139.73,21.917884615384615,1139.73,0,0,High-Value Active Customers
17138.0,276,24,380.5,15.854166666666666,380.5,0,1,At-Risk / Low-Engagement Customers
17139.0,16,477,10650.77,22.328658280922433,10650.77,0,0,High-Value Active Customers
17140.0,247,18,454.12,25.22888888888889,454.12,0,1,At-Risk / Low-Engagement Customers
17142.0,239,15,579.0,38.6,579.0,0,1,At-Risk / Low-Engagement Customers
17144.0,1,48,984.57,20.511875,984.57,0,0,High-Value Active Customers
17146.0,106,35,749.78,21.422285714285714,749.78,0,1,At-Risk / Low-Engagement Customers
17147.0,23,81,1714.59,21.167777777777776,1714.59,0,0,High-Value Active Customers
17148.0,52,9,124.88,13.875555555555556,124.88,0,1,At-Risk / Low-Engagement Customers
17152.0,195,14,1689.5,120.67857142857143,1689.5,0,1,At-Risk / Low-Engagement Customers
17153.0,24,14,213.78,15.27,213.78,0,1,At-Risk / Low-Engagement Customers
17154.0,75,23,329.34,14.319130434782608,329.34,0,1,At-Risk / Low-Engagement Customers
17155.0,18,20,251.70000000000002,12.585,251.70000000000002,0,1,At-Risk / Low-Engagement Customers
17157.0,8,13,319.0,24.53846153846154,319.0,0,1,At-Risk / Low-Engagement Customers
17158.0,32,67,1266.97,18.91,1266.97,0,0,High-Value Active Customers
17159.0,22,101,1538.88,15.236435643564358,1538.88,0,0,High-Value Active Customers
17160.0,31,229,3518.03,15.362576419213974,3518.03,0,0,High-Value Active Customers
17162.0,29,104,1715.46,16.494807692307692,1715.46,0,0,High-Value Active Customers
17163.0,22,5,293.1,58.620000000000005,293.1,0,1,At-Risk / Low-Engagement Customers
17164.0,33,144,2467.35,17.134375,2467.35,0,0,High-Value Active Customers
17165.0,284,10,158.68,15.868,158.68,0,1,At-Risk / Low-Engagement Customers
17166.0,39,12,206.34,17.195,206.34,0,1,At-Risk / Low-Engagement Customers
17169.0,58,54,835.78,15.477407407407407,835.78,0,1,At-Risk / Low-Engagement Customers
17171.0,289,16,224.91,14.056875,224.91,0,1,At-Risk / Low-Engagement Customers
17172.0,79,15,317.76,21.184,317.76,0,1,At-Risk / Low-Engagement Customers
17173.0,5,86,3766.6,43.79767441860465,3766.6,0,0,High-Value Active Customers
17174.0,218,4,59.9,14.975,59.9,0,1,At-Risk / Low-Engagement Customers
17175.0,44,63,1443.69,22.915714285714287,1443.69,0,0,High-Value Active Customers
17176.0,202,15,306.13,20.408666666666665,306.13,0,1,At-Risk / Low-Engagement Customers
17179.0,178,80,711.79,8.897375,711.79,0,1,At-Risk / Low-Engagement Customers
17180.0,56,125,783.97,6.2717600000000004,783.97,0,0,High-Value Active Customers
17181.0,57,23,239.92000000000002,10.431304347826087,239.92000000000002,0,1,At-Risk / Low-Engagement Customers
17183.0,8,73,3347.31,45.85356164383562,3347.31,0,0,High-Value Active Customers
17186.0,47,2,144.0,72.0,144.0,0,1,At-Risk / Low-Engagement Customers
17187.0,227,10,203.95,20.395,203.95,0,1,At-Risk / Low-Engagement Customers
17188.0,11,84,2474.23,29.455119047619046,2474.23,0,0,High-Value Active Customers
17189.0,106,60,383.75,6.395833333333333,383.75,0,1,At-Risk / Low-Engagement Customers
17190.0,59,19,444.74,23.40736842105263,444.74,0,1,At-Risk / Low-Engagement Customers
17191.0,28,236,2093.68,8.871525423728812,2093.68,0,0,High-Value Active Customers
17193.0,36,32,1699.3000000000002,53.103125000000006,1699.3000000000002,0,0,High-Value Active Customers
17194.0,274,29,262.62,9.055862068965517,262.62,0,1,At-Risk / Low-Engagement Customers
17197.0,30,29,1013.01,34.93137931034483,1013.01,0,0,High-Value Active Customers
17198.0,24,96,692.22,7.210625,692.22,0,0,High-Value Active Customers
17201.0,54,38,289.78,7.62578947368421,289.78,0,1,At-Risk / Low-Engagement Customers
17203.0,36,148,3560.08,24.054594594594594,3560.08,0,0,High-Value Active Customers
17204.0,175,57,1564.56,27.448421052631577,1564.56,0,1,At-Risk / Low-Engagement Customers
17205.0,54,13,384.08,29.544615384615383,384.08,0,1,At-Risk / Low-Engagement Customers
17206.0,53,7,204.24,29.177142857142858,204.24,0,1,At-Risk / Low-Engagement Customers
17211.0,27,211,2317.2200000000003,10.982085308056874,2317.2200000000003,0,0,High-Value Active Customers
17212.0,253,4,226.85,56.7125,226.85,0,1,At-Risk / Low-Engagement Customers
17213.0,40,157,2781.23,17.71484076433121,2781.23,0,0,High-Value Active Customers
17214.0,60,101,1059.1200000000001,10.486336633663367,1059.1200000000001,0,0,High-Value Active Customers
17217.0,234,9,113.5,12.61111111111111,113.5,0,1,At-Risk / Low-Engagement Customers
17218.0,4,271,1951.97,7.202841328413284,1951.97,0,0,High-Value Active Customers
17219.0,32,25,114.23,4.5692,114.23,0,1,At-Risk / Low-Engagement Customers
17220.0,24,467,3187.55,6.8255888650963605,3187.55,0,0,High-Value Active Customers
17221.0,7,62,334.48,5.39483870967742,334.48,0,0,High-Value Active Customers
17222.0,65,27,328.65,12.17222222222222,328.65,0,1,At-Risk / Low-Engagement Customers
17223.0,310,48,416.89,8.685208333333334,416.89,0,1,At-Risk / Low-Engagement Customers
17226.0,309,21,393.49,18.73761904761905,393.49,0,1,At-Risk / Low-Engagement Customers
17227.0,19,47,939.32,19.985531914893617,939.32,0,0,High-Value Active Customers
17228.0,16,208,1906.09,9.16389423076923,1906.09,0,0,High-Value Active Customers
17229.0,96,47,318.76,6.782127659574468,318.76,0,1,At-Risk / Low-Engagement Customers
17230.0,264,69,3638.41,52.73057971014492,3638.41,0,0,High-Value Active Customers
17231.0,12,531,3124.72,5.884595103578154,3124.72,0,0,High-Value Active Customers
17232.0,3,35,417.77,11.936285714285713,417.77,0,0,High-Value Active Customers
17233.0,35,25,190.88,7.6352,190.88,0,1,At-Risk / Low-Engagement Customers
17234.0,183,14,149.89000000000001,10.706428571428573,149.89000000000001,0,1,At-Risk / Low-Engagement Customers
17235.0,25,29,550.06,18.96758620689655,550.06,0,1,At-Risk / Low-Engagement Customers
17236.0,13,105,916.13,8.725047619047618,916.13,0,0,High-Value Active Customers
17237.0,11,19,314.69,16.562631578947368,314.69,0,1,At-Risk / Low-Engagement Customers
17238.0,3,555,3719.1,6.701081081081081,3719.1,0,0,High-Value Active Customers
17239.0,313,15,382.5,25.5,382.5,0,1,At-Risk / Low-Engagement Customers
17242.0,108,40,1135.04,28.375999999999998,1135.04,0,1,At-Risk / Low-Engagement Customers
17243.0,1,387,8540.05,22.067312661498708,8540.05,0,0,High-Value Active Customers
17244.0,53,31,954.9,30.80322580645161,954.9,0,1,At-Risk / Low-Engagement Customers
17245.0,205,9,171.45,19.049999999999997,171.45,0,1,At-Risk / Low-Engagement Customers
17247.0,15,54,280.09000000000003,5.186851851851852,280.09000000000003,0,1,At-Risk / Low-Engagement Customers
17248.0,120,69,318.65,4.618115942028985,318.65,0,1,At-Risk / Low-Engagement Customers
17250.0,4,56,381.97,6.820892857142858,381.97,0,0,High-Value Active Customers
17251.0,363,37,269.83,7.2927027027027025,269.83,0,1,At-Risk / Low-Engagement Customers
17252.0,117,86,348.91,4.057093023255814,348.91,0,1,At-Risk / Low-Engagement Customers
17253.0,18,18,178.26,9.903333333333332,178.26,0,1,At-Risk / Low-Engagement Customers
17254.0,5,111,271.19,2.443153153153153,271.19,0,0,High-Value Active Customers
17255.0,41,74,291.48,3.9389189189189193,291.48,0,1,At-Risk / Low-Engagement Customers
17256.0,107,16,240.0,15.0,240.0,0,1,At-Risk / Low-Engagement Customers
17259.0,148,116,581.23,5.010603448275862,581.23,0,1,At-Risk / Low-Engagement Customers
17262.0,52,12,1253.3600000000001,104.44666666666667,1253.3600000000001,0,1,At-Risk / Low-Engagement Customers
17263.0,208,23,63.440000000000005,2.7582608695652175,63.440000000000005,0,1,At-Risk / Low-Engagement Customers
17265.0,139,122,550.01,4.50827868852459,550.01,0,1,At-Risk / Low-Engagement Customers
17266.0,2,73,296.58,4.062739726027397,296.58,0,0,High-Value Active Customers
17267.0,127,37,317.2,8.572972972972973,317.2,0,1,At-Risk / Low-Engagement Customers
17268.0,108,6,763.64,127.27333333333333,763.64,0,1,At-Risk / Low-Engagement Customers
17272.0,42,114,2148.63,18.847631578947368,2148.63,0,0,High-Value Active Customers
17274.0,35,25,107.82,4.312799999999999,107.82,0,1,At-Risk / Low-Engagement Customers
17277.0,228,69,1065.3500000000001,15.43985507246377,1065.3500000000001,0,1,At-Risk / Low-Engagement Customers
17278.0,241,15,246.04,16.402666666666665,246.04,0,1,At-Risk / Low-Engagement Customers
17279.0,58,9,187.82999999999998,20.869999999999997,187.82999999999998,0,1,At-Risk / Low-Engagement Customers
17282.0,130,89,1685.46,18.937752808988765,1685.46,0,0,High-Value Active Customers
17284.0,60,291,1647.48,5.661443298969072,1647.48,0,0,High-Value Active Customers
17286.0,22,44,151.37,3.440227272727273,151.37,0,1,At-Risk / Low-Engagement Customers
17287.0,26,122,1049.06,8.598852459016394,1049.06,0,0,High-Value Active Customers
17288.0,9,140,1417.63,10.125928571428572,1417.63,0,0,High-Value Active Customers
17289.0,32,104,931.02,8.952115384615384,931.02,0,0,High-Value Active Customers
17290.0,4,96,513.01,5.343854166666667,513.01,0,0,High-Value Active Customers
17291.0,308,1,550.8000000000001,550.8000000000001,550.8000000000001,0,1,At-Risk / Low-Engagement Customers
17293.0,8,132,1854.06,14.04590909090909,1854.06,0,0,High-Value Active Customers
17295.0,29,68,547.0,8.044117647058824,547.0,0,0,High-Value Active Customers
17297.0,17,49,128.18,2.615918367346939,128.18,0,1,At-Risk / Low-Engagement Customers
17298.0,101,30,498.42,16.614,498.42,0,1,At-Risk / Low-Engagement Customers
17299.0,12,55,656.61,11.938363636363636,656.61,0,0,High-Value Active Customers
17301.0,21,59,163.24,2.7667796610169493,163.24,0,1,At-Risk / Low-Engagement Customers
17302.0,15,79,1135.63,14.375063291139242,1135.63,0,0,High-Value Active Customers
17303.0,361,53,250.04,4.717735849056604,250.04,0,1,At-Risk / Low-Engagement Customers
17306.0,11,66,8631.31,130.77742424242425,8631.31,0,0,High-Value Active Customers
17309.0,95,12,82.75,6.895833333333333,82.75,0,1,At-Risk / Low-Engagement Customers
17311.0,78,55,1384.85,25.179090909090906,1384.85,0,0,High-Value Active Customers
17312.0,139,14,644.3,46.021428571428565,644.3,0,1,At-Risk / Low-Engagement Customers
17313.0,31,24,2328.84,97.03500000000001,2328.84,0,0,High-Value Active Customers
17314.0,25,131,2527.92,19.297099236641223,2527.92,0,0,High-Value Active Customers
17315.0,2,471,6281.23,13.335944798301485,6281.23,0,0,High-Value Active Customers
17317.0,46,9,2600.34,288.9266666666667,2600.34,0,1,At-Risk / Low-Engagement Customers
17320.0,100,73,1200.6200000000001,16.446849315068494,1200.6200000000001,0,0,High-Value Active Customers
17321.0,8,99,657.16,6.637979797979797,657.16,0,0,High-Value Active Customers
17323.0,15,195,906.52,4.648820512820513,906.52,0,0,High-Value Active Customers
17324.0,18,49,986.48,20.132244897959183,986.48,0,0,High-Value Active Customers
17325.0,280,6,96.8,16.133333333333333,96.8,0,1,At-Risk / Low-Engagement Customers
17329.0,14,33,523.11,15.851818181818182,523.11,0,0,High-Value Active Customers
17330.0,23,6,363.9,60.65,363.9,0,1,At-Risk / Low-Engagement Customers
17331.0,124,1,175.2,175.2,175.2,0,1,At-Risk / Low-Engagement Customers
17333.0,86,28,494.25,17.651785714285715,494.25,0,1,At-Risk / Low-Engagement Customers
17334.0,302,11,307.02,27.91090909090909,307.02,0,1,At-Risk / Low-Engagement Customers
17337.0,151,521,1981.06,3.802418426103647,1981.06,0,0,High-Value Active Customers
17338.0,17,721,6493.54,9.00629680998613,6493.54,0,0,High-Value Active Customers
17339.0,94,9,243.36,27.040000000000003,243.36,0,1,At-Risk / Low-Engagement Customers
17340.0,30,407,12353.29,30.352063882063884,12353.29,0,0,High-Value Active Customers
17341.0,157,157,682.29,4.3457961783439485,682.29,0,1,At-Risk / Low-Engagement Customers
17343.0,355,17,193.64,11.390588235294118,193.64,0,1,At-Risk / Low-Engagement Customers
17344.0,46,31,157.62,5.0845161290322585,157.62,0,1,At-Risk / Low-Engagement Customers
17345.0,15,83,519.6899999999999,6.261325301204819,519.6899999999999,0,0,High-Value Active Customers
17346.0,4,483,2622.88,5.430393374741201,2622.88,0,0,High-Value Active Customers
17347.0,86,1,228.96,228.96,228.96,0,1,At-Risk / Low-Engagement Customers
17348.0,15,213,1156.6,5.430046948356807,1156.6,0,0,High-Value Active Customers
17349.0,179,8,98.25,12.28125,98.25,0,1,At-Risk / Low-Engagement Customers
17350.0,8,70,1281.32,18.30457142857143,1281.32,0,0,High-Value Active Customers
17351.0,36,27,587.15,21.746296296296297,587.15,0,1,At-Risk / Low-Engagement Customers
17353.0,129,8,1740.0,217.5,1740.0,0,1,At-Risk / Low-Engagement Customers
17354.0,51,16,1393.06,87.06625,1393.06,0,1,At-Risk / Low-Engagement Customers
17356.0,312,19,178.22,9.38,178.22,0,1,At-Risk / Low-Engagement Customers
17357.0,24,44,384.39,8.736136363636364,384.39,0,1,At-Risk / Low-Engagement Customers
17358.0,303,58,360.81,6.220862068965517,360.81,0,1,At-Risk / Low-Engagement Customers
17359.0,11,15,127.86,8.524,127.86,0,1,At-Risk / Low-Engagement Customers
17360.0,17,125,568.24,4.54592,568.24,0,0,High-Value Active Customers
17361.0,49,29,488.2,16.834482758620688,488.2,0,1,At-Risk / Low-Engagement Customers
17362.0,239,35,312.23,8.920857142857143,312.23,0,1,At-Risk / Low-Engagement Customers
17364.0,1,406,4462.68,10.991822660098522,4462.68,0,0,High-Value Active Customers
17365.0,13,465,4767.36,10.252387096774193,4767.36,0,0,High-Value Active Customers
17367.0,238,33,167.55,5.077272727272728,167.55,0,1,At-Risk / Low-Engagement Customers
17368.0,23,107,1878.87,17.559532710280372,1878.87,0,0,High-Value Active Customers
17370.0,73,33,446.18,13.520606060606061,446.18,0,1,At-Risk / Low-Engagement Customers
17371.0,17,86,418.4,4.865116279069767,418.4,0,0,High-Value Active Customers
17372.0,41,251,1337.18,5.3274103585657375,1337.18,0,0,High-Value Active Customers
17373.0,40,57,646.92,11.349473684210526,646.92,0,0,High-Value Active Customers
17374.0,219,28,495.77,17.706071428571427,495.77,0,1,At-Risk / Low-Engagement Customers
17375.0,199,69,400.1,5.798550724637681,400.1,0,1,At-Risk / Low-Engagement Customers
17376.0,71,24,203.2,8.466666666666667,203.2,0,1,At-Risk / Low-Engagement Customers
17377.0,24,404,4058.32,10.045346534653465,4058.32,0,0,High-Value Active Customers
17379.0,11,78,389.71999999999997,4.996410256410256,389.71999999999997,0,0,High-Value Active Customers
17381.0,9,109,20275.61,186.01477064220185,20275.61,0,0,High-Value Active Customers
17382.0,65,2,65.4,32.7,65.4,0,1,At-Risk / Low-Engagement Customers
17383.0,4,49,193.39000000000001,3.946734693877551,193.39000000000001,0,0,High-Value Active Customers
17384.0,19,15,336.4,22.426666666666666,336.4,0,1,At-Risk / Low-Engagement Customers
17385.0,15,45,256.11,5.691333333333334,256.11,0,1,At-Risk / Low-Engagement Customers
17386.0,8,28,2686.42,95.94357142857143,2686.42,0,0,High-Value Active Customers
17387.0,20,76,746.81,9.826447368421052,746.81,0,0,High-Value Active Customers
17388.0,78,15,1259.56,83.97066666666666,1259.56,0,1,At-Risk / Low-Engagement Customers
17389.0,1,213,31833.68,149.45389671361502,31833.68,0,0,High-Value Active Customers
17391.0,164,3,508.8,169.6,508.8,0,1,At-Risk / Low-Engagement Customers
17392.0,307,56,417.27,7.45125,417.27,0,1,At-Risk / Low-Engagement Customers
17394.0,219,4,203.86999999999998,50.967499999999994,203.86999999999998,0,1,At-Risk / Low-Engagement Customers
17396.0,39,27,7330.8,271.5111111111111,7330.8,0,0,High-Value Active Customers
17397.0,22,89,681.41,7.65629213483146,681.41,0,0,High-Value Active Customers
17398.0,115,38,653.38,17.19421052631579,653.38,0,1,At-Risk / Low-Engagement Customers
17400.0,126,206,2097.84,10.18368932038835,2097.84,0,0,High-Value Active Customers
17402.0,5,59,2633.85,44.641525423728815,2633.85,0,0,High-Value Active Customers
17403.0,36,32,263.92,8.2475,263.92,0,1,At-Risk / Low-Engagement Customers
17404.0,4,198,31906.82,161.14555555555555,31906.82,0,0,High-Value Active Customers
17405.0,1,82,1031.41,12.578170731707319,1031.41,0,0,High-Value Active Customers
17406.0,333,111,2184.42,19.67945945945946,2184.42,0,0,High-Value Active Customers
17408.0,163,2,32.65,16.325,32.65,0,1,At-Risk / Low-Engagement Customers
17409.0,185,13,771.85,59.37307692307692,771.85,0,1,At-Risk / Low-Engagement Customers
17410.0,16,64,1214.72,18.98,1214.72,0,0,High-Value Active Customers
17411.0,12,41,778.94,18.998536585365855,778.94,0,0,High-Value Active Customers
17412.0,3,66,1258.06,19.061515151515152,1258.06,0,0,High-Value Active Customers
17414.0,44,6,778.0,129.66666666666666,778.0,0,1,At-Risk / Low-Engagement Customers
17415.0,80,14,507.84,36.27428571428571,507.84,0,1,At-Risk / Low-Engagement Customers
17416.0,30,269,6893.42,25.626096654275095,6893.42,0,0,High-Value Active Customers
17418.0,42,30,463.46000000000004,15.448666666666668,463.46000000000004,0,1,At-Risk / Low-Engagement Customers
17419.0,11,206,4226.57,20.517330097087378,4226.57,0,0,High-Value Active Customers
17420.0,50,30,598.83,19.961000000000002,598.83,0,1,At-Risk / Low-Engagement Customers
17422.0,16,117,1979.37,16.917692307692306,1979.37,0,0,High-Value Active Customers
17423.0,46,26,698.41,26.861923076923077,698.41,0,1,At-Risk / Low-Engagement Customers
17425.0,19,43,759.17,17.655116279069766,759.17,0,0,High-Value Active Customers
17426.0,8,271,5037.26,18.58767527675277,5037.26,0,0,High-Value Active Customers
17427.0,72,2,100.8,50.4,100.8,0,1,At-Risk / Low-Engagement Customers
17428.0,1,328,17256.85,52.61234756097561,17256.85,0,0,High-Value Active Customers
17429.0,128,39,524.9200000000001,13.459487179487182,524.9200000000001,0,1,At-Risk / Low-Engagement Customers
17430.0,33,14,265.76,18.982857142857142,265.76,0,1,At-Risk / Low-Engagement Customers
17431.0,313,43,403.3,9.37906976744186,403.3,0,1,At-Risk / Low-Engagement Customers
17432.0,18,48,365.76,7.62,365.76,0,1,At-Risk / Low-Engagement Customers
17433.0,88,54,303.15999999999997,5.6140740740740736,303.15999999999997,0,1,At-Risk / Low-Engagement Customers
17434.0,2,134,2373.82,17.715074626865672,2373.82,0,0,High-Value Active Customers
17436.0,2,9,216.29999999999998,24.03333333333333,216.29999999999998,0,1,At-Risk / Low-Engagement Customers
17438.0,254,17,388.45000000000005,22.85,388.45000000000005,0,1,At-Risk / Low-Engagement Customers
17440.0,157,5,186.42000000000002,37.284000000000006,186.42000000000002,0,1,At-Risk / Low-Engagement Customers
17442.0,37,135,2248.56,16.656,2248.56,0,0,High-Value Active Customers
17443.0,220,1,534.24,534.24,534.24,0,1,At-Risk / Low-Engagement Customers
17444.0,148,135,2940.04,21.778074074074073,2940.04,0,0,High-Value Active Customers
17446.0,177,9,120.9,13.433333333333334,120.9,0,1,At-Risk / Low-Engagement Customers
17447.0,40,36,541.53,15.042499999999999,541.53,0,1,At-Risk / Low-Engagement Customers
17449.0,2,276,2519.21,9.127572463768116,2519.21,0,0,High-Value Active Customers
17450.0,8,336,194390.79,578.5440178571429,194390.79,1,0,High-Value Active Customers
17451.0,1,100,1721.4,17.214000000000002,1721.4,0,0,High-Value Active Customers
17453.0,18,19,486.71999999999997,25.616842105263157,486.71999999999997,0,1,At-Risk / Low-Engagement Customers
17454.0,192,61,517.53,8.484098360655738,517.53,0,1,At-Risk / Low-Engagement Customers
17455.0,204,8,131.7,16.4625,131.7,0,1,At-Risk / Low-Engagement Customers
17456.0,365,17,249.86,14.69764705882353,249.86,0,1,At-Risk / Low-Engagement Customers
17457.0,127,19,1737.7,91.4578947368421,1737.7,0,1,At-Risk / Low-Engagement Customers
17458.0,15,54,316.5,5.861111111111111,316.5,0,0,High-Value Active Customers
17459.0,43,111,657.3,5.921621621621621,657.3,0,0,High-Value Active Customers
17460.0,94,29,622.4300000000001,21.463103448275863,622.4300000000001,0,1,At-Risk / Low-Engagement Customers
17461.0,23,106,735.82,6.941698113207548,735.82,0,0,High-Value Active Customers
17462.0,60,27,675.69,25.025555555555556,675.69,0,1,At-Risk / Low-Engagement Customers
17463.0,16,208,1875.86,9.018557692307692,1875.86,0,0,High-Value Active Customers
17464.0,158,9,289.96000000000004,32.21777777777778,289.96000000000004,0,1,At-Risk / Low-Engagement Customers
17466.0,10,41,763.28,18.61658536585366,763.28,0,0,High-Value Active Customers
17468.0,10,5,137.0,27.4,137.0,0,1,At-Risk / Low-Engagement Customers
17469.0,16,88,1870.97,21.261022727272728,1870.97,0,0,High-Value Active Customers
17470.0,45,78,1125.07,14.423974358974359,1125.07,0,0,High-Value Active Customers
17472.0,191,174,697.54,4.0088505747126435,697.54,0,1,At-Risk / Low-Engagement Customers
17475.0,79,14,194.37,13.883571428571429,194.37,0,1,At-Risk / Low-Engagement Customers
17480.0,78,29,511.82,17.64896551724138,511.82,0,1,At-Risk / Low-Engagement Customers
17481.0,4,82,1255.59,15.312073170731706,1255.59,0,0,High-Value Active Customers
17483.0,65,21,414.04,19.716190476190476,414.04,0,1,At-Risk / Low-Engagement Customers
17486.0,261,24,396.87,16.53625,396.87,0,1,At-Risk / Low-Engagement Customers
17489.0,59,29,376.64,12.987586206896552,376.64,0,1,At-Risk / Low-Engagement Customers
17490.0,1,76,2092.32,27.530526315789476,2092.32,0,0,High-Value Active Customers
17491.0,1,109,3558.87,32.65018348623853,3558.87,0,0,High-Value Active Customers
17492.0,248,12,374.57,31.214166666666667,374.57,0,1,At-Risk / Low-Engagement Customers
17495.0,8,27,497.56,18.42814814814815,497.56,0,0,High-Value Active Customers
17496.0,359,10,271.05,27.105,271.05,0,1,At-Risk / Low-Engagement Customers
17498.0,76,17,272.22,16.01294117647059,272.22,0,1,At-Risk / Low-Engagement Customers
17499.0,290,40,622.88,15.572,622.88,0,1,At-Risk / Low-Engagement Customers
17500.0,17,5,1138.0,227.6,1138.0,0,1,At-Risk / Low-Engagement Customers
17501.0,221,18,288.6,16.033333333333335,288.6,0,1,At-Risk / Low-Engagement Customers
17502.0,9,28,689.1,24.610714285714288,689.1,0,0,High-Value Active Customers
17503.0,3,38,558.96,14.709473684210527,558.96,0,0,High-Value Active Customers
17504.0,206,127,2997.0299999999997,23.598661417322834,2997.0299999999997,0,0,High-Value Active Customers
17505.0,162,52,1145.84,22.035384615384615,1145.84,0,1,At-Risk / Low-Engagement Customers
17506.0,76,14,302.2,21.585714285714285,302.2,0,1,At-Risk / Low-Engagement Customers
17507.0,262,88,605.58,6.881590909090909,605.58,0,1,At-Risk / Low-Engagement Customers
17508.0,281,22,387.31,17.605,387.31,0,1,At-Risk / Low-Engagement Customers
17509.0,58,364,6083.64,16.713296703296706,6083.64,0,0,High-Value Active Customers
17510.0,25,20,308.48,15.424000000000001,308.48,0,1,At-Risk / Low-Engagement Customers
17511.0,3,963,91062.38,94.5611422637591,91062.38,1,0,High-Value Active Customers
17512.0,29,105,2924.9900000000002,27.85704761904762,2924.9900000000002,0,0,High-Value Active Customers
17513.0,72,6,513.2,85.53333333333335,513.2,0,1,At-Risk / Low-Engagement Customers
17514.0,128,40,208.65,5.2162500000000005,208.65,0,1,At-Risk / Low-Engagement Customers
17515.0,31,87,639.02,7.345057471264368,639.02,0,0,High-Value Active Customers
17516.0,15,135,764.88,5.665777777777778,764.88,0,0,High-Value Active Customers
17517.0,309,11,153.94,13.994545454545454,153.94,0,1,At-Risk / Low-Engagement Customers
17519.0,17,82,1844.02,22.488048780487805,1844.02,0,0,High-Value Active Customers
17520.0,54,30,546.81,18.226999999999997,546.81,0,1,At-Risk / Low-Engagement Customers
17521.0,30,45,723.2099999999999,16.07133333333333,723.2099999999999,0,0,High-Value Active Customers
17522.0,2,73,1070.71,14.667260273972603,1070.71,0,0,High-Value Active Customers
17523.0,11,33,652.74,19.78,652.74,0,0,High-Value Active Customers
17524.0,361,6,145.0,24.166666666666668,145.0,0,1,At-Risk / Low-Engagement Customers
17525.0,360,9,422.70000000000005,46.96666666666667,422.70000000000005,0,1,At-Risk / Low-Engagement Customers
17526.0,5,19,1195.8999999999999,62.942105263157885,1195.8999999999999,0,0,High-Value Active Customers
17527.0,54,47,939.37,19.98659574468085,939.37,0,1,At-Risk / Low-Engagement Customers
17528.0,1,253,3628.5,14.34189723320158,3628.5,0,0,High-Value Active Customers
17530.0,1,390,2367.12,6.069538461538461,2367.12,0,0,High-Value Active Customers
17531.0,190,14,296.7,21.192857142857143,296.7,0,1,At-Risk / Low-Engagement Customers
17534.0,54,9,223.36,24.817777777777778,223.36,0,1,At-Risk / Low-Engagement Customers
17535.0,280,13,164.4,12.646153846153847,164.4,0,1,At-Risk / Low-Engagement Customers
17536.0,177,3,76.5,25.5,76.5,0,1,At-Risk / Low-Engagement Customers
17537.0,30,74,887.67,11.99554054054054,887.67,0,0,High-Value Active Customers
17538.0,26,9,98.42,10.935555555555556,98.42,0,1,At-Risk / Low-Engagement Customers
17540.0,25,25,578.9,23.156,578.9,0,1,At-Risk / Low-Engagement Customers
17542.0,270,25,170.75,6.83,170.75,0,1,At-Risk / Low-Engagement Customers
17545.0,43,141,642.32,4.555460992907801,642.32,0,0,High-Value Active Customers
17548.0,234,5,103.3,20.66,103.3,0,1,At-Risk / Low-Engagement Customers
17549.0,24,6,148.86,24.810000000000002,148.86,0,1,At-Risk / Low-Engagement Customers
17550.0,197,42,267.16,6.360952380952382,267.16,0,1,At-Risk / Low-Engagement Customers
17551.0,359,39,290.34,7.444615384615384,290.34,0,1,At-Risk / Low-Engagement Customers
17552.0,60,49,930.41,18.987959183673468,930.41,0,1,At-Risk / Low-Engagement Customers
17553.0,130,2,1487.6,743.8,1487.6,0,1,At-Risk / Low-Engagement Customers
17554.0,1,88,1952.45,22.18693181818182,1952.45,0,0,High-Value Active Customers
17555.0,20,105,480.31,4.574380952380952,480.31,0,0,High-Value Active Customers
17556.0,206,6,157.9,26.316666666666666,157.9,0,1,At-Risk / Low-Engagement Customers
17557.0,14,34,541.46,15.92529411764706,541.46,0,0,High-Value Active Customers
17560.0,95,26,854.95,32.88269230769231,854.95,0,1,At-Risk / Low-Engagement Customers
17561.0,19,45,165.12,3.6693333333333333,165.12,0,1,At-Risk / Low-Engagement Customers
17562.0,14,63,1122.38,17.81555555555556,1122.38,0,0,High-Value Active Customers
17564.0,24,49,454.01,9.265510204081632,454.01,0,1,At-Risk / Low-Engagement Customers
17566.0,8,142,869.77,6.125140845070423,869.77,0,0,High-Value Active Customers
17567.0,7,165,4331.48,26.251393939393935,4331.48,0,0,High-Value Active Customers
17569.0,332,29,344.14,11.866896551724137,344.14,0,1,At-Risk / Low-Engagement Customers
17571.0,50,271,1425.67,5.260774907749078,1425.67,0,0,High-Value Active Customers
17572.0,71,12,226.75000000000003,18.895833333333336,226.75000000000003,0,1,At-Risk / Low-Engagement Customers
17573.0,29,25,380.6,15.224,380.6,0,1,At-Risk / Low-Engagement Customers
17574.0,243,8,185.65,23.20625,185.65,0,1,At-Risk / Low-Engagement Customers
17576.0,8,402,3564.83,8.86773631840796,3564.83,0,0,High-Value Active Customers
17578.0,218,5,143.45999999999998,28.691999999999997,143.45999999999998,0,1,At-Risk / Low-Engagement Customers
17579.0,5,50,448.90000000000003,8.978000000000002,448.90000000000003,0,0,High-Value Active Customers
17580.0,253,45,215.72,4.793777777777778,215.72,0,1,At-Risk / Low-Engagement Customers
17581.0,1,439,11025.24,25.114441913439634,11025.24,0,0,High-Value Active Customers
17582.0,236,29,175.27,6.043793103448277,175.27,0,1,At-Risk / Low-Engagement Customers
17584.0,7,35,1242.3,35.494285714285716,1242.3,0,0,High-Value Active Customers
17585.0,109,208,1116.68,5.368653846153847,1116.68,0,0,High-Value Active Customers
17588.0,100,23,1240.2,53.92173913043479,1240.2,0,1,At-Risk / Low-Engagement Customers
17589.0,60,253,2404.17,9.502648221343874,2404.17,0,0,High-Value Active Customers
17590.0,2,196,1468.02,7.489897959183673,1468.02,0,0,High-Value Active Customers
17591.0,73,157,2203.67,14.03611464968153,2203.67,0,0,High-Value Active Customers
17593.0,4,212,3923.86,18.50877358490566,3923.86,0,0,High-Value Active Customers
17594.0,85,50,993.18,19.863599999999998,993.18,0,1,At-Risk / Low-Engagement Customers
17595.0,12,82,386.69,4.715731707317073,386.69,0,0,High-Value Active Customers
17596.0,23,265,2806.69,10.591283018867925,2806.69,0,0,High-Value Active Customers
17597.0,214,55,2044.3700000000001,37.17036363636364,2044.3700000000001,0,1,At-Risk / Low-Engagement Customers
17600.0,18,13,161.67000000000002,12.436153846153847,161.67000000000002,0,1,At-Risk / Low-Engagement Customers
17601.0,239,9,116.00999999999999,12.889999999999999,116.00999999999999,0,1,At-Risk / Low-Engagement Customers
17602.0,2,551,5054.42,9.173176043557168,5054.42,0,0,High-Value Active Customers
17603.0,78,11,394.72,35.88363636363636,394.72,0,1,At-Risk / Low-Engagement Customers
17604.0,217,63,309.36,4.91047619047619,309.36,0,1,At-Risk / Low-Engagement Customers
17608.0,33,56,191.99,3.4283928571428572,191.99,0,1,At-Risk / Low-Engagement Customers
17609.0,41,233,1105.78,4.745836909871245,1105.78,0,0,High-Value Active Customers
17611.0,7,567,3961.12,6.986102292768959,3961.12,0,0,High-Value Active Customers
17612.0,53,135,2048.45,15.173703703703703,2048.45,0,0,High-Value Active Customers
17613.0,23,306,4544.55,14.851470588235294,4544.55,0,0,High-Value Active Customers
17614.0,57,98,386.32,3.9420408163265304,386.32,0,1,At-Risk / Low-Engagement Customers
17615.0,130,14,329.6,23.542857142857144,329.6,0,1,At-Risk / Low-Engagement Customers
17616.0,174,3,571.1999999999999,190.39999999999998,571.1999999999999,0,1,At-Risk / Low-Engagement Customers
17618.0,6,67,930.28,13.884776119402984,930.28,0,0,High-Value Active Customers
17619.0,312,74,214.37,2.896891891891892,214.37,0,1,At-Risk / Low-Engagement Customers
17620.0,60,4,81.44,20.36,81.44,0,1,At-Risk / Low-Engagement Customers
17621.0,21,26,1379.9,53.073076923076925,1379.9,0,0,High-Value Active Customers
17623.0,33,33,527.0500000000001,15.971212121212123,527.0500000000001,0,1,At-Risk / Low-Engagement Customers
17624.0,15,50,843.48,16.869600000000002,843.48,0,0,High-Value Active Customers
17625.0,18,306,2020.4,6.602614379084968,2020.4,0,0,High-Value Active Customers
17628.0,81,5,75.75,15.15,75.75,0,1,At-Risk / Low-Engagement Customers
17629.0,6,123,1814.12,14.748943089430893,1814.12,0,0,High-Value Active Customers
17630.0,170,26,503.59999999999997,19.369230769230768,503.59999999999997,0,1,At-Risk / Low-Engagement Customers
17631.0,2,39,528.33,13.546923076923077,528.33,0,0,High-Value Active Customers
17633.0,31,70,1324.84,18.92628571428571,1324.84,0,0,High-Value Active Customers
17634.0,36,296,2358.59,7.96820945945946,2358.59,0,0,High-Value Active Customers
17636.0,19,20,285.56,14.278,285.56,0,1,At-Risk / Low-Engagement Customers
17637.0,31,35,547.0600000000001,15.630285714285716,547.0600000000001,0,1,At-Risk / Low-Engagement Customers
17639.0,276,7,108.5,15.5,108.5,0,1,At-Risk / Low-Engagement Customers
17640.0,87,5,621.66,124.332,621.66,0,1,At-Risk / Low-Engagement Customers
17642.0,120,40,712.29,17.80725,712.29,0,1,At-Risk / Low-Engagement Customers
17643.0,373,8,101.55,12.69375,101.55,0,1,At-Risk / Low-Engagement Customers
17644.0,1,157,2895.64,18.443566878980892,2895.64,0,0,High-Value Active Customers
17646.0,219,51,1008.39,19.77235294117647,1008.39,0,1,At-Risk / Low-Engagement Customers
17647.0,65,7,133.06,19.00857142857143,133.06,0,1,At-Risk / Low-Engagement Customers
17648.0,61,91,1797.5,19.752747252747252,1797.5,0,0,High-Value Active Customers
17649.0,138,52,868.49,16.70173076923077,868.49,0,1,At-Risk / Low-Engagement Customers
17650.0,21,8,166.08,20.76,166.08,0,1,At-Risk / Low-Engagement Customers
17651.0,12,232,3945.0,17.004310344827587,3945.0,0,0,High-Value Active Customers
17652.0,25,259,4867.72,18.794285714285714,4867.72,0,0,High-Value Active Customers
17653.0,37,44,1207.56,27.44454545454545,1207.56,0,0,High-Value Active Customers
17654.0,277,22,117.55,5.343181818181818,117.55,0,1,At-Risk / Low-Engagement Customers
17655.0,11,91,2638.94,28.99934065934066,2638.94,0,0,High-Value Active Customers
17656.0,73,82,1674.69,20.423048780487804,1674.69,0,0,High-Value Active Customers
17658.0,26,19,595.42,31.337894736842102,595.42,0,1,At-Risk / Low-Engagement Customers
17659.0,17,158,2999.46,18.98392405063291,2999.46,0,0,High-Value Active Customers
17660.0,141,38,178.75,4.703947368421052,178.75,0,1,At-Risk / Low-Engagement Customers
17663.0,26,86,1802.91,20.96406976744186,1802.91,0,0,High-Value Active Customers
17664.0,19,43,604.64,14.061395348837209,604.64,0,0,High-Value Active Customers
17666.0,4,18,728.16,40.45333333333333,728.16,0,0,High-Value Active Customers
17667.0,66,116,2055.51,17.71991379310345,2055.51,0,0,High-Value Active Customers
17668.0,1,15,347.75,23.183333333333334,347.75,0,0,High-Value Active Customers
17669.0,43,68,3406.7200000000003,50.09882352941177,3406.7200000000003,0,0,High-Value Active Customers
17670.0,228,11,205.7,18.7,205.7,0,1,At-Risk / Low-Engagement Customers
17671.0,16,53,1572.71,29.67377358490566,1572.71,0,0,High-Value Active Customers
17672.0,50,110,3178.17,28.892454545454545,3178.17,0,0,High-Value Active Customers
17673.0,2,218,1594.97,7.316376146788991,1594.97,0,0,High-Value Active Customers
17674.0,74,27,551.04,20.40888888888889,551.04,0,1,At-Risk / Low-Engagement Customers
17675.0,1,705,20374.28,28.89968794326241,20374.28,0,0,High-Value Active Customers
17676.0,4,77,1371.18,17.807532467532468,1371.18,0,0,High-Value Active Customers
17677.0,2,303,16345.38,53.94514851485148,16345.38,0,0,High-Value Active Customers
17678.0,264,16,298.11,18.631875,298.11,0,1,At-Risk / Low-Engagement Customers
17679.0,53,30,1992.1100000000001,66.40366666666667,1992.1100000000001,0,0,High-Value Active Customers
17680.0,24,11,184.4,16.763636363636365,184.4,0,1,At-Risk / Low-Engagement Customers
17682.0,10,118,2474.33,20.968898305084746,2474.33,0,0,High-Value Active Customers
17684.0,44,15,239.41,15.960666666666667,239.41,0,1,At-Risk / Low-Engagement Customers
17685.0,17,127,3155.83,24.849055118110236,3155.83,0,0,High-Value Active Customers
17686.0,7,286,5739.46,20.06804195804196,5739.46,0,0,High-Value Active Customers
17690.0,30,252,4726.8,18.757142857142856,4726.8,0,0,High-Value Active Customers
17691.0,358,19,290.40000000000003,15.28421052631579,290.40000000000003,0,1,At-Risk / Low-Engagement Customers
17692.0,127,46,740.9399999999999,16.107391304347825,740.9399999999999,0,1,At-Risk / Low-Engagement Customers
17693.0,137,16,200.47,12.529375,200.47,0,1,At-Risk / Low-Engagement Customers
17694.0,142,15,283.12,18.874666666666666,283.12,0,1,At-Risk / Low-Engagement Customers
17695.0,132,35,765.34,21.866857142857143,765.34,0,1,At-Risk / Low-Engagement Customers
17696.0,38,115,2285.71,19.875739130434784,2285.71,0,0,High-Value Active Customers
17697.0,236,19,338.95,17.839473684210525,338.95,0,1,At-Risk / Low-Engagement Customers
17698.0,261,8,154.95,19.36875,154.95,0,1,At-Risk / Low-Engagement Customers
17700.0,17,142,2534.64,17.84957746478873,2534.64,0,0,High-Value Active Customers
17701.0,253,24,417.95,17.414583333333333,417.95,0,1,At-Risk / Low-Engagement Customers
17702.0,30,74,1824.37,24.653648648648648,1824.37,0,0,High-Value Active Customers
17703.0,35,55,798.74,14.522545454545455,798.74,0,0,High-Value Active Customers
17704.0,169,31,885.19,28.554516129032258,885.19,0,1,At-Risk / Low-Engagement Customers
17705.0,3,103,1823.52,17.70407766990291,1823.52,0,0,High-Value Active Customers
17706.0,4,382,10504.49,27.498664921465966,10504.49,0,0,High-Value Active Customers
17707.0,185,5,152.4,30.48,152.4,0,1,At-Risk / Low-Engagement Customers
17708.0,188,34,263.33,7.744999999999999,263.33,0,1,At-Risk / Low-Engagement Customers
17709.0,170,7,137.45,19.635714285714283,137.45,0,1,At-Risk / Low-Engagement Customers
17711.0,11,23,385.1,16.743478260869566,385.1,0,1,At-Risk / Low-Engagement Customers
17712.0,45,29,522.91,18.031379310344825,522.91,0,1,At-Risk / Low-Engagement Customers
17714.0,321,10,153.0,15.3,153.0,0,1,At-Risk / Low-Engagement Customers
17715.0,201,1,326.4,326.4,326.4,0,1,At-Risk / Low-Engagement Customers
17716.0,23,245,5655.99,23.085673469387753,5655.99,0,0,High-Value Active Customers
17718.0,232,6,139.35,23.224999999999998,139.35,0,1,At-Risk / Low-Engagement Customers
17719.0,38,274,5396.04,19.693576642335767,5396.04,0,0,High-Value Active Customers
17720.0,26,50,1195.94,23.9188,1195.94,0,0,High-Value Active Customers
17722.0,96,115,2424.04,21.078608695652175,2424.04,0,0,High-Value Active Customers
17723.0,127,10,3276.4000000000005,327.64000000000004,3276.4000000000005,0,1,At-Risk / Low-Engagement Customers
17724.0,71,40,1033.0,25.825,1033.0,0,1,At-Risk / Low-Engagement Customers
17725.0,16,192,3439.08,17.911875,3439.08,0,0,High-Value Active Customers
17727.0,15,66,1060.25,16.064393939393938,1060.25,0,0,High-Value Active Customers
17728.0,4,165,2876.01,17.430363636363637,2876.01,0,0,High-Value Active Customers
17730.0,3,218,5298.4800000000005,24.304954128440368,5298.4800000000005,0,0,High-Value Active Customers
17731.0,79,67,1240.11,18.509104477611938,1240.11,0,0,High-Value Active Customers
17732.0,373,18,303.97,16.887222222222224,303.97,0,1,At-Risk / Low-Engagement Customers
17733.0,39,35,692.19,19.776857142857143,692.19,0,1,At-Risk / Low-Engagement Customers
17734.0,54,43,700.63,16.293720930232556,700.63,0,1,At-Risk / Low-Engagement Customers
17735.0,2,690,13110.02,19.000028985507246,13110.02,0,0,High-Value Active Customers
17736.0,9,25,377.44,15.0976,377.44,0,1,At-Risk / Low-Engagement Customers
17737.0,9,10,168.24,16.824,168.24,0,1,At-Risk / Low-Engagement Customers
17738.0,19,97,1879.05,19.371649484536082,1879.05,0,0,High-Value Active Customers
17739.0,12,47,2791.35,59.39042553191489,2791.35,0,0,High-Value Active Customers
17742.0,113,15,355.11,23.674,355.11,0,1,At-Risk / Low-Engagement Customers
17744.0,4,136,2322.4,17.076470588235296,2322.4,0,0,High-Value Active Customers
17746.0,240,6,110.25,18.375,110.25,0,1,At-Risk / Low-Engagement Customers
17747.0,113,1,71.4,71.4,71.4,0,1,At-Risk / Low-Engagement Customers
17749.0,178,35,674.52,19.272,674.52,0,1,At-Risk / Low-Engagement Customers
17750.0,5,184,1710.45,9.29592391304348,1710.45,0,0,High-Value Active Customers
17752.0,359,1,80.64,80.64,80.64,0,1,At-Risk / Low-Engagement Customers
17754.0,1,89,1664.65,18.703932584269666,1664.65,0,0,High-Value Active Customers
17757.0,1,740,5593.39,7.558635135135136,5593.39,0,0,High-Value Active Customers
17758.0,19,404,3408.2000000000003,8.436138613861386,3408.2000000000003,0,0,High-Value Active Customers
17759.0,17,90,819.96,9.110666666666667,819.96,0,0,High-Value Active Customers
17760.0,22,25,287.59,11.503599999999999,287.59,0,1,At-Risk / Low-Engagement Customers
17761.0,33,19,712.78,37.514736842105265,712.78,0,1,At-Risk / Low-Engagement Customers
17763.0,263,1,15.0,15.0,15.0,0,1,At-Risk / Low-Engagement Customers
17764.0,51,71,772.55,10.880985915492957,772.55,0,0,High-Value Active Customers
17765.0,159,56,367.63,6.564821428571428,367.63,0,1,At-Risk / Low-Engagement Customers
17767.0,15,21,271.2,12.914285714285715,271.2,0,1,At-Risk / Low-Engagement Customers
17768.0,8,98,2081.9,21.243877551020407,2081.9,0,0,High-Value Active Customers
17769.0,13,304,3957.43,13.017861842105262,3957.43,0,0,High-Value Active Customers
17770.0,199,38,1143.27,30.086052631578948,1143.27,0,1,At-Risk / Low-Engagement Customers
17771.0,57,54,245.81,4.552037037037037,245.81,0,1,At-Risk / Low-Engagement Customers
17772.0,11,50,173.45,3.469,173.45,0,1,At-Risk / Low-Engagement Customers
17774.0,97,153,1213.73,7.932875816993464,1213.73,0,0,High-Value Active Customers
17775.0,255,3,56.4,18.8,56.4,0,1,At-Risk / Low-Engagement Customers
17777.0,25,190,647.56,3.408210526315789,647.56,0,0,High-Value Active Customers
17779.0,21,81,650.32,8.028641975308643,650.32,0,0,High-Value Active Customers
17781.0,159,12,188.02,15.668333333333335,188.02,0,1,At-Risk / Low-Engagement Customers
17783.0,72,67,283.47,4.23089552238806,283.47,0,1,At-Risk / Low-Engagement Customers
17785.0,53,13,131.94,10.149230769230769,131.94,0,1,At-Risk / Low-Engagement Customers
17786.0,85,68,266.85,3.9242647058823534,266.85,0,1,At-Risk / Low-Engagement Customers
17787.0,153,128,1817.54,14.19953125,1817.54,0,0,High-Value Active Customers
17788.0,74,5,1117.9,223.58,1117.9,0,1,At-Risk / Low-Engagement Customers
17789.0,281,14,225.9,16.135714285714286,225.9,0,1,At-Risk / Low-Engagement Customers
17790.0,27,189,1964.3,10.393121693121692,1964.3,0,0,High-Value Active Customers
17791.0,30,10,106.1,10.61,106.1,0,1,At-Risk / Low-Engagement Customers
17793.0,25,52,300.34,5.77576923076923,300.34,0,1,At-Risk / Low-Engagement Customers
17795.0,180,45,342.83,7.618444444444444,342.83,0,1,At-Risk / Low-Engagement Customers
17796.0,40,81,690.0,8.518518518518519,690.0,0,0,High-Value Active Customers
17797.0,22,111,780.43,7.0309009009009005,780.43,0,0,High-Value Active Customers
17799.0,22,404,3039.17,7.522698019801981,3039.17,0,0,High-Value Active Customers
17800.0,37,103,1187.21,11.526310679611651,1187.21,0,0,High-Value Active Customers
17802.0,82,140,1285.04,9.178857142857142,1285.04,0,0,High-Value Active Customers
17805.0,74,10,512.31,51.230999999999995,512.31,0,1,At-Risk / Low-Engagement Customers
17806.0,11,43,546.04,12.698604651162789,546.04,0,0,High-Value Active Customers
17809.0,16,61,5411.91,88.71983606557377,5411.91,0,0,High-Value Active Customers
17811.0,4,828,7761.82,9.374178743961352,7761.82,0,0,High-Value Active Customers
17812.0,13,133,699.81,5.261729323308271,699.81,0,0,High-Value Active Customers
17813.0,14,348,1698.07,4.879511494252873,1698.07,0,0,High-Value Active Customers
17816.0,37,17,36.56,2.150588235294118,36.56,0,1,At-Risk / Low-Engagement Customers
17817.0,4,33,387.68,11.747878787878788,387.68,0,0,High-Value Active Customers
17819.0,72,48,3704.87,77.18479166666667,3704.87,0,0,High-Value Active Customers
17824.0,51,13,298.4,22.95384615384615,298.4,0,1,At-Risk / Low-Engagement Customers
17827.0,5,215,1987.33,9.24339534883721,1987.33,0,0,High-Value Active Customers
17828.0,23,67,1820.09,27.1655223880597,1820.09,0,0,High-Value Active Customers
17829.0,299,30,889.24,29.641333333333332,889.24,0,1,At-Risk / Low-Engagement Customers
17830.0,2,23,398.7,17.33478260869565,398.7,0,0,High-Value Active Customers
17831.0,33,2,35.400000000000006,17.700000000000003,35.400000000000006,0,1,At-Risk / Low-Engagement Customers
17832.0,50,61,155.37,2.547049180327869,155.37,0,1,At-Risk / Low-Engagement Customers
17835.0,3,59,342.24,5.800677966101695,342.24,0,0,High-Value Active Customers
17836.0,47,24,110.21000000000001,4.592083333333334,110.21000000000001,0,1,At-Risk / Low-Engagement Customers
17837.0,42,162,1541.23,9.513765432098765,1541.23,0,0,High-Value Active Customers
17838.0,27,117,2720.8,23.254700854700857,2720.8,0,0,High-Value Active Customers
17839.0,42,52,318.15,6.11826923076923,318.15,0,1,At-Risk / Low-Engagement Customers
17841.0,2,7674,40517.34,5.279820172009382,40517.34,1,0,High-Value Active Customers
17843.0,303,37,205.48,5.553513513513513,205.48,0,1,At-Risk / Low-Engagement Customers
17844.0,107,5,51.559999999999995,10.312,51.559999999999995,0,1,At-Risk / Low-Engagement Customers
17846.0,85,1,2033.1,2033.1,2033.1,0,1,At-Risk / Low-Engagement Customers
17848.0,81,51,901.1999999999999,17.670588235294115,901.1999999999999,0,1,At-Risk / Low-Engagement Customers
17849.0,218,26,605.8000000000001,23.300000000000004,605.8000000000001,0,1,At-Risk / Low-Engagement Customers
17850.0,372,297,5391.21,18.15222222222222,5391.21,0,0,High-Value Active Customers
17852.0,12,24,114.34,4.764166666666667,114.34,0,1,At-Risk / Low-Engagement Customers
17854.0,185,15,311.26,20.750666666666667,311.26,0,1,At-Risk / Low-Engagement Customers
17855.0,373,17,208.97,12.292352941176471,208.97,0,1,At-Risk / Low-Engagement Customers
17856.0,2,15,1418.03,94.53533333333333,1418.03,0,0,High-Value Active Customers
17857.0,4,54,26879.04,497.76,26879.04,0,0,High-Value Active Customers
17858.0,6,197,5140.66,26.09472081218274,5140.66,0,0,High-Value Active Customers
17859.0,305,23,141.92000000000002,6.170434782608696,141.92000000000002,0,1,At-Risk / Low-Engagement Customers
17860.0,369,52,226.45000000000002,4.354807692307693,226.45000000000002,0,1,At-Risk / Low-Engagement Customers
17861.0,3,219,2097.88,9.579360730593608,2097.88,0,0,High-Value Active Customers
17862.0,324,11,330.9,30.08181818181818,330.9,0,1,At-Risk / Low-Engagement Customers
17863.0,59,148,3160.0,21.35135135135135,3160.0,0,0,High-Value Active Customers
17864.0,13,90,554.85,6.165,554.85,0,0,High-Value Active Customers
17865.0,31,370,10526.32,28.449513513513512,10526.32,0,0,High-Value Active Customers
17866.0,143,9,329.65,36.62777777777777,329.65,0,1,At-Risk / Low-Engagement Customers
17867.0,30,68,1157.8700000000001,17.027500000000003,1157.8700000000001,0,0,High-Value Active Customers
17869.0,107,40,428.18,10.7045,428.18,0,1,At-Risk / Low-Engagement Customers
17870.0,2,270,1865.89,6.910703703703704,1865.89,0,0,High-Value Active Customers
17871.0,205,10,155.9,15.59,155.9,0,1,At-Risk / Low-Engagement Customers
17873.0,80,43,1848.96,42.99906976744186,1848.96,0,0,High-Value Active Customers
17874.0,185,46,683.46,14.857826086956523,683.46,0,1,At-Risk / Low-Engagement Customers
17877.0,170,12,237.61,19.800833333333333,237.61,0,1,At-Risk / Low-Engagement Customers
17878.0,44,26,379.45,14.59423076923077,379.45,0,1,At-Risk / Low-Engagement Customers
17879.0,174,6,178.51999999999998,29.75333333333333,178.51999999999998,0,1,At-Risk / Low-Engagement Customers
17880.0,365,26,458.92,17.65076923076923,458.92,0,1,At-Risk / Low-Engagement Customers
17881.0,304,8,133.35000000000002,16.668750000000003,133.35000000000002,0,1,At-Risk / Low-Engagement Customers
17883.0,3,142,664.34,4.6784507042253525,664.34,0,0,High-Value Active Customers
17884.0,4,113,695.0699999999999,6.151061946902654,695.0699999999999,0,0,High-Value Active Customers
17885.0,12,53,156.34,2.949811320754717,156.34,0,1,At-Risk / Low-Engagement Customers
17886.0,32,102,869.28,8.52235294117647,869.28,0,0,High-Value Active Customers
17887.0,129,10,111.35,11.135,111.35,0,1,At-Risk / Low-Engagement Customers
17888.0,21,65,716.0,11.015384615384615,716.0,0,0,High-Value Active Customers
17889.0,212,20,201.37,10.0685,201.37,0,1,At-Risk / Low-Engagement Customers
17890.0,323,91,586.89,6.449340659340659,586.89,0,1,At-Risk / Low-Engagement Customers
17891.0,162,34,203.85999999999999,5.995882352941176,203.85999999999999,0,1,At-Risk / Low-Engagement Customers
17892.0,56,28,244.1,8.717857142857143,244.1,0,1,At-Risk / Low-Engagement Customers
17893.0,225,15,107.21,7.147333333333333,107.21,0,1,At-Risk / Low-Engagement Customers
17894.0,72,192,1118.96,5.827916666666667,1118.96,0,0,High-Value Active Customers
17895.0,44,15,95.45,6.363333333333333,95.45,0,1,At-Risk / Low-Engagement Customers
17896.0,23,2,256.32,128.16,256.32,0,1,At-Risk / Low-Engagement Customers
17897.0,173,108,541.8100000000001,5.01675925925926,541.8100000000001,0,1,At-Risk / Low-Engagement Customers
17898.0,85,28,152.06,5.430714285714286,152.06,0,1,At-Risk / Low-Engagement Customers
17899.0,159,31,154.55,4.985483870967743,154.55,0,1,At-Risk / Low-Engagement Customers
17900.0,190,6,112.19999999999999,18.7,112.19999999999999,0,1,At-Risk / Low-Engagement Customers
17901.0,29,19,110.38,5.809473684210526,110.38,0,1,At-Risk / Low-Engagement Customers
17904.0,21,34,181.07,5.325588235294117,181.07,0,1,At-Risk / Low-Engagement Customers
17905.0,71,33,798.99,24.21181818181818,798.99,0,1,At-Risk / Low-Engagement Customers
17906.0,247,12,72.9,6.075,72.9,0,1,At-Risk / Low-Engagement Customers
17908.0,374,54,232.03,4.2968518518518515,232.03,0,1,At-Risk / Low-Engagement Customers
17911.0,9,39,366.23,9.390512820512821,366.23,0,0,High-Value Active Customers
17912.0,310,37,310.06,8.38,310.06,0,1,At-Risk / Low-Engagement Customers
17913.0,59,58,408.65,7.0456896551724135,408.65,0,1,At-Risk / Low-Engagement Customers
17914.0,4,75,329.36,4.391466666666667,329.36,0,0,High-Value Active Customers
17917.0,45,92,335.03,3.6416304347826083,335.03,0,1,At-Risk / Low-Engagement Customers
17919.0,88,23,1304.04,56.697391304347825,1304.04,0,1,At-Risk / Low-Engagement Customers
17920.0,4,665,4119.5,6.1947368421052635,4119.5,0,0,High-Value Active Customers
17921.0,64,142,820.23,5.776267605633803,820.23,0,0,High-Value Active Customers
17923.0,282,1,207.50000000000003,207.50000000000003,207.50000000000003,0,1,At-Risk / Low-Engagement Customers
17924.0,12,31,2962.5,95.56451612903226,2962.5,0,0,High-Value Active Customers
17925.0,373,1,244.08,244.08,244.08,0,1,At-Risk / Low-Engagement Customers
17926.0,133,21,397.29,18.91857142857143,397.29,0,1,At-Risk / Low-Engagement Customers
17928.0,45,23,212.54,9.240869565217391,212.54,0,1,At-Risk / Low-Engagement Customers
17929.0,11,5,843.0,168.6,843.0,0,1,At-Risk / Low-Engagement Customers
17930.0,36,39,1740.48,44.62769230769231,1740.48,0,0,High-Value Active Customers
17931.0,134,65,408.36,6.282461538461539,408.36,0,1,At-Risk / Low-Engagement Customers
17932.0,29,90,1331.57,14.795222222222222,1331.57,0,0,High-Value Active Customers
17934.0,52,21,704.25,33.535714285714285,704.25,0,1,At-Risk / Low-Engagement Customers
17935.0,138,29,145.79,5.027241379310345,145.79,0,1,At-Risk / Low-Engagement Customers
17936.0,5,72,380.13,5.279583333333333,380.13,0,0,High-Value Active Customers
17937.0,9,43,4301.22,100.02837209302326,4301.22,0,0,High-Value Active Customers
17939.0,160,12,99.14,8.261666666666667,99.14,0,1,At-Risk / Low-Engagement Customers
17940.0,49,18,4020.04,223.33555555555554,4020.04,0,0,High-Value Active Customers
17941.0,131,2,304.56,152.28,304.56,0,1,At-Risk / Low-Engagement Customers
17942.0,8,2,77.50000000000001,38.75000000000001,77.50000000000001,0,1,At-Risk / Low-Engagement Customers
17946.0,233,20,149.57999999999998,7.478999999999999,149.57999999999998,0,1,At-Risk / Low-Engagement Customers
17947.0,37,9,176.68,19.63111111111111,176.68,0,1,At-Risk / Low-Engagement Customers
17948.0,147,1,358.56000000000006,358.56000000000006,358.56000000000006,0,1,At-Risk / Low-Engagement Customers
17949.0,1,70,58510.48,835.864,58510.48,0,0,High-Value Active Customers
17950.0,72,71,482.2,6.791549295774648,482.2,0,1,At-Risk / Low-Engagement Customers
17951.0,40,20,1008.5400000000001,50.42700000000001,1008.5400000000001,0,1,At-Risk / Low-Engagement Customers
17954.0,5,477,2314.13,4.851425576519916,2314.13,0,0,High-Value Active Customers
17955.0,199,19,557.3,29.331578947368417,557.3,0,1,At-Risk / Low-Engagement Customers
17956.0,249,1,12.75,12.75,12.75,0,1,At-Risk / Low-Engagement Customers
17957.0,66,31,111.68,3.6025806451612907,111.68,0,1,At-Risk / Low-Engagement Customers
17958.0,117,7,508.4599999999999,72.63714285714285,508.4599999999999,0,1,At-Risk / Low-Engagement Customers
17960.0,171,26,73.78,2.8376923076923077,73.78,0,1,At-Risk / Low-Engagement Customers
17961.0,21,249,1296.44,5.206586345381527,1296.44,0,0,High-Value Active Customers
17962.0,142,34,102.41,3.0120588235294115,102.41,0,1,At-Risk / Low-Engagement Customers
17964.0,32,98,463.21,4.726632653061224,463.21,0,0,High-Value Active Customers
17965.0,38,325,2599.19,7.997507692307693,2599.19,0,0,High-Value Active Customers
17966.0,38,68,1098.43,16.15338235294118,1098.43,0,0,High-Value Active Customers
17967.0,372,42,112.27,2.673095238095238,112.27,0,1,At-Risk / Low-Engagement Customers
17968.0,374,81,265.1,3.27283950617284,265.1,0,1,At-Risk / Low-Engagement Customers
17969.0,166,14,228.2,16.3,228.2,0,1,At-Risk / Low-Engagement Customers
17970.0,211,29,562.79,19.40655172413793,562.79,0,1,At-Risk / Low-Engagement Customers
17972.0,242,30,135.19,4.506333333333333,135.19,0,1,At-Risk / Low-Engagement Customers
17973.0,52,15,337.04,22.469333333333335,337.04,0,1,At-Risk / Low-Engagement Customers
17974.0,25,165,703.99,4.266606060606061,703.99,0,0,High-Value Active Customers
17975.0,15,293,4483.26,15.301228668941981,4483.26,0,0,High-Value Active Customers
17976.0,372,57,321.79,5.645438596491228,321.79,0,1,At-Risk / Low-Engagement Customers
17977.0,29,21,288.14,13.72095238095238,288.14,0,1,At-Risk / Low-Engagement Customers
17978.0,365,12,300.91999999999996,25.076666666666664,300.91999999999996,0,1,At-Risk / Low-Engagement Customers
17979.0,36,138,732.41,5.30731884057971,732.41,0,0,High-Value Active Customers
17980.0,166,30,811.45,27.048333333333336,811.45,0,1,At-Risk / Low-Engagement Customers
17984.0,145,48,152.68,3.1808333333333336,152.68,0,1,At-Risk / Low-Engagement Customers
17985.0,22,21,631.35,30.064285714285717,631.35,0,1,At-Risk / Low-Engagement Customers
17986.0,56,1,20.8,20.8,20.8,0,1,At-Risk / Low-Engagement Customers
17987.0,185,13,198.57,15.274615384615384,198.57,0,1,At-Risk / Low-Engagement Customers
17988.0,12,38,201.12,5.292631578947368,201.12,0,1,At-Risk / Low-Engagement Customers
17990.0,237,29,630.84,21.753103448275862,630.84,0,1,At-Risk / Low-Engagement Customers
17991.0,225,5,93.35,18.669999999999998,93.35,0,1,At-Risk / Low-Engagement Customers
17994.0,122,79,674.89,8.542911392405063,674.89,0,1,At-Risk / Low-Engagement Customers
17995.0,282,2,76.1,38.05,76.1,0,1,At-Risk / Low-Engagement Customers
17997.0,74,164,1962.46,11.966219512195122,1962.46,0,0,High-Value Active Customers
17999.0,37,91,380.39,4.18010989010989,380.39,0,0,High-Value Active Customers
18001.0,12,57,415.13,7.282982456140351,415.13,0,0,High-Value Active Customers
18004.0,362,37,157.92,4.268108108108108,157.92,0,1,At-Risk / Low-Engagement Customers
18005.0,4,53,226.47,4.273018867924528,226.47,0,0,High-Value Active Customers
18006.0,23,22,444.68,20.212727272727275,444.68,0,1,At-Risk / Low-Engagement Customers
18008.0,70,30,2116.19,70.53966666666666,2116.19,0,0,High-Value Active Customers
18009.0,235,31,247.39,7.9803225806451605,247.39,0,1,At-Risk / Low-Engagement Customers
18010.0,257,14,174.8,12.485714285714286,174.8,0,1,At-Risk / Low-Engagement Customers
18011.0,373,28,102.78999999999999,3.671071428571428,102.78999999999999,0,1,At-Risk / Low-Engagement Customers
18013.0,155,31,187.29,6.041612903225806,187.29,0,1,At-Risk / Low-Engagement Customers
18014.0,28,30,162.22,5.407333333333333,162.22,0,1,At-Risk / Low-Engagement Customers
18015.0,4,46,120.03,2.6093478260869567,120.03,0,1,At-Risk / Low-Engagement Customers
18016.0,32,122,1477.66,12.111967213114754,1477.66,0,0,High-Value Active Customers
18017.0,81,3,523.0,174.33333333333334,523.0,0,1,At-Risk / Low-Engagement Customers
18018.0,108,29,122.14,4.211724137931035,122.14,0,1,At-Risk / Low-Engagement Customers
18019.0,52,5,38.45,7.69,38.45,0,1,At-Risk / Low-Engagement Customers
18022.0,36,164,612.72,3.73609756097561,612.72,0,0,High-Value Active Customers
18024.0,153,21,389.78,18.56095238095238,389.78,0,1,At-Risk / Low-Engagement Customers
18027.0,99,21,115.31,5.490952380952381,115.31,0,1,At-Risk / Low-Engagement Customers
18030.0,4,9,230.64999999999998,25.627777777777776,230.64999999999998,0,1,At-Risk / Low-Engagement Customers
18032.0,334,5,73.5,14.7,73.5,0,1,At-Risk / Low-Engagement Customers
18033.0,65,33,93.82000000000001,2.8430303030303032,93.82000000000001,0,1,At-Risk / Low-Engagement Customers
18034.0,22,110,418.68,3.8061818181818183,418.68,0,0,High-Value Active Customers
18035.0,36,49,713.89,14.569183673469388,713.89,0,0,High-Value Active Customers
18036.0,32,94,403.12,4.288510638297873,403.12,0,0,High-Value Active Customers
18037.0,154,19,70.02,3.685263157894737,70.02,0,1,At-Risk / Low-Engagement Customers
18040.0,19,19,357.20000000000005,18.8,357.20000000000005,0,1,At-Risk / Low-Engagement Customers
18041.0,12,458,4097.37,8.94622270742358,4097.37,0,0,High-Value Active Customers
18042.0,54,7,165.04999999999998,23.578571428571426,165.04999999999998,0,1,At-Risk / Low-Engagement Customers
18043.0,25,115,529.29,4.6025217391304345,529.29,0,0,High-Value Active Customers
18044.0,4,127,2088.6,16.445669291338582,2088.6,0,0,High-Value Active Customers
18045.0,45,43,178.34,4.147441860465117,178.34,0,1,At-Risk / Low-Engagement Customers
18048.0,203,7,172.29000000000002,24.612857142857145,172.29000000000002,0,1,At-Risk / Low-Engagement Customers
18050.0,359,5,74.4,14.88,74.4,0,1,At-Risk / Low-Engagement Customers
18053.0,71,20,300.02,15.001,300.02,0,1,At-Risk / Low-Engagement Customers
18055.0,7,358,6761.34,18.88642458100559,6761.34,0,0,High-Value Active Customers
18056.0,288,19,363.65,19.139473684210525,363.65,0,1,At-Risk / Low-Engagement Customers
18058.0,10,3,170.16,56.72,170.16,0,1,At-Risk / Low-Engagement Customers
18059.0,23,18,306.46,17.025555555555556,306.46,0,1,At-Risk / Low-Engagement Customers
18061.0,22,46,2119.41,46.0741304347826,2119.41,0,0,High-Value Active Customers
18062.0,173,27,720.52,26.685925925925925,720.52,0,1,At-Risk / Low-Engagement Customers
18064.0,133,7,814.0,116.28571428571429,814.0,0,1,At-Risk / Low-Engagement Customers
18065.0,6,136,2372.93,17.44801470588235,2372.93,0,0,High-Value Active Customers
18066.0,75,10,318.0,31.8,318.0,0,1,At-Risk / Low-Engagement Customers
18067.0,40,37,396.33,10.711621621621621,396.33,0,1,At-Risk / Low-Engagement Customers
18068.0,289,1,101.69999999999999,101.69999999999999,101.69999999999999,0,1,At-Risk / Low-Engagement Customers
18069.0,26,457,2009.24,4.396586433260394,2009.24,0,0,High-Value Active Customers
18071.0,258,25,453.0,18.12,453.0,0,1,At-Risk / Low-Engagement Customers
18072.0,186,18,247.44,13.746666666666666,247.44,0,1,At-Risk / Low-Engagement Customers
18073.0,114,72,3859.82,53.60861111111112,3859.82,0,0,High-Value Active Customers
18074.0,374,13,489.6,37.66153846153846,489.6,0,1,At-Risk / Low-Engagement Customers
18075.0,23,142,2611.75,18.392605633802816,2611.75,0,0,High-Value Active Customers
18077.0,8,223,2584.41,11.589282511210762,2584.41,0,0,High-Value Active Customers
18078.0,217,29,336.13,11.590689655172413,336.13,0,1,At-Risk / Low-Engagement Customers
18079.0,45,123,3613.15,29.37520325203252,3613.15,0,0,High-Value Active Customers
18080.0,19,2,1231.5,615.75,1231.5,0,1,At-Risk / Low-Engagement Customers
18081.0,36,17,343.45,20.20294117647059,343.45,0,1,At-Risk / Low-Engagement Customers
18082.0,26,70,680.84,9.726285714285714,680.84,0,0,High-Value Active Customers
18084.0,16,1,90.47999999999999,90.47999999999999,90.47999999999999,0,1,At-Risk / Low-Engagement Customers
18085.0,330,29,689.95,23.79137931034483,689.95,0,1,At-Risk / Low-Engagement Customers
18086.0,274,7,101.34,14.477142857142857,101.34,0,1,At-Risk / Low-Engagement Customers
18087.0,98,2,4055.7199999999993,2027.8599999999997,4055.7199999999993,0,1,At-Risk / Low-Engagement Customers
18088.0,61,37,166.03,4.487297297297298,166.03,0,1,At-Risk / Low-Engagement Customers
18092.0,2,89,9068.26,101.89056179775281,9068.26,0,0,High-Value Active Customers
18093.0,93,36,2106.52,58.51444444444444,2106.52,0,0,High-Value Active Customers
18094.0,82,70,3017.3,43.104285714285716,3017.3,0,0,High-Value Active Customers
18095.0,313,21,580.0500000000001,27.621428571428574,580.0500000000001,0,1,At-Risk / Low-Engagement Customers
18096.0,12,196,849.06,4.331938775510204,849.06,0,0,High-Value Active Customers
18097.0,8,106,2662.4,25.116981132075473,2662.4,0,0,High-Value Active Customers
18099.0,127,19,168.31,8.858421052631579,168.31,0,1,At-Risk / Low-Engagement Customers
18101.0,11,40,222.4,5.5600000000000005,222.4,0,1,At-Risk / Low-Engagement Customers
18102.0,1,430,258741.3,601.7239534883721,258741.3,1,0,High-Value Active Customers
18104.0,37,38,754.64,19.858947368421052,754.64,0,1,At-Risk / Low-Engagement Customers
18105.0,38,18,113.48000000000002,6.304444444444446,113.48000000000002,0,1,At-Risk / Low-Engagement Customers
18106.0,330,37,421.9,11.402702702702703,421.9,0,1,At-Risk / Low-Engagement Customers
18108.0,254,17,271.0,15.941176470588236,271.0,0,1,At-Risk / Low-Engagement Customers
18109.0,2,441,8004.92,18.151746031746033,8004.92,0,0,High-Value Active Customers
18110.0,20,37,198.8,5.372972972972973,198.8,0,1,At-Risk / Low-Engagement Customers
18112.0,12,26,352.69,13.565,352.69,0,1,At-Risk / Low-Engagement Customers
18113.0,369,1,76.32000000000001,76.32000000000001,76.32000000000001,0,1,At-Risk / Low-Engagement Customers
18114.0,290,28,220.1,7.860714285714286,220.1,0,1,At-Risk / Low-Engagement Customers
18116.0,68,369,1400.6100000000001,3.7956910569105693,1400.6100000000001,0,0,High-Value Active Customers
18117.0,26,72,315.65,4.384027777777778,315.65,0,1,At-Risk / Low-Engagement Customers
18118.0,11,1263,5625.08,4.453745051464766,5625.08,0,0,High-Value Active Customers
18119.0,368,29,180.7,6.23103448275862,180.7,0,1,At-Risk / Low-Engagement Customers
18120.0,214,17,111.15,6.538235294117648,111.15,0,1,At-Risk / Low-Engagement Customers
18121.0,149,31,653.3,21.074193548387097,653.3,0,1,At-Risk / Low-Engagement Customers
18122.0,8,356,1791.81,5.033174157303371,1791.81,0,0,High-Value Active Customers
18123.0,24,34,574.4399999999999,16.895294117647058,574.4399999999999,0,1,At-Risk / Low-Engagement Customers
18125.0,30,192,1131.75,5.89453125,1131.75,0,0,High-Value Active Customers
18126.0,61,52,200.92000000000002,3.863846153846154,200.92000000000002,0,1,At-Risk / Low-Engagement Customers
18127.0,19,46,347.08,7.545217391304347,347.08,0,1,At-Risk / Low-Engagement Customers
18129.0,243,14,112.55000000000001,8.039285714285715,112.55000000000001,0,1,At-Risk / Low-Engagement Customers
18130.0,15,70,1059.39,15.134142857142859,1059.39,0,0,High-Value Active Customers
18133.0,212,1,931.4999999999999,931.4999999999999,931.4999999999999,0,1,At-Risk / Low-Engagement Customers
18135.0,29,20,681.9100000000001,34.0955,681.9100000000001,0,1,At-Risk / Low-Engagement Customers
18136.0,63,38,784.33,20.640263157894736,784.33,0,1,At-Risk / Low-Engagement Customers
18138.0,295,8,152.65,19.08125,152.65,0,1,At-Risk / Low-Engagement Customers
18139.0,18,159,8438.34,53.07132075471698,8438.34,0,0,High-Value Active Customers
18142.0,157,15,1019.52,67.968,1019.52,0,1,At-Risk / Low-Engagement Customers
18143.0,117,61,1000.16,16.396065573770493,1000.16,0,1,At-Risk / Low-Engagement Customers
18144.0,8,43,2888.75,67.18023255813954,2888.75,0,0,High-Value Active Customers
18145.0,13,221,2861.55,12.94819004524887,2861.55,0,0,High-Value Active Customers
18146.0,141,10,160.35000000000002,16.035000000000004,160.35000000000002,0,1,At-Risk / Low-Engagement Customers
18147.0,46,7,179.33999999999997,25.619999999999997,179.33999999999997,0,1,At-Risk / Low-Engagement Customers
18149.0,51,16,612.0799999999999,38.254999999999995,612.0799999999999,0,1,At-Risk / Low-Engagement Customers
18150.0,32,37,566.58,15.312972972972974,566.58,0,1,At-Risk / Low-Engagement Customers
18151.0,135,38,653.35,17.193421052631578,653.35,0,1,At-Risk / Low-Engagement Customers
18154.0,3,21,399.19,19.009047619047617,399.19,0,0,High-Value Active Customers
18155.0,75,25,371.62,14.8648,371.62,0,1,At-Risk / Low-Engagement Customers
18156.0,13,122,675.64,5.538032786885246,675.64,0,0,High-Value Active Customers
18158.0,9,34,453.4,13.335294117647058,453.4,0,0,High-Value Active Customers
18159.0,301,23,530.15,23.05,530.15,0,1,At-Risk / Low-Engagement Customers
18160.0,57,39,638.0600000000001,16.36051282051282,638.0600000000001,0,1,At-Risk / Low-Engagement Customers
18161.0,15,80,1618.69,20.233625,1618.69,0,0,High-Value Active Customers
18164.0,37,24,399.65000000000003,16.652083333333334,399.65000000000003,0,1,At-Risk / Low-Engagement Customers
18165.0,177,10,302.46000000000004,30.246000000000002,302.46000000000004,0,1,At-Risk / Low-Engagement Customers
18167.0,23,37,1384.8600000000001,37.428648648648654,1384.8600000000001,0,0,High-Value Active Customers
18168.0,176,130,1160.04,8.923384615384615,1160.04,0,0,High-Value Active Customers
18169.0,61,9,202.65,22.516666666666666,202.65,0,1,At-Risk / Low-Engagement Customers
18170.0,33,38,980.31,25.797631578947367,980.31,0,0,High-Value Active Customers
18171.0,59,54,1231.31,22.802037037037035,1231.31,0,0,High-Value Active Customers
18172.0,15,188,7546.08,40.138723404255316,7546.08,0,0,High-Value Active Customers
18173.0,87,31,2106.84,67.9625806451613,2106.84,0,1,At-Risk / Low-Engagement Customers
18174.0,7,1,104.0,104.0,104.0,0,1,At-Risk / Low-Engagement Customers
18176.0,358,30,476.35,15.878333333333334,476.35,0,1,At-Risk / Low-Engagement Customers
18177.0,31,73,1340.8700000000001,18.368082191780825,1340.8700000000001,0,0,High-Value Active Customers
18178.0,129,97,1590.81,16.400103092783503,1590.81,0,0,High-Value Active Customers
18179.0,9,90,1793.17,19.924111111111113,1793.17,0,0,High-Value Active Customers
18180.0,5,119,1843.75,15.493697478991596,1843.75,0,0,High-Value Active Customers
18181.0,24,41,366.85,8.947560975609756,366.85,0,1,At-Risk / Low-Engagement Customers
18183.0,227,37,632.07,17.082972972972975,632.07,0,1,At-Risk / Low-Engagement Customers
18184.0,15,1,49.8,49.8,49.8,0,1,At-Risk / Low-Engagement Customers
18185.0,249,17,304.25,17.897058823529413,304.25,0,1,At-Risk / Low-Engagement Customers
18188.0,15,71,2001.04,28.183661971830986,2001.04,0,0,High-Value Active Customers
18189.0,78,68,1090.24,16.032941176470587,1090.24,0,0,High-Value Active Customers
18190.0,192,15,284.46000000000004,18.964000000000002,284.46000000000004,0,1,At-Risk / Low-Engagement Customers
18191.0,262,7,207.79999999999998,29.685714285714283,207.79999999999998,0,1,At-Risk / Low-Engagement Customers
18192.0,72,45,957.97,21.288222222222224,957.97,0,1,At-Risk / Low-Engagement Customers
18193.0,165,16,243.76,15.235,243.76,0,1,At-Risk / Low-Engagement Customers
18194.0,82,7,973.8399999999999,139.11999999999998,973.8399999999999,0,1,At-Risk / Low-Engagement Customers
18196.0,95,139,686.63,4.93978417266187,686.63,0,0,High-Value Active Customers
18198.0,4,159,5425.56,34.12301886792453,5425.56,0,0,High-Value Active Customers
18200.0,106,30,150.35,5.011666666666667,150.35,0,1,At-Risk / Low-Engagement Customers
18202.0,200,68,1396.99,20.543970588235293,1396.99,0,1,At-Risk / Low-Engagement Customers
18203.0,157,19,160.42000000000002,8.443157894736842,160.42000000000002,0,1,At-Risk / Low-Engagement Customers
18204.0,71,192,1975.35,10.288281249999999,1975.35,0,0,High-Value Active Customers
18205.0,36,32,517.36,16.1675,517.36,0,1,At-Risk / Low-Engagement Customers
18209.0,29,8,139.10000000000002,17.387500000000003,139.10000000000002,0,1,At-Risk / Low-Engagement Customers
18210.0,2,134,2621.38,19.562537313432838,2621.38,0,0,High-Value Active Customers
18211.0,26,42,600.07,14.287380952380953,600.07,0,1,At-Risk / Low-Engagement Customers
18212.0,326,34,216.07,6.3549999999999995,216.07,0,1,At-Risk / Low-Engagement Customers
18213.0,237,15,232.48000000000002,15.498666666666669,232.48000000000002,0,1,At-Risk / Low-Engagement Customers
18215.0,89,13,299.34000000000003,23.02615384615385,299.34000000000003,0,1,At-Risk / Low-Engagement Customers
18216.0,31,26,481.75,18.528846153846153,481.75,0,1,At-Risk / Low-Engagement Customers
18217.0,29,31,621.75,20.056451612903224,621.75,0,1,At-Risk / Low-Engagement Customers
18218.0,211,20,641.92,32.096,641.92,0,1,At-Risk / Low-Engagement Customers
18219.0,3,114,2069.77,18.155877192982455,2069.77,0,0,High-Value Active Customers
18220.0,227,2,305.28000000000003,152.64000000000001,305.28000000000003,0,1,At-Risk / Low-Engagement Customers
18221.0,22,64,1041.61,16.27515625,1041.61,0,0,High-Value Active Customers
18222.0,93,19,443.0,23.31578947368421,443.0,0,1,At-Risk / Low-Engagement Customers
18223.0,5,272,6484.54,23.840220588235294,6484.54,0,0,High-Value Active Customers
18224.0,264,10,158.95000000000002,15.895000000000001,158.95000000000002,0,1,At-Risk / Low-Engagement Customers
18225.0,3,269,5504.96,20.46453531598513,5504.96,0,0,High-Value Active Customers
18226.0,44,242,5228.05,21.603512396694217,5228.05,0,0,High-Value Active Customers
18227.0,218,5,93.75,18.75,93.75,0,1,At-Risk / Low-Engagement Customers
18228.0,57,30,779.9,25.996666666666666,779.9,0,1,At-Risk / Low-Engagement Customers
18229.0,12,164,7276.900000000001,44.37134146341464,7276.900000000001,0,0,High-Value Active Customers
18230.0,9,86,2810.2000000000003,32.67674418604651,2810.2000000000003,0,0,High-Value Active Customers
18231.0,192,123,2071.77,16.843658536585366,2071.77,0,0,High-Value Active Customers
18232.0,82,37,592.97,16.026216216216216,592.97,0,1,At-Risk / Low-Engagement Customers
18233.0,326,1,440.0,440.0,440.0,0,1,At-Risk / Low-Engagement Customers
18235.0,72,104,1796.48,17.273846153846154,1796.48,0,0,High-Value Active Customers
18236.0,30,49,882.24,18.004897959183673,882.24,0,0,High-Value Active Customers
18237.0,3,61,987.1,16.181967213114753,987.1,0,0,High-Value Active Customers
18239.0,219,88,1561.6100000000001,17.745568181818182,1561.6100000000001,0,1,At-Risk / Low-Engagement Customers
18240.0,46,6,422.58,70.42999999999999,422.58,0,1,At-Risk / Low-Engagement Customers
18241.0,10,104,2073.09,19.933557692307694,2073.09,0,0,High-Value Active Customers
18242.0,72,78,2232.4900000000002,28.62166666666667,2232.4900000000002,0,0,High-Value Active Customers
18245.0,7,175,2567.06,14.668914285714285,2567.06,0,0,High-Value Active Customers
18246.0,24,4,596.1,149.025,596.1,0,1,At-Risk / Low-Engagement Customers
18248.0,123,47,804.02,17.1068085106383,804.02,0,1,At-Risk / Low-Engagement Customers
18249.0,17,8,95.34,11.9175,95.34,0,1,At-Risk / Low-Engagement Customers
18250.0,310,21,349.27,16.63190476190476,349.27,0,1,At-Risk / Low-Engagement Customers
18251.0,87,16,4314.72,269.67,4314.72,0,0,High-Value Active Customers
18252.0,51,94,518.27,5.5135106382978725,518.27,0,0,High-Value Active Customers
18255.0,89,6,103.3,17.216666666666665,103.3,0,1,At-Risk / Low-Engagement Customers
18257.0,39,118,2337.63,19.81042372881356,2337.63,0,0,High-Value Active Customers
18259.0,25,42,2338.6000000000004,55.68095238095239,2338.6000000000004,0,0,High-Value Active Customers
18260.0,173,133,2628.35,19.76203007518797,2628.35,0,0,High-Value Active Customers
18261.0,43,21,324.24,15.440000000000001,324.24,0,1,At-Risk / Low-Engagement Customers
18262.0,140,13,149.48,11.498461538461537,149.48,0,1,At-Risk / Low-Engagement Customers
18263.0,26,61,1213.1599999999999,19.887868852459015,1213.1599999999999,0,0,High-Value Active Customers
18265.0,72,46,801.51,17.424130434782608,801.51,0,1,At-Risk / Low-Engagement Customers
18268.0,134,1,25.5,25.5,25.5,0,1,At-Risk / Low-Engagement Customers
18269.0,366,7,168.6,24.085714285714285,168.6,0,1,At-Risk / Low-Engagement Customers
18270.0,38,11,283.15,25.74090909090909,283.15,0,1,At-Risk / Low-Engagement Customers
18272.0,3,166,3078.58,18.54566265060241,3078.58,0,0,High-Value Active Customers
18273.0,2,3,204.0,68.0,204.0,0,1,At-Risk / Low-Engagement Customers
18274.0,30,11,175.92,15.992727272727272,175.92,0,1,At-Risk / Low-Engagement Customers
18276.0,44,14,335.86,23.990000000000002,335.86,0,1,At-Risk / Low-Engagement Customers
18277.0,58,8,110.38,13.7975,110.38,0,1,At-Risk / Low-Engagement Customers
18278.0,74,9,173.9,19.322222222222223,173.9,0,1,At-Risk / Low-Engagement Customers
18280.0,278,10,180.60000000000002,18.060000000000002,180.60000000000002,0,1,At-Risk / Low-Engagement Customers
18281.0,181,7,80.82,11.545714285714284,80.82,0,1,At-Risk / Low-Engagement Customers
18282.0,8,12,178.05,14.8375,178.05,0,1,At-Risk / Low-Engagement Customers
18283.0,4,721,2045.53,2.8370735090152563,2045.53,0,0,High-Value Active Customers
18287.0,43,70,1837.28,26.24685714285714,1837.28,0,0,High-Value Active Customers
